t_ros_s,t_elapsed_s,tf_stamp_s,tf_age_s,x_map_m,y_map_m,yaw_rad,v_m_s,w_rad_s,dose_rate_uSv_h,exposure_valid_uSv,path_valid_m,covered_s,status
105.3,0.02599999999999625,105.28,0.01999999999999602,11.334605513270088,1.4947042045268635,1.5837967467467835,1.758921014265731e-18,-4.486724207316542e-05,236034.75952148438,0.0,0.0,0.0,first_sample
105.403,0.1290000000000049,105.38,0.023000000000010346,11.334605513270088,1.4947042045268635,1.5837923543416872,1.6511226153004347e-18,-0.0001957464675436333,236034.75952148438,6.556521097818638,0.0,0.09999999999999432,ok
105.501,0.22700000000000387,105.48,0.021000000000000796,11.334605513270088,1.4947042045268635,1.5837912207007285,1.5499308203429716e-18,0.0002702874755374265,236034.75952148438,13.113042195638208,0.0,0.20000000000000284,ok
105.6,0.3259999999999934,105.58,0.01999999999999602,11.334605513270088,1.4947042045268635,1.5838046384967288,1.4549407327633811e-18,0.0003611869873345131,236034.75952148438,19.669563293456847,0.0,0.29999999999999716,ok
105.7,0.42600000000000193,105.68,0.01999999999999602,11.334605513270088,1.4947042045268635,1.5837954250425519,1.3657722706432598e-18,0.00019644066295113099,236034.75952148438,26.226084391276416,0.0,0.4000000000000057,ok
105.8,0.5259999999999962,105.78,0.01999999999999602,11.334605513270088,1.4947042045268635,1.5838023992942298,1.2820686460033973e-18,-0.00013559132653046053,236034.75952148438,32.782605489095054,0.0,0.5,ok
105.9,0.6260000000000048,105.88,0.020000000000010232,11.334605513270088,1.4947042045268635,1.5838211560161435,1.2034949372305958e-18,-0.00025122684910742024,236034.75952148438,39.33912658691369,0.0,0.5999999999999943,ok
106.0,0.7259999999999991,105.98,0.01999999999999602,11.334605513270088,1.4947042045268635,1.5838191260748193,1.1297367488471672e-18,-0.00033102377858709394,236034.75952148438,45.89564768473326,0.0,0.7000000000000028,ok
106.1,0.8259999999999934,106.08,0.01999999999999602,11.334605513270088,1.4947042045268635,1.583808549018074,1.060498953574402e-18,0.00020448872547424734,236034.75952148438,52.4521687825519,0.0,0.7999999999999972,ok
106.2,0.9260000000000019,106.18,0.01999999999999602,11.334605513270088,1.4947042045268635,1.583810110467951,9.95504511843245e-19,0.0002964270178640527,236034.75952148438,59.00868988037147,0.0,0.9000000000000057,ok
106.3,1.0259999999999962,106.28,0.01999999999999602,11.334605513270088,1.4947042045268635,1.5838289375323877,9.34493362491779e-19,0.0001616135791605514,236034.75952148438,65.56521097819011,0.0,1.0,ok
106.401,1.1269999999999953,106.38,0.021000000000000796,11.334605513270088,1.4947042045268635,1.5838194757255637,8.772213828824696e-19,-0.0002402724966254182,236034.75952148438,72.12173207600874,0.0,1.0999999999999943,ok
106.5,1.225999999999999,106.48,0.01999999999999602,11.334605513270088,1.4947042045268635,1.583805562475096,8.234594118253581e-19,-0.00020140145291603495,236034.75952148438,78.67825317382831,0.0,1.2000000000000028,ok
106.6,1.3259999999999934,106.58,0.01999999999999602,11.334605513270088,1.4947042045268635,1.58379469508787,7.729923325304153e-19,8.918883892524592e-05,236034.75952148438,85.23477427164694,0.0,1.2999999999999972,ok
106.7,1.426000000000002,106.68,0.01999999999999602,11.334605513270088,1.4947042045268635,1.5837980232287272,7.256182120549563e-19,-4.0597657591434963e-05,236034.75952148438,91.79129536946651,0.0,1.4000000000000057,ok
106.8,1.5259999999999962,106.783,0.016999999999995907,11.334605513270088,1.4947042045268681,1.5837983721174378,3.966468717949547e-13,0.00016421102078487812,236034.75952148438,98.54451210021972,4.6629367034256575e-15,1.5030000000000001,ok
106.9,1.6260000000000048,106.88,0.020000000000010232,11.334605513270088,1.4947042045268637,1.5838068789847242,6.39404123942409e-19,0.00015141018530690948,236034.75952148438,104.90433756510377,9.103828801926284e-15,1.5999999999999943,ok
107.0,1.725999999999999,106.98,0.01999999999999602,11.334605513270088,1.4947042045268637,1.5838141266400074,6.00216970113857e-19,0.00011417557057323988,236034.75952148438,111.46085866292334,9.103828801926284e-15,1.7000000000000028,ok
107.1,1.8259999999999934,107.08,0.01999999999999602,11.334605513270088,1.4947042045268637,1.5838037523364525,5.634315022762647e-19,3.063054716042298e-05,236034.75952148438,118.01737976074197,9.103828801926284e-15,1.7999999999999972,ok
107.2,1.926000000000002,107.18,0.01999999999999602,11.334605513270088,1.4947042045268637,1.5838078865871055,5.289005228722247e-19,0.00011576882627977416,236034.75952148438,124.57390085856154,9.103828801926284e-15,1.9000000000000057,ok
107.302,2.028000000000006,107.28,0.02200000000000557,11.334605513270088,1.4947042045268637,1.5838062554546963,4.964858566916525e-19,-2.6887569916849135e-05,236034.75952148438,131.1304219563802,9.103828801926284e-15,2.0,ok
107.4,2.1260000000000048,107.38,0.020000000000010232,11.334605513270088,1.4947042045268637,1.5838055577895658,4.660577975836811e-19,0.00010123490443700101,236034.75952148438,137.68694305419882,9.103828801926284e-15,2.0999999999999943,ok
107.5,2.225999999999999,107.48,0.01999999999999602,11.334605513270088,1.4947042045268637,1.5838055874422592,4.37494589600755e-19,0.0002537127486702968,236034.75952148438,144.2434641520184,9.103828801926284e-15,2.200000000000003,ok
107.6,2.3259999999999934,107.58,0.01999999999999602,11.334605513270088,1.4947042045268637,1.5838034543400323,4.1068193931850804e-19,-0.00010662440272987449,236034.75952148438,150.79998524983702,9.103828801926284e-15,2.299999999999997,ok
107.7,2.426000000000002,107.68,0.01999999999999602,11.334605513270088,1.4947042045268637,1.583797379454836,3.855125584226558e-19,4.5326430394010713e-05,236034.75952148438,157.3565063476566,9.103828801926284e-15,2.4000000000000057,ok
107.8,2.5259999999999962,107.78,0.01999999999999602,11.334605513270088,1.4947042045268637,1.5837879650758189,3.618857344676893e-19,0.00014463198173232463,236034.75952148438,163.91302744547522,9.103828801926284e-15,2.5,ok
107.9,2.6260000000000048,107.88,0.020000000000010232,11.334605513270088,1.4947042045268637,1.583773183172578,3.3970692763642355e-19,-0.00012129731855993893,236034.75952148438,170.46954854329385,9.103828801926284e-15,2.5999999999999943,ok
108.0,2.725999999999999,107.98,0.01999999999999602,11.334605513270088,1.4947042045268637,1.5837756173045903,3.188873923896857e-19,0.00018997502541837264,236034.75952148438,177.02606964111342,9.103828801926284e-15,2.700000000000003,ok
108.1,2.8259999999999934,108.08,0.01999999999999602,11.334605513270088,1.4947042045268637,1.5837667599495093,2.993438223653118e-19,-0.0002641144645135941,236034.75952148438,183.58259073893205,9.103828801926284e-15,2.799999999999997,ok
108.2,2.926000000000002,108.18,0.01999999999999602,11.334605513270088,1.4947042045268637,1.5837559811556017,2.809980170370826e-19,-8.152904033650975e-05,236034.75952148438,190.13911183675162,9.103828801926284e-15,2.9000000000000057,ok
108.3,3.0259999999999962,108.28,0.01999999999999602,11.334605513270088,1.4947042045268637,1.5837541765998475,2.6377656856849863e-19,-0.0002035589899840566,236034.75952148438,196.69563293457026,9.103828801926284e-15,3.0,ok
108.4,3.1260000000000048,108.38,0.020000000000010232,11.334605513270088,1.4947042045268637,1.5837613849891918,2.4761056830603637e-19,-0.0001141015838977934,236034.75952148438,203.2521540323889,9.103828801926284e-15,3.0999999999999943,ok
108.5,3.225999999999999,108.48,0.01999999999999602,11.334605513270088,1.4947042045268637,1.5837489954690125,2.324353307914274e-19,0.00031595958563467816,236034.75952148438,209.80867513020846,9.103828801926284e-15,3.200000000000003,ok
108.6,3.3259999999999934,108.58,0.01999999999999602,11.334605513270088,1.4947042045268637,1.5837534675855471,2.1819013499003795e-19,-5.40968392274215e-05,236034.75952148438,216.3651962280271,9.103828801926284e-15,3.299999999999997,ok
108.7,3.426000000000002,108.68,0.01999999999999602,11.334605513270088,1.4947042045268637,1.5837617577470648,2.0481798147317133e-19,-0.0003564755881687813,236034.75952148438,222.92171732584666,9.103828801926284e-15,3.4000000000000057,ok
108.8,3.5259999999999962,108.78,0.01999999999999602,11.334605513270088,1.4947042045268637,1.5837470657531942,1.9226536403968049e-19,-0.000508802199494895,236034.75952148438,229.4782384236653,9.103828801926284e-15,3.5,ok
108.9,3.6260000000000048,108.88,0.020000000000010232,11.334605513270088,1.4947042045268637,1.5837282837077669,1.804820558147558e-19,-8.453297114117088e-05,236034.75952148438,236.03475952148392,9.103828801926284e-15,3.5999999999999943,ok
109.001,3.727000000000004,108.98,0.021000000000000796,11.334605513270088,1.4947042045268637,1.583722830289002,1.6942090822292292e-19,-2.212317291946502e-05,236034.75952148438,242.5912806193035,9.103828801926284e-15,3.700000000000003,ok
109.1,3.8259999999999934,109.08,0.01999999999999602,11.334605513270088,1.4947042045268637,1.5837147716846571,1.590376622672706e-19,-0.00016791555897010464,236034.75952148438,249.14780171712212,9.103828801926284e-15,3.799999999999997,ok
109.2,3.926000000000002,109.18,0.01999999999999602,11.334605513270088,1.4947042045268637,1.5837211197331207,1.4929077147119834e-19,0.00022798841801927074,236034.75952148438,255.7043228149417,9.103828801926284e-15,3.9000000000000057,ok
109.316,4.042000000000002,109.26,0.055999999999997385,11.334605513270088,1.4947042045268637,1.5837290400725366,1.4014123563702463e-19,-0.00018257103583714924,236034.75952148438,260.9495396931968,9.103828801926284e-15,3.980000000000004,ok
109.4,4.126000000000005,109.38,0.020000000000010232,11.334596829521198,1.4953742003538408,1.583309878500563,0.04899992117142339,-0.06646902651992423,236034.75952148438,268.817365010579,0.0006700520992234495,4.099999999999994,ok
109.5,4.225999999999999,109.48,0.01999999999999602,11.334489973330323,1.510273879557748,1.567455983957488,0.24899992599861698,-0.2967899949975744,238495.42236328125,275.40806198120134,0.015570114469055008,4.200000000000003,ok
109.6,4.325999999999993,109.58,0.01999999999999602,11.33505985087718,1.5434738860690795,1.5285126608644521,0.4035411078722905,-0.5264655779563248,238495.42236328125,282.03293482462544,0.048775011589372544,4.299999999999997,ok
109.7,4.426000000000002,109.68,0.01999999999999602,11.337875573571774,1.5868441607839585,1.4662962355270157,0.5061619840056388,-0.7565471335453939,240957.9315185547,288.692009184096,0.09223659259072271,4.400000000000006,ok
109.8,4.525999999999996,109.78,0.01999999999999602,11.34566890117096,1.6436104637429325,1.3812252981775737,0.6000000368390758,-0.9996271788561263,243421.7529296875,295.4195048014323,0.14953536314209023,4.5,ok
109.9,4.626000000000005,109.88,0.020000000000010232,11.3594994583486,1.7019745545810352,1.2717059464176141,0.6000000360368446,-1.2115955437136412,246888.82446289062,302.2293739318844,0.20951578837568005,4.599999999999994,ok
110.0,4.725999999999999,109.98,0.01999999999999602,11.379938134752086,1.7583687106012944,1.1559644074373099,0.6000000352926449,-1.1754007851779122,249340.7440185547,309.1214512719051,0.2694994555390319,4.700000000000003,ok
110.1,4.825999999999993,110.08,0.01999999999999602,11.406813715102619,1.8120023454202356,1.0366514987524038,0.6000000345942832,-1.1324034714195312,250298.00415039062,316.0608783298067,0.3294899848171561,4.799999999999997,ok
110.201,4.9269999999999925,110.18,0.020999999999986585,11.43975621487352,1.8621562509095548,0.92613995761129,0.6000000339357531,-1.0166788625465948,252735.4278564453,323.0474537743467,0.3894951723178002,4.900000000000006,ok
110.3,5.025999999999996,110.28,0.01999999999999602,11.477804887381653,1.908575266265001,0.8262892023813413,0.600000033316016,-1.0498464423674132,253646.39282226562,330.0805346171062,0.44951538946336106,5.0,ok
110.4,5.126000000000005,110.38,0.020000000000010232,11.520354314594188,1.950915498301248,0.7256822366705092,0.6000000327350834,-0.9453414121850281,254525.03967285156,337.138471179538,0.509541625435626,5.099999999999994,ok
110.5,5.225999999999999,110.48,0.01999999999999602,11.566770848468536,1.9889948146755236,0.637911336061878,0.6000000321899209,-0.7609640255042118,252977.99682617188,344.18712446424723,0.5695793548433965,5.200000000000003,ok
110.6,5.325999999999993,110.58,0.01999999999999602,11.616078884005999,2.0232666521688634,0.5717928221974661,0.6000000316783474,-0.5186085388119567,253807.55615234375,351.2258127000596,0.6296280118952704,5.299999999999997,ok
110.7,5.426000000000002,110.68,0.01999999999999602,11.67021824429467,2.0522757696722937,0.5171884539482567,0.6000000311981373,-0.37811972743818884,254605.3924560547,358.2871036529546,0.6910495002425447,5.400000000000006,ok
110.8,5.525999999999996,110.78,0.01999999999999602,11.722855869466333,2.081186926036656,0.48958968552030807,0.6000000307471909,-0.12255463505351621,253021.9268798828,365.3374830881756,0.7511042631347339,5.5,ok
110.9,5.626000000000005,110.88,0.020000000000010232,11.775993532492498,2.109162128807191,0.4847960194517115,0.6000000303238816,0.043917573799523935,253772.59826660156,372.3762959374319,0.8111561007580309,5.599999999999994,ok
111.0,5.725999999999999,110.98,0.01999999999999602,11.829102474975205,2.1371785438823117,0.490292713950768,0.6000000299265155,0.07801537411976797,252171.1883544922,379.4032929738366,0.8712017441078437,5.700000000000003,ok
111.1,5.825999999999993,111.08,0.01999999999999602,11.881974319717624,2.1633567823675928,0.4995350611655041,0.6000000295535026,0.12421436704164553,252876.220703125,386.41784032185865,0.9301994740358569,5.799999999999997,ok
111.2,5.926000000000002,111.18,0.01999999999999602,11.934496834267243,2.191864992047412,0.5198989090717132,0.6000000292033504,0.24504242411577964,251258.51440429688,393.4197116427957,0.9899601011557545,5.900000000000006,ok
111.3,6.025999999999996,111.28,0.01999999999999602,11.98632641000779,2.222146617272848,0.5440732150980033,0.6000000288732368,0.21541193789257507,251919.43359375,400.40829425387926,1.0499874428238543,6.0,ok
111.44,6.165999999999997,111.38,0.060000000000002274,12.037433914475065,2.253623458089281,0.5677814313751574,0.6000000285661099,0.34615806558147466,252550.81176757812,407.41482543945284,1.1100105093954282,6.099999999999994,ok
111.5,6.225999999999999,111.48,0.01999999999999602,12.087535271853891,2.2866651150418007,0.6117631626558698,0.6000000282764717,0.5096741143559005,250905.57861328125,414.4072753058543,1.1700263165246247,6.200000000000003,ok
111.6,6.325999999999993,111.58,0.01999999999999602,12.1359217153277,2.322158695596709,0.6682404644856944,0.6000000280045845,0.5992120264060754,251495.25451660156,421.38506465488,1.2300350006682712,6.299999999999997,ok
111.7,6.426000000000002,111.68,0.01999999999999602,12.179207944495756,2.362792759952507,0.746004046874632,0.6000000277497156,0.7441826724980084,252056.53381347656,428.37883949279836,1.2894052358173804,6.400000000000006,ok
111.8,6.525999999999996,111.78,0.01999999999999602,12.222106239966426,2.4047400745542933,0.8125883910703089,0.6000000275094228,0.5200853489191861,252589.73693847656,435.387815475464,1.3494039104409927,6.5,ok
111.9,6.626000000000005,111.88,0.020000000000010232,12.262546921548338,2.4490683176839863,0.8543564286038071,0.6000000272834579,0.2877925336957253,250909.8663330078,442.38086552090084,1.409407592542801,6.599999999999994,ok
112.0,6.725999999999999,111.98,0.01999999999999602,12.301435471174116,2.4947664487947834,0.8813104406370795,0.6000000270735856,0.16550433023903727,251404.8614501953,449.3574589623348,1.4694129129653783,6.700000000000003,ok
112.1,6.825999999999993,112.08,0.01999999999999602,12.339362684209554,2.5412663918903777,0.8936160109797151,0.600000026875586,0.11552085189015794,253573.47106933594,456.3710469139946,1.529418897637984,6.799999999999997,ok
112.2,6.926000000000002,112.18,0.01999999999999602,12.375738745112805,2.589625191608516,0.9035241010403254,0.6000000266893768,-0.060802482526397,254024.79553222656,463.42102283901687,1.5899316344544268,6.900000000000006,ok
112.3,7.025999999999996,112.28,0.01999999999999602,12.412637849008785,2.637086522472177,0.9028549092651927,0.6000000265149241,0.02131444262962748,254449.70703125,470.48316870795367,1.6500492009028138,7.0,ok
112.4,7.126000000000005,112.38,0.020000000000010232,12.449697804022568,2.684278273464282,0.9116256172579327,0.600000026350641,0.1619810210416706,256578.91845703125,477.58078850640163,1.7100533809849083,7.099999999999994,ok
112.5,7.225999999999999,112.48,0.01999999999999602,12.486041195959391,2.732021850341878,0.9370080677018909,0.6000000261969374,0.26395586605176496,256960.5712890625,484.71328141954245,1.7700558081903177,7.200000000000003,ok
112.6,7.325999999999993,112.58,0.01999999999999602,12.52116061012636,2.780672953367201,0.9538018106562414,0.6000000260526647,0.09058909231783357,257316.650390625,491.8560206095377,1.8300583337789271,7.299999999999997,ok
112.7,7.426000000000002,112.68,0.01999999999999602,12.554531084038212,2.833627300773002,0.9678128996558886,0.600000025915646,0.16044662026425097,257647.705078125,499.0083033243821,1.8926502776557217,7.400000000000006,ok
112.8,7.525999999999996,112.78,0.01999999999999602,12.587919909423315,2.884242988192925,0.9804145610726328,0.6000000257897801,0.04094878104941708,259718.3837890625,506.1939434475371,1.95328658256943,7.5,ok
112.9,7.626000000000005,112.88,0.020000000000010232,12.6212937895275,2.9341074816659183,0.977383467161426,0.6000000256701162,-0.17575629444535593,260007.38525390625,513.4123569064668,2.0132889457106162,7.599999999999994,ok
113.0,7.725999999999999,112.98,0.01999999999999602,12.655238466298695,2.9835835887695463,0.9563271395345421,0.6000000255577753,-0.28781893150704835,260272.4609375,520.6384658813481,2.0732899978283124,7.700000000000003,ok
113.1,7.825999999999993,113.08,0.01999999999999602,12.692141734280721,3.0306750066515953,0.9143363790522766,0.6000000254524862,-0.40539783398624357,262300.6896972656,527.8964263068306,2.1331185263568915,7.799999999999997,ok
113.2,7.926000000000002,113.18,0.01999999999999602,12.72985984206107,3.077273163346258,0.8819794890216626,0.6000000253538276,-0.30793790711190394,262524.6887207031,535.1856676737474,2.193068871325626,7.900000000000006,ok
113.3,8.025999999999996,113.28,0.01999999999999602,12.768658769484404,3.1230376567753906,0.8410545661134791,0.6000000252614038,-0.5362768710289654,262725.9826660156,542.4808158874514,2.2530667515217324,8.0,ok
113.4,8.126000000000005,113.38,0.020000000000010232,12.809603284703007,3.166888578230363,0.789580683393776,0.6000000251741333,-0.44096895700049693,262905.21240234375,549.7812491522893,2.313061389939983,8.099999999999994,ok
113.5,8.225999999999999,113.48,0.01999999999999602,12.852593391243339,3.2087391655220387,0.7475103537181529,0.6000000250925558,-0.3133830293686516,263063.0187988281,557.0863634745284,2.373058230831877,8.200000000000003,ok
113.6,8.325999999999993,113.58,0.01999999999999602,12.897112936511125,3.2516553546599574,0.7257930976851245,0.6000000250156334,-0.13932307850802358,265012.51220703125,564.4207458496094,2.434895025711399,8.299999999999997,ok
113.7,8.426000000000002,113.68,0.01999999999999602,12.942172179167379,3.2919496956149814,0.7208407677595319,0.6000000249434144,0.10085233601006774,263200.0427246094,571.7570313347717,2.4953430964974457,8.400000000000006,ok
113.8,8.525999999999996,113.78,0.01999999999999602,12.987008300758323,3.331821523882615,0.741167966883159,0.6000000248759659,0.356219029321855,263316.95556640625,579.0697674221465,2.55534343390251,8.5,ok
113.9,8.626000000000005,113.88,0.020000000000010232,13.030610301307815,3.3730338264752526,0.7835113598278842,0.6000000248121291,0.3802700277662381,263414.4287109375,586.3854810926647,2.6153400032786425,8.599999999999994,ok
114.0,8.725999999999999,113.98,0.01999999999999602,13.072494271977044,3.4159924790069183,0.819936275114637,0.6000000247528935,0.4301147741528948,263493.1335449219,593.7036416795522,2.6753376101172255,8.700000000000003,ok
114.1,8.825999999999993,114.08,0.01999999999999602,13.11263618975741,3.4605807150581955,0.8632904648500977,0.6000000246967769,0.32757241181558233,263553.8024902344,601.0237380133734,2.735333312940428,8.799999999999997,ok
114.2,8.926000000000002,114.18,0.01999999999999602,13.152975268665447,3.5016270801849547,0.8855870122896993,0.600000024644444,0.1541027416428331,263597.0764160156,608.3452779981831,2.7928836854610997,8.900000000000006,ok
114.3,9.025999999999996,114.28,0.01999999999999602,13.191234560773283,3.5469325204536144,0.8896188954139641,0.6000000245949741,-0.10106101037731836,263597.0764160156,615.6674190097386,2.8521825585577267,9.0,ok
114.4,9.126000000000005,114.38,0.020000000000010232,13.229299832376674,3.5933112814778956,0.869262931414026,0.6000000245487027,-0.35720028846970514,263623.6877441406,622.9899296230737,2.9121821783597492,9.099999999999994,ok
114.5,9.225999999999999,114.48,0.01999999999999602,13.268618935593548,3.6386298586661407,0.8409188382535622,0.6000000245050895,-0.19843639677153208,263634.33837890625,630.3129577636722,2.9721802226290928,9.200000000000003,ok
114.605,9.331000000000003,114.56,0.045000000000001705,13.298964461754977,3.6786083416201136,0.824477116142994,0.6000000244646713,-0.290330890077793,265447.1130371094,636.1916405571834,3.022371158636654,9.280000000000001,ok
114.7,9.426000000000002,114.68,0.01999999999999602,13.346877359606472,3.733859794460126,0.7999975188787781,0.6000000244260413,-0.11400362129866683,265426.1779785156,645.0395287407775,3.0955037014712903,9.400000000000006,ok
114.8,9.525999999999996,114.78,0.01999999999999602,13.388788533207025,3.776795554932494,0.7988417910412978,0.6000000243904676,0.14211726798713709,265390.8386230469,652.4119873046877,3.1555039181368683,9.5,ok
114.9,9.626000000000005,114.88,0.020000000000010232,13.430317072010189,3.8201000952379234,0.8199990407400864,0.6000000243567407,0.2394769751393721,265341.9189453125,659.7832756042478,3.215503107682981,9.599999999999994,ok
115.0,9.725999999999999,114.98,0.01999999999999602,13.470850921477782,3.8643369035135295,0.8395651709422388,0.6000000243250807,0.1236242069287981,265280.029296875,667.15302488539,3.2755021756680276,9.700000000000003,ok
115.1,9.825999999999993,115.08,0.01999999999999602,13.51069741153192,3.9091948351552595,0.8518387596865297,0.6000000242953611,0.12196816650728397,265205.9631347656,674.5208858913845,3.3355019823411216,9.799999999999997,ok
115.202,9.927999999999997,115.18,0.02199999999999136,13.553027662835515,3.9512793570590383,0.866487574091631,0.6000000242671076,0.36796416505472496,265120.3918457031,681.8865297105583,3.395192493808985,9.900000000000006,ok
115.3,10.025999999999996,115.28,0.01999999999999602,13.591113040054955,3.9976364000651525,0.9106019154885492,0.6000000242414522,0.509049048543322,265120.3918457031,689.2509850396052,3.455188088599084,10.0,ok
115.4,10.126000000000005,115.38,0.020000000000010232,13.626921236225195,4.045771851369912,0.9622781062438872,0.6000000242166911,0.498038474765845,265023.9562988281,696.6141009860567,3.5151818264829604,10.099999999999994,ok
115.5,10.225999999999999,115.48,0.01999999999999602,13.660333213635235,4.095603104765412,1.0031332987217836,0.6000000241936153,0.4103304765528833,264917.4499511719,703.974398295085,3.575177776758088,10.200000000000003,ok
115.6,10.325999999999993,115.58,0.01999999999999602,13.691665517191705,4.146766226171748,1.049794677063863,0.6000000241705317,0.44295229984836965,266596.5576171875,711.3565372890896,3.635172595185968,10.299999999999997,ok
115.7,10.426000000000002,115.68,0.01999999999999602,13.719502296252626,4.194338167565022,1.0949719863896743,0.6000000241516177,0.4090384252922444,266466.12548828125,718.7601856655551,3.6902904314679885,10.400000000000006,ok
115.8,10.525999999999996,115.78,0.01999999999999602,13.74584788472154,4.246846983468825,1.1286007449116295,0.600000024131996,0.1815883616469352,268121.4599609375,726.1850132412383,3.74903790613195,10.5,ok
115.9,10.626000000000005,115.88,0.020000000000010232,13.771238315210653,4.30120987265667,1.1367446648567647,0.6000000241146101,-0.027723570369814057,269600.09765625,733.6533682081432,3.8090378868092163,10.599999999999994,ok
116.0,10.725999999999999,115.98,0.01999999999999602,13.796555147313448,4.355607310357335,1.1324529897204114,0.6000000240963684,-0.0419423173564965,271222.1984863281,741.1647889879018,3.8690380802765625,10.700000000000003,ok
116.1,10.825999999999993,116.08,0.01999999999999602,13.822111700509897,4.409892502251846,1.1282517537193353,0.6000000240818221,-0.018892257180810067,271033.9660644531,748.6961246066622,3.929038242528899,10.799999999999997,ok
116.2,10.926000000000002,116.18,0.01999999999999602,13.847024038108664,4.468668176844287,1.1367521747655065,0.6000000240671777,0.10010103777027679,272632.5378417969,756.2470482720274,3.9928755708598334,10.900000000000006,ok
116.3,11.025999999999996,116.28,0.01999999999999602,13.871008643264044,4.5288922828642475,1.1508255556809655,0.600000024053264,0.23500449399357137,272424.560546875,763.8172857496475,4.057699981619693,11.0,ok
116.4,11.126000000000005,116.38,0.020000000000010232,13.894669624915931,4.585072922851682,1.1757264857406546,0.6000000240402031,0.13304141279101356,273999.8779296875,771.4065140618216,4.1186598566370245,11.099999999999994,ok
116.503,11.229,116.48,0.022999999999996135,13.91740295041568,4.640598783421236,1.1962203219979075,0.600000024027765,0.3508540130558066,273773.4680175781,779.0144771999786,4.178659233969352,11.200000000000003,ok
116.6,11.325999999999993,116.58,0.01999999999999602,13.937480384461878,4.6967664727386165,1.2354095322075709,0.600000024016256,0.4307197113789542,275325.86669921875,786.6408568488226,4.238307475193492,11.299999999999997,ok
116.7,11.426000000000002,116.68,0.01999999999999602,13.956109591099061,4.753702830859944,1.2723018998072526,0.6000000240056299,0.3414065769940269,276612.2131347656,794.3066635131842,4.298214037572341,11.400000000000006,ok
116.8,11.525999999999996,116.78,0.01999999999999602,13.97303969687288,4.811262680418772,1.3027729878211518,0.600000023995666,0.36533270997715156,278131.9580078125,802.0114436679418,4.35821207722988,11.5,ok
116.9,11.626000000000005,116.88,0.020000000000010232,13.987961643346505,4.869372886878958,1.349454410093213,0.6000000239865012,0.6158692053064951,279641.54052734375,809.758297814263,4.4182075819065405,11.599999999999994,ok
117.0,11.725999999999999,116.98,0.01999999999999602,13.999572602548543,4.928227388516325,1.419875933958296,0.6000000239756107,0.7827103795117836,281140.80810546875,817.5469415452749,4.478196470349102,11.700000000000003,ok
117.1,11.825999999999993,117.08,0.01999999999999602,14.006761112262073,4.987781577371141,1.4934272218589417,0.6000000239688206,0.601804283143217,280845.52001953125,825.3523072136772,4.538182936173126,11.799999999999997,ok
117.2,11.926000000000002,117.18,0.01999999999999602,14.010078802047701,5.047683465257605,1.5433672395338216,0.6000000239607681,0.3725076180787286,282322.6318359375,833.1740871005594,4.598176629490641,11.900000000000006,ok
117.3,12.025999999999996,117.28,0.01999999999999602,14.010829167769806,5.107675778743112,1.5806259616785412,0.6000000239537313,0.33459232890889884,285245.5139160156,841.0569780137805,4.658173635466442,12.0,ok
117.4,12.126000000000005,117.38,0.020000000000010232,14.009558289400713,5.167661034017606,1.6038563265840384,0.6000000239467922,0.07855655859688436,286691.1315917969,849.000542534722,4.718172351970841,12.099999999999994,ok
117.5,12.225999999999999,117.48,0.01999999999999602,14.007508107208185,5.227626281967954,1.6014944408622394,0.6000000239402784,-0.17677678124005017,288126.0986328125,856.984115176731,4.77817263704324,12.200000000000003,ok
117.6,12.325999999999993,117.58,0.01999999999999602,14.00619842068307,5.287610832894128,1.5769643913240956,0.6000000239338085,-0.2717149563634019,289550.29296875,865.007398393419,4.838171483937233,12.299999999999997,ok
117.72,12.445999999999998,117.7,0.01999999999999602,14.004420552201058,5.360020050633075,1.5559407530802771,0.6000000239269636,-0.09818597339213321,292366.14990234375,874.7060057746043,4.910602524450991,12.420000000000002,ok
117.8,12.525999999999996,117.78,0.01999999999999602,14.005278841272512,5.408012389040853,1.5477199357324558,0.6000000239241017,-0.10409089261948576,293757.6599121094,881.2184925503202,4.958602537013248,12.5,ok
117.9,12.626000000000005,117.88,0.020000000000010232,14.006844839666927,5.467991999479068,1.5417430447941898,0.600000023917978,-0.06570548679070248,295138.12255859375,889.3976006401906,5.018602587173988,12.599999999999994,ok
118.0,12.725999999999999,117.98,0.01999999999999602,14.008868043284314,5.527957497615672,1.524928465068891,0.60000002391323,-0.3211584940026761,296507.50732421875,897.6149010552303,5.078602206503184,12.700000000000003,ok
118.1,12.825999999999993,118.08,0.01999999999999602,14.012468545230886,5.587846251014329,1.489639191130454,0.6000000239087732,-0.2640123142666149,297865.7531738281,905.8700852288139,5.138599093071676,12.799999999999997,ok
118.2,12.926000000000002,118.18,0.01999999999999602,14.017853997210585,5.647603200152133,1.4700802888611297,0.6000000239042341,-0.17676412498466249,299212.82958984375,914.1628433227545,5.198598226926122,12.900000000000006,ok
118.3,13.025999999999996,118.28,0.01999999999999602,14.024313152044755,5.707253797014074,1.45057271913541,0.6000000239001292,-0.29905959013401834,301873.22998046875,922.5112608167861,5.258597513481527,13.0,ok
118.401,13.126999999999995,118.38,0.021000000000000796,14.032271556741714,5.766721190009154,1.4205209745953222,0.6000000238967979,-0.1969987998834278,303186.5234375,930.9148685031463,5.318595072056454,13.099999999999994,ok
118.5,13.225999999999999,118.48,0.01999999999999602,14.041806333507,5.825957216960585,1.3938442026396967,0.6000000238931594,-0.31082012460907915,304488.46435546875,939.3547988891605,5.378593562512086,13.200000000000003,ok
118.6,13.325999999999993,118.58,0.01999999999999602,14.053101314360115,5.88488216958819,1.3634466937587673,0.6000000238899108,-0.27638664849718875,304017.578125,947.8062717013888,5.438591284424153,13.299999999999997,ok
118.714,13.439999999999998,118.7,0.013999999999995794,14.070419528239658,5.954852253770507,1.332859425302119,0.6000000238862743,-0.12661727488564875,306570.3430175781,957.9827370537655,5.510672719013499,13.420000000000002,ok
118.8,13.525999999999996,118.78,0.01999999999999602,14.083179519508192,6.001188817154743,1.3234304297983945,0.600000023884354,0.014017363728552605,307829.9560546875,964.8094070434572,5.558734080661234,13.5,ok
118.9,13.626000000000005,118.88,0.020000000000010232,14.098202912764023,6.0592865762507495,1.3205297882278648,0.6000000238813116,-0.07193192313333968,309078.3996582031,973.3775786505802,5.618742846328401,13.599999999999994,ok
119.0,13.725999999999999,118.98,0.01999999999999602,14.113167761240174,6.11739038685507,1.3192063420291515,0.6000000238789667,0.10195637701888288,308579.4372558594,981.9561597188318,5.678742842133875,13.700000000000003,ok
119.1,13.825999999999993,119.08,0.01999999999999602,14.127747973576778,6.175591122143656,1.339633617303621,0.6000000238762435,0.3572846345759738,309809.14306640625,990.544890001085,5.7387420769616,13.799999999999997,ok
119.2,13.926000000000002,119.18,0.01999999999999602,14.141575111214776,6.233092901431524,1.3733597946044271,0.6000000238741984,0.3352235832122507,311027.8625488281,999.1676261901863,5.7978829626206,13.900000000000006,ok
119.3,14.025999999999996,119.28,0.01999999999999602,14.153774949968607,6.29067658730575,1.4027222186488382,0.6000000238722895,0.19770333731039422,310520.263671875,1007.8002390543622,5.856744808875037,14.0,ok
119.401,14.126999999999995,119.38,0.021000000000000796,14.163658989692262,6.349613200523427,1.4214252775190357,0.6000000238705084,0.3044737737728052,311721.13037109375,1016.4424806382918,5.916504482726463,14.099999999999994,ok
119.5,14.225999999999999,119.48,0.01999999999999602,14.171933654233134,6.409038278071296,1.4456274570902325,0.6000000238684922,0.20611456464360778,314090.6677246094,1025.1343111673996,5.9765028986625035,14.200000000000003,ok
119.6,14.325999999999993,119.58,0.01999999999999602,14.178886544708456,6.468632776216127,1.4682193269121184,0.6000000238665886,0.1568370574337201,315259.33837890625,1033.8752834743923,6.03650162277474,14.299999999999997,ok
119.714,14.439999999999998,119.68,0.033999999999991815,14.18387435021263,6.527800586786641,1.4798669922324954,0.6000000238653237,0.17213789263794793,316417.3278808594,1042.6485705057787,6.095879295442634,14.400000000000006,ok
119.8,14.525999999999996,119.78,0.01999999999999602,14.18758562082061,6.586902193691159,1.5007128477528509,0.6000000238634475,0.09347275923697651,317564.63623046875,1051.45387556288,6.155097311858434,14.5,ok
119.9,14.626000000000005,119.88,0.020000000000010232,14.191337026375445,6.646627046159235,1.5099715452668214,0.6000000238621975,0.20520143203846541,318701.3244628906,1060.2909027947317,6.214939863992933,14.599999999999994,ok
120.0,14.725999999999999,119.98,0.01999999999999602,14.194371511262002,6.706548360465832,1.5405800781066017,0.6000000238610349,0.39972699793390865,320942.9931640625,1069.1748516506623,6.2749379640191565,14.700000000000003,ok
120.1,14.825999999999993,120.08,0.01999999999999602,14.195348567654875,6.766537900959042,1.570284919338904,0.6000000238597769,0.14414217692414658,322048.03466796875,1078.1052825927734,6.334935460698446,14.799999999999997,ok
120.2,14.926000000000002,120.18,0.01999999999999602,14.194400072088825,6.828887557879289,1.5756432708736035,0.6000000238594841,-0.08609587665953433,323142.6086425781,1087.0662637498651,6.3972923317064705,14.900000000000006,ok
120.3,15.025999999999996,120.28,0.01999999999999602,14.19411240912721,6.889473265882944,1.565188989687355,0.6000000238571321,-0.18420269424195565,324226.74560546875,1096.0575047810876,6.457878722622943,15.0,ok
120.4,15.126000000000005,120.38,0.020000000000010232,14.194885143040274,6.949467528646537,1.5487875187439553,0.6000000238562692,-0.05684055637657243,325300.537109375,1105.0787170410154,6.517877961636845,15.099999999999994,ok
120.5,15.225999999999999,120.48,0.01999999999999602,14.196219227793211,7.009452674043672,1.5533108947905454,0.6000000238558252,0.1702889303742579,327417.2668457031,1114.1442420959477,6.577877940390537,15.200000000000003,ok
120.6,15.325999999999993,120.58,0.01999999999999602,14.196779136855344,7.06944894854141,1.574995372827373,0.600000023854553,0.2433976069541689,328460.26611328125,1123.253652275933,6.637876827478264,15.299999999999997,ok
120.704,15.429999999999993,120.68,0.0239999999999867,14.19604672724362,7.135528975720733,1.5999843390724224,0.6000000238536922,0.17866274379665853,329493.1945800781,1132.3918947855639,6.703960913428358,15.400000000000006,ok
120.8,15.525999999999996,120.78,0.01999999999999602,14.193968389537098,7.197013239730165,1.616191376153047,0.6000000238527066,0.2667691783994676,330516.0217285156,1141.558689456516,6.765480294182749,15.5,ok
120.902,15.628,120.88,0.02200000000000557,14.190548189249851,7.256913591926042,1.6436069899250154,0.6000000238519481,0.15963899059852135,332531.7687988281,1150.767686547173,6.825478210506527,15.599999999999994,ok
121.0,15.725999999999999,120.98,0.01999999999999602,14.185907097869146,7.316733605361422,1.6507343721499164,0.6000000238512361,-0.07268415964196576,333524.7497558594,1160.0184715271,6.88547799164457,15.700000000000003,ok
121.1,15.825999999999993,121.08,0.01999999999999602,14.18130272910913,7.376556531478702,1.6420875618639859,0.6000000238505676,-0.16599003118575995,334508.0261230469,1169.2967045254177,6.9454778474853285,15.799999999999997,ok
121.2,15.926000000000002,121.18,0.01999999999999602,14.17417875668921,7.425121035644338,1.6185467903490132,0.6000000238502955,-0.15211003072544516,335481.5979003906,1178.6021159701884,6.994562081694429,15.900000000000006,ok
121.3,16.025999999999996,121.28,0.01999999999999602,14.170866856072887,7.4822322566418356,1.6011647505348778,0.6000000238505947,-0.23570968174319745,336445.4650878906,1187.9344362894694,7.051769251258369,16.0,ok
121.4,16.126000000000005,121.38,0.020000000000010232,14.169606012044204,7.54221772057474,1.579352901431172,0.6000000238484431,-0.13905789160007728,337399.8107910156,1197.2933984544536,7.111767964668829,16.099999999999994,ok
121.501,16.227000000000004,121.48,0.021000000000000796,14.169357721525126,7.602216984195959,1.5702658192172074,0.6000000238482794,-0.08915840375321092,339280.1513671875,1206.6917312622072,7.171767742029002,16.200000000000003,ok
121.6,16.325999999999993,121.58,0.01999999999999602,14.169725377599242,7.662215184293937,1.5511741193836328,0.6000000238476146,-0.34429669622485415,340206.3293457031,1216.12904349433,7.231767068575104,16.299999999999997,ok
121.7,16.426000000000002,121.68,0.01999999999999602,14.168385620558407,7.727332347307539,1.5139615161387243,0.6000000238475125,-0.4044701958120897,341123.22998046875,1225.5919540405278,7.296898012586906,16.400000000000006,ok
121.8,16.525999999999996,121.78,0.01999999999999602,14.171630094004017,7.788438875284556,1.4850764154303002,0.600000023846728,-0.1943715334706581,342030.9753417969,1235.0802068922253,7.358090613196337,16.5,ok
121.9,16.626000000000005,121.88,0.020000000000010232,14.177225156614448,7.848176573884848,1.4676825007452532,0.600000023846325,-0.06691153267255087,342929.6875,1244.593549431694,7.418089757854189,16.599999999999994,ok
122.0,16.726,121.98,0.01999999999999602,14.183442809125642,7.907853529614382,1.4694296376189742,0.6000000238459468,0.028739117424638944,344700.3173828125,1254.1439661661784,7.47808974325331,16.700000000000003,ok
122.1,16.825999999999993,122.08,0.01999999999999602,14.189524034963096,7.967544550952981,1.4677910316610856,0.6000000238455916,-0.0017440308255771732,345572.3571777344,1263.7310866461855,7.53808973772107,16.799999999999997,ok
122.2,16.926000000000002,122.18,0.01999999999999602,14.199883626018552,8.030216303145016,1.472757350300955,0.6000000238452583,0.25423109842882885,346435.6994628906,1273.342309655084,7.601611935806906,16.900000000000006,ok
122.3,17.025999999999996,122.28,0.01999999999999602,14.20612297434219,8.090697390364497,1.506593051016061,0.6000000238454782,0.4841138164028158,345818.29833984375,1282.9569485134546,7.6624140030312535,17.0,ok
122.4,17.126000000000005,122.38,0.020000000000010232,14.208721563106003,8.150634185386751,1.5589308724261954,0.600000023845007,0.4374978882821307,347518.9514160156,1292.5866325378408,7.72240710314371,17.099999999999994,ok
122.5,17.226,122.48,0.01999999999999602,14.20850625143677,8.210630656877902,1.5924521123567261,0.6000000238445535,0.18200343843561384,348356.75048828125,1302.251572842068,7.782403960982294,17.200000000000003,ok
122.6,17.325999999999993,122.58,0.01999999999999602,14.206892702929373,8.270608671284107,1.600439387438221,0.6000000238444724,-0.028148741527641023,349186.3708496094,1311.9396717495383,7.842403675572421,17.299999999999997,ok
122.7,17.426000000000002,122.68,0.01999999999999602,14.206061404246114,8.328483747512696,1.6058672868441841,0.600000023844407,0.08588573995835325,350007.8125,1321.6507020738393,7.900284721744426,17.400000000000006,ok
122.8,17.525999999999996,122.78,0.01999999999999602,14.204107106841166,8.387919001321732,1.6070278547143335,0.6000000238438237,-0.09258940543745009,350821.1975097656,1331.3844383239743,7.959752096612429,17.5,ok
122.9,17.626000000000005,122.88,0.020000000000010232,14.20227617507408,8.447890369032214,1.5895878816923246,0.6000000238441424,-0.15270996255730498,351626.6174316406,1341.1406579759378,8.019751407076813,17.599999999999994,ok
123.0,17.726,122.98,0.01999999999999602,14.20140323963215,8.507883835397942,1.5817347479973658,0.6000000238432309,-0.04398179403853934,353213.8977050781,1350.9301095750598,8.079751223933712,17.700000000000003,ok
123.1,17.825999999999993,123.08,0.01999999999999602,14.200774237816045,8.567880524425128,1.5849789053456236,0.6000000238435752,0.10124361809264104,353995.9411621094,1360.7524684482146,8.139751210079623,17.799999999999997,ok
123.2,17.926000000000002,123.18,0.01999999999999602,14.195572468761425,8.62410281082684,1.595847643349266,0.6000000238433981,0.012476709111963025,356148.8342285156,1370.6155903286408,8.196213621377172,17.900000000000006,ok
123.3,18.025999999999996,123.28,0.01999999999999602,14.192922488941763,8.683098360038336,1.5936027723658812,0.6000000238426989,-0.02644066913698272,356907.04345703125,1380.519144185384,8.255268656893298,18.0,ok
123.4,18.126000000000005,123.38,0.020000000000010232,14.19149798159916,8.743081376608144,1.6003610260966539,0.6000000238432535,0.2006385143094108,357657.77587890625,1390.4436555650493,8.315268586043114,18.099999999999994,ok
123.5,18.226,123.48,0.01999999999999602,14.189181727997271,8.803035365119458,1.6214658959228732,0.6000000238423964,0.09875346256540934,359137.14599609375,1400.3991405910917,8.375267300772373,18.200000000000003,ok
123.6,18.325999999999993,123.58,0.01999999999999602,14.186028170854923,8.862952402404593,1.621165951079375,0.6000000238427918,-0.1561440740893646,359865.9362792969,1410.3852945115827,8.435267269769685,18.299999999999997,ok
123.7,18.426000000000002,123.68,0.01999999999999602,14.186333780125972,8.923214664488377,1.6047600870230319,0.6000000238421298,-0.06560236918700955,360587.58544921875,1420.3915934244797,8.495530306769833,18.400000000000006,ok
123.8,18.525999999999996,123.78,0.01999999999999602,14.185290976271228,8.983234351446166,1.5902849065939817,0.6000000238425415,-0.1660701542745933,361302.18505859375,1430.4178402370876,8.55555905207065,18.5,ok
123.9,18.626000000000005,123.88,0.020000000000010232,14.184397612776193,9.043227488963224,1.58267159366528,0.6000000238424278,-0.07403976527567582,362009.7961425781,1440.4638399759922,8.615558840799237,18.599999999999994,ok
124.0,18.726,123.98,0.01999999999999602,14.183961870104138,9.10322548238393,1.569395976899262,0.6000000238417881,-0.14730812572507151,363404.35791015625,1450.5390365600588,8.675558416515965,18.700000000000003,ok
124.1,18.825999999999993,124.08,0.01999999999999602,14.18442346017091,9.16322305906535,1.5524861131918903,0.6000000238416878,-0.1864196827010518,364091.4611816406,1460.6431451585554,8.735557768787741,18.799999999999997,ok
124.2,18.926000000000002,124.18,0.01999999999999602,14.187976880893801,9.21888009092981,1.538676650344722,0.6000000238417714,-0.015124666417063885,364771.8811035156,1470.766247134739,8.791328119286867,18.900000000000006,ok
124.3,19.025999999999996,124.28,0.01999999999999602,14.190319100350242,9.277770464246526,1.5457259203135947,0.6000000238415054,0.11807686264118018,365445.6787109375,1480.9081576877168,8.850265052201333,19.0,ok
124.4,19.126000000000005,124.38,0.020000000000010232,14.19162220954184,9.337756197889489,1.5518083698205265,0.6000000238414225,0.05420850087098653,366112.9455566406,1491.068694135877,8.910264938319973,19.099999999999994,ok
124.5,19.226,124.48,0.01999999999999602,14.192516107435575,9.397749150547648,1.5645976268901463,0.600000023841167,0.0934200892714686,366773.74267578125,1501.2476759168837,8.970264550169455,19.200000000000003,ok
124.601,19.326999999999998,124.58,0.021000000000000796,14.192700555303674,9.457748740958342,1.5723979271299662,0.6000000238418045,0.14330463173404284,368076.0803222656,1511.4539234585227,9.030264424089882,19.299999999999997,ok
124.7,19.426000000000002,124.68,0.01999999999999602,14.192163443706937,9.519439203961301,1.5924488045353968,0.600000023841736,0.13450329269348843,368717.83447265625,1521.6871722751198,9.091957225245178,19.400000000000006,ok
124.8,19.525999999999996,124.78,0.01999999999999602,14.190676785500267,9.581537874003981,1.595653389379198,0.6000000238411387,-0.0815742998669508,369353.33251953125,1531.9381607055664,9.154073688229584,19.5,ok
124.9,19.626000000000005,124.88,0.020000000000010232,14.189354717816004,9.641946661939565,1.5904517344446263,0.6000000238439204,-0.022927416257123027,369982.6965332031,1542.2067166646316,9.214496941392651,19.599999999999994,ok
125.0,19.726,124.98,0.01999999999999602,14.188141682875619,9.701934355029366,1.5964924307187909,0.6000000238408438,0.1732307016961218,371223.08349609375,1552.5012413872616,9.274496897859324,19.700000000000003,ok
125.1,19.825999999999993,125.08,0.01999999999999602,14.184114248701157,9.763410501125511,1.6115874739453382,0.6000000238415012,0.0824060761863406,371834.2590332031,1562.8214822557236,9.336104825635417,19.799999999999997,ok
125.2,19.926000000000002,125.18,0.01999999999999602,14.18101457796312,9.823725884210578,1.611270265606603,0.6000000238414512,-0.014637008324454769,372439.4836425781,1573.158617570666,9.396499803865254,19.900000000000006,ok
125.3,20.025999999999996,125.28,0.01999999999999602,14.178613450045257,9.883677819840333,1.6099668338392845,0.6000000238414043,-0.07553885633066561,373038.7878417969,1583.5124824523928,9.456499803873855,20.0,ok
125.4,20.126000000000005,125.38,0.020000000000010232,14.176566705873796,9.94364232760654,1.593805229333811,0.6000000238408273,-0.14971614751310636,373632.26318359375,1593.8829137166338,9.516499231815686,20.099999999999994,ok
125.5,20.226,125.48,0.01999999999999602,14.175459938057141,10.003631872477047,1.583577554002179,0.6000000238436282,-0.09438378963295352,374801.7883300781,1604.277831098769,9.57649898538827,20.200000000000003,ok
125.6,20.325999999999993,125.58,0.01999999999999602,14.174927450173179,10.06362926630344,1.5723888777113533,0.6000000238407471,-0.1493124407288877,375377.8991699219,1614.6969934251572,9.636498742131993,20.299999999999997,ok
125.7,20.426000000000002,125.68,0.01999999999999602,14.17741336270376,10.121245655478685,1.5585625995823367,0.6000000238412436,0.029617669175602893,375948.3642578125,1625.1320804172099,9.69416873487261,20.400000000000006,ok
125.8,20.525999999999996,125.78,0.01999999999999602,14.177955361912042,10.181242922775452,1.571604292484859,0.6000000238412094,0.281307671458932,376513.1530761719,1635.5829348246257,9.754168450257115,20.5,ok
125.9,20.626000000000005,125.88,0.020000000000010232,14.177134171561885,10.24114463582218,1.6058723896161875,0.5910000416468175,0.3505057291354678,377072.32666015625,1646.049399820963,9.814075791873345,20.599999999999994,ok
126.0,20.726,125.98,0.01999999999999602,14.17439439410268,10.295099209561581,1.6494737710002014,0.572753103186868,0.4335800893547448,377625.8850097656,1656.5313194274904,9.868099882869181,20.700000000000003,ok
126.1,20.825999999999993,126.08,0.01999999999999602,14.168655352477202,10.354544133641909,1.694422735560881,0.6000000239330501,0.3854661877821827,378716.3391113281,1667.0360725402827,9.927821198977377,20.799999999999997,ok
126.2,20.926000000000002,126.18,0.01999999999999602,14.160421350107034,10.412564640568851,1.7274149805068981,0.600000023927179,0.4003683790141782,379253.3264160156,1677.563429005941,9.986423059179005,20.900000000000006,ok
126.3,21.025999999999996,126.28,0.01999999999999602,14.150049080413183,10.47130467531401,1.7691444161504695,0.6000000239223675,0.31967570790128863,379784.7595214844,1688.1056246439614,10.046071828323594,21.0,ok
126.4,21.126000000000005,126.38,0.020000000000010232,14.13759515746076,10.529996513691781,1.7908567617416637,0.6000000239169953,0.06364236252201667,381384.2468261719,1698.6774163987893,10.106070429049504,21.099999999999994,ok
126.5,21.226,126.48,0.01999999999999602,14.124280186302476,10.588500181641846,1.8033548040042282,0.6000000239122859,0.15311372306170792,381898.193359375,1709.2785614013674,10.16607015922021,21.200000000000003,ok
126.6,21.325999999999993,126.58,0.01999999999999602,14.111401656863197,10.64921326741746,1.811259659497887,0.6000000239078651,-0.10231632316864862,382406.8298339844,1719.893908945719,10.228134120622261,21.299999999999997,ok
126.7,21.426000000000002,126.68,0.01999999999999602,14.097709514385906,10.708146279761664,1.7915099622123238,0.6000000239037152,-0.35787533777249,384452.0568847656,1730.5447268168136,10.288636804113,21.400000000000006,ok
126.8,21.525999999999996,126.78,0.01999999999999602,14.085534310098751,10.766893367845517,1.7455035299236625,0.6000000238998197,-0.6120793061767494,384938.4460449219,1741.2307060241699,10.348632270256418,21.5,ok
126.9,21.626000000000005,126.88,0.020000000000010232,14.07666251407229,10.82622267702299,1.676654064569962,0.6000000238966958,-0.7035233050809765,385419.7082519531,1751.9301248338481,10.408621233343068,21.599999999999994,ok
127.0,21.726,126.98,0.01999999999999602,14.071882934967531,10.886022526727714,1.6165127912980237,0.6000000238932631,-0.4480726400895181,385895.8435058594,1762.6428408304853,10.468611785942008,21.700000000000003,ok
127.1,21.825999999999993,127.08,0.01999999999999602,14.070175087724008,10.945993878823023,1.5745300163821252,0.6000000238893303,-0.3404529157998618,386366.7907714844,1773.3687107510034,10.528607450904959,21.799999999999997,ok
127.2,21.926000000000002,127.18,0.01999999999999602,14.06956317956164,11.00715795943744,1.547316517598375,0.6000000238864831,-0.30143636935905815,387293.3349609375,1784.1139902750658,10.589774592320968,21.900000000000006,ok
127.3,22.025999999999996,127.28,0.01999999999999602,14.071687847615982,11.067118246828702,1.5194108801981538,0.6000000238836436,-0.168755822307546,387748.84033203125,1794.878464931912,10.649772511271411,22.0,ok
127.4,22.126000000000005,127.38,0.020000000000010232,14.075051758406408,11.127023663165849,1.5127511202599193,0.6000000238816887,0.08673124112655664,388199.2492675781,1805.655521731906,10.709772301290485,22.099999999999994,ok
127.5,22.226,127.48,0.01999999999999602,14.0782023644561,11.186940237342164,1.5316251753454704,0.6000000238784762,0.28126952658267557,388644.5007324219,1816.4450182596847,10.769771652782865,22.200000000000003,ok
127.609,22.334999999999994,127.58,0.028999999999996362,14.085126678532744,11.247752556055248,1.544397125339603,0.6000000238761274,0.16641764532501077,389084.65576171875,1827.2468120998806,10.830976915895556,22.299999999999997,ok
127.7,22.426000000000002,127.68,0.01999999999999602,14.087690097463687,11.307821463668123,1.548734978960149,0.6000000238744555,-0.08871203266505578,389949.4323730469,1838.0667299906422,10.891100495117186,22.400000000000006,ok
127.8,22.525999999999996,127.78,0.01999999999999602,14.089232352846432,11.367801443857598,1.540252737010055,0.6000000238722083,-0.005975128132466631,390374.0234375,1848.904555765788,10.951100299910163,22.5,ok
127.9,22.626000000000005,127.88,0.020000000000010232,14.090956921318767,11.427776520766065,1.5491380419713698,0.6000000238699101,0.12873508610779894,390793.4875488281,1859.7541045294863,11.01110016646495,22.599999999999994,ok
128.001,22.727000000000004,127.98,0.021000000000000796,14.091938269815646,11.48776805341127,1.5645414702943157,0.6000000238680865,0.2187401495750077,391207.7331542969,1870.6152325948085,11.071099725079934,22.700000000000003,ok
128.1,22.825999999999993,128.08,0.01999999999998181,14.09179483246018,11.5477667937089,1.5842884332756642,0.6000000238661968,0.08854463560651415,391616.7297363281,1881.4877945794015,11.131098636833212,22.80000000000001,ok
128.2,22.925999999999988,128.18,0.01999999999998181,14.087654357386427,11.590803849130959,1.593157773879904,0.6000000238676095,0.01824809262117543,392020.5078125,1892.3716451009122,11.174334405280618,22.900000000000006,ok
128.3,23.02600000000001,128.28,0.020000000000010232,14.08623147209005,11.650786942148672,1.597084240627729,0.6000000238632589,0.04433773828185477,392812.31689453125,1903.2721009996203,11.234334372368428,23.0,ok
128.4,23.126000000000005,128.38,0.020000000000010232,14.084644340858581,11.71076592588842,1.5927526956662854,0.600000023862198,-0.19319015322120356,393200.25634765625,1914.1889422946501,11.294334351335083,23.099999999999994,ok
128.5,23.226,128.48,0.020000000000010232,14.083912714270811,11.770759704167162,1.56347963528051,0.600000023861224,-0.35230998196605945,393582.8857421875,1925.1164859347862,11.354332590556103,23.19999999999999,ok
128.6,23.325999999999993,128.58,0.01999999999998181,14.085098496674474,11.830745906835874,1.5339182307659711,0.6000000238597984,-0.3429521166596147,393960.205078125,1936.0545844184041,11.414330512107776,23.30000000000001,ok
128.7,23.425999999999988,128.68,0.01999999999998181,14.087235728037784,11.899862447219185,1.501369330754999,0.6000000238586272,-0.27429821570616764,394332.1228027344,1947.0030889723043,11.48348008848,23.400000000000006,ok
128.8,23.52600000000001,128.78,0.020000000000010232,14.091699500730606,11.961972986032926,1.4796257355630016,0.6000000238569946,-0.2944434715737493,395059.75341796875,1957.9668650309245,11.545750822363473,23.5,ok
128.9,23.626000000000005,128.88,0.020000000000010232,14.097931847819853,12.021645787950739,1.4478282521904327,0.6000000238559624,-0.22763461386416944,395415.3747558594,1968.9456862555603,11.605748200964237,23.599999999999994,ok
129.0,23.726,128.98,0.020000000000010232,14.10571241899004,12.081138602270778,1.4352511363537677,0.6000000238551711,0.027061021109244604,394847.71728515625,1979.921562533907,11.665747636323688,23.69999999999999,ok
129.1,23.825999999999993,129.08,0.01999999999998181,14.113240301260834,12.139396534169373,1.4464153445354233,0.6000000238540839,0.1443827103120019,395195.2209472656,1990.894381120471,11.724489917864195,23.80000000000001,ok
129.201,23.926999999999992,129.18,0.020999999999986585,14.120124181643133,12.198682616086705,1.4701380515479963,0.6000000238534078,0.3109567261035486,395537.0788574219,2001.8767741733134,11.784174315475518,23.900000000000006,ok
129.3,24.02600000000001,129.28,0.020000000000010232,14.125505715290462,12.258439221551834,1.494686972264313,0.6000000238524287,0.14741424689008314,396203.55224609375,2012.8731718275283,11.844172755464507,24.0,ok
129.4,24.126000000000005,129.38,0.020000000000010232,14.129810986018777,12.318284359121177,1.502887343902854,0.6000000238516763,-0.014897647573125991,396528.13720703125,2023.8833341810432,11.904172554186985,24.099999999999994,ok
129.5,24.226,129.48,0.020000000000010232,14.133944111474559,12.37814181636783,1.5002474248534912,0.6000000238509701,-0.010349623105938968,396846.923828125,2034.9024322509754,11.964172536804217,24.19999999999999,ok
129.6,24.325999999999993,129.58,0.01999999999998181,14.138192551277669,12.437991219294577,1.5005504593254282,0.6000000238503072,0.03236107953593105,397159.7900390625,2045.930303276911,12.02417253906629,24.30000000000001,ok
129.7,24.425999999999988,129.68,0.01999999999998181,14.144577454235353,12.498010645535343,1.4979280150633634,0.6000000238496848,-0.05301064966234495,397466.8273925781,2056.966784074572,12.084530624788501,24.400000000000006,ok
129.8,24.52600000000001,129.78,0.020000000000010232,14.149103462193366,12.557839553218852,1.488013908123204,0.6000000238491006,-0.22222951772444788,398063.0798339844,2068.0158105638293,12.144530482643647,24.5,ok
129.9,24.626000000000005,129.88,0.020000000000010232,14.154558124235647,12.617590181231124,1.470998039278143,0.6000000238490851,-0.03302975097936017,397451.8737792969,2079.064629364013,12.204529573352227,24.599999999999994,ok
130.0,24.726,129.98,0.020000000000010232,14.160493197665541,12.677295852982448,1.4779053032286094,0.6000000238483927,0.186615143760169,397736.3586425781,2090.108910369872,12.264529509484651,24.69999999999999,ok
130.1,24.825999999999993,130.08,0.01999999999998181,14.164218275060138,12.730825662578685,1.490536820898906,0.6000000238475541,0.10346814032104533,398014.6789550781,2101.1610081142862,12.318188774453574,24.80000000000001,ok
130.2,24.925999999999988,130.18,0.01999999999998181,14.16822051392707,12.789087680562268,1.5108940765094097,0.6000000238474558,0.21112542618793728,398286.7736816406,2112.2207505120177,12.376588095129994,24.900000000000006,ok
130.3,25.02600000000001,130.28,0.020000000000010232,14.17130808644818,12.849007110167769,1.5335336900096497,0.6000000238461418,0.3156555175395553,398552.5817871094,2123.287963782416,12.4365870213564,25.0,ok
130.4,25.126000000000005,130.38,0.020000000000010232,14.172778347914083,12.90898660712842,1.5673294349465205,0.600000023846275,0.40398482957833454,399065.24658203125,2134.3659891764314,12.496584535675169,25.099999999999994,ok
130.511,25.236999999999995,130.48,0.03100000000000591,14.172047513509314,12.968978668312264,1.6031345379845858,0.6000000238463604,0.17418916206074744,399311.9812011719,2145.454561784531,12.55658104827393,25.19999999999999,ok
130.6,25.325999999999993,130.58,0.01999999999998181,14.16969018411529,13.028931793580021,1.6154266562661983,0.6000000238455475,-0.030374688131854094,399552.3681640625,2156.5498999701617,12.616580500198454,25.30000000000001,ok
130.7,25.425999999999988,130.68,0.01999999999998181,14.16894267612749,13.089217019872823,1.5995514743061814,0.6000000238455722,-0.2298603325110496,399786.2243652344,2167.6518248664015,12.676870360683996,25.400000000000006,ok
130.8,25.52600000000001,130.78,0.020000000000010232,14.167671894215617,13.149202841626439,1.5826200423995396,0.6000000238450842,-0.12284935294598158,400013.61083984375,2178.7601559109157,12.736869641497385,25.5,ok
130.901,25.62700000000001,130.88,0.021000000000015007,14.167248956175513,13.20920101781735,1.5704750357420074,0.600000023847102,-0.15853683154479573,400448.73046875,2189.87768842909,12.796869308353305,25.599999999999994,ok
131.0,25.726,130.98,0.020000000000010232,14.167639710326887,13.269199198376764,1.5570923113026212,0.6000000238448746,-0.020435435557458505,400656.4025878906,2201.0041486104315,12.856868761344536,25.69999999999999,ok
131.1,25.825999999999993,131.08,0.01999999999998181,14.168424720206335,13.329194040239816,1.5601767178038966,0.6000000238469272,0.04811580034950841,400857.3913574219,2212.1362846374523,12.916868738766894,25.80000000000001,ok
131.2,25.925999999999988,131.18,0.01999999999998181,14.165845085127563,13.383787602466406,1.5720831861693088,0.600000023843844,0.09570573993579906,401051.7578125,2223.273911709256,12.971523213000282,25.900000000000006,ok
131.3,26.02600000000001,131.28,0.020000000000010232,14.16464336872137,13.442384733938313,1.5827291139155275,0.6000000238436177,0.09314175540256428,401239.3798828125,2234.416844177246,13.030132665642812,26.0,ok
131.4,26.126000000000005,131.38,0.020000000000010232,14.163782434297472,13.502378503807789,1.5842776975250759,0.6000000238434053,-0.13165575656087616,401594.3298339844,2245.567312367756,13.090132612569738,26.099999999999994,ok
131.5,26.226,131.48,0.020000000000010232,14.16341194956127,13.562376301073861,1.56096117452641,0.6000000238435613,-0.35609409062311587,401761.6271972656,2256.7250339931893,13.150131553691399,26.19999999999999,ok
131.6,26.325999999999993,131.58,0.01999999999998181,14.164979350466995,13.622351306106044,1.5151160934209718,0.6000000238430189,-0.5681397486069852,401922.05810546875,2267.8873074001744,13.210127036639781,26.30000000000001,ok
131.7,26.425999999999988,131.68,0.01999999999998181,14.172374128762824,13.679789424057542,1.454505345098251,0.6000000238435538,-0.4966489288756286,402075.62255859375,2279.0539418538415,13.268039212733024,26.400000000000006,ok
131.8,26.52600000000001,131.78,0.020000000000010232,14.181093777733967,13.738607708606445,1.4140159896396067,0.6000000238426784,-0.2410058879306352,402222.2595214844,2290.22474577162,13.327500316619982,26.5,ok
131.9,26.626000000000005,131.88,0.020000000000010232,14.190912068964558,13.797798256864723,1.4001282437405917,0.6000000238423459,0.014342113998941336,402361.9689941406,2301.399526723225,13.387499648664633,26.599999999999994,ok
132.0,26.726,131.98,0.020000000000010232,14.20094754311232,13.856952826431606,1.4110639405145944,0.6000000238423783,0.18267096437580085,401713.7756347656,2312.567245398626,13.447499430681017,26.69999999999999,ok
132.1,26.825999999999993,132.08,0.01999999999998181,14.209976811260978,13.916268167119156,1.4372705634279324,0.6000000238424195,0.40981690614224187,401831.1767578125,2323.7275919596364,13.507498075033874,26.80000000000001,ok
132.201,26.926999999999992,132.18,0.020999999999986585,14.215136890962153,13.983512720694506,1.4896096347341465,0.6000000238421138,0.5285711295595465,401941.46728515625,2334.891100904677,13.574940320014825,26.900000000000006,ok
132.3,27.02600000000001,132.28,0.020000000000010232,14.218859108887774,14.043392216899203,1.53226767074813,0.6000000238423489,0.33405891085509787,402044.5861816406,2346.057573869493,13.634935394579443,27.0,ok
132.4,27.126000000000005,132.38,0.020000000000010232,14.220248201001864,14.103372091591275,1.574222824831703,0.6000000238420584,0.40939357891117345,402229.2175292969,2357.2280433654773,13.694931352318095,27.099999999999994,ok
132.5,27.226,132.48,0.020000000000010232,14.219055066095816,14.163356119432827,1.6164745094708068,0.6000000238417749,0.4534586464453405,402310.6994628906,2368.402208879257,13.75492724523586,27.19999999999999,ok
132.6,27.325999999999993,132.58,0.01999999999998181,14.215234061009943,14.223229472863778,1.660036735441008,0.6000000238416754,0.3334247723228512,402384.9792480469,2379.578537750245,13.814922399464631,27.30000000000001,ok
132.7,27.425999999999988,132.68,0.01999999999998181,14.210874463742098,14.27732726317794,1.6892121872436676,0.6000000238415821,0.31080797130683285,402451.9348144531,2390.756828223334,13.869195569679874,27.400000000000006,ok
132.8,27.52600000000001,132.78,0.020000000000010232,14.203542674342089,14.335407775010934,1.7150029167581435,0.6000000238411393,0.1319208769859897,402511.6271972656,2401.9368776957185,13.927737016455545,27.5,ok
132.9,27.626000000000005,132.88,0.020000000000010232,14.194572548961556,14.39473283174537,1.7335310847892607,0.6000000238414123,0.24920084180350355,403487.2741699219,2413.1313068813733,13.987736395668055,27.599999999999994,ok
133.0,27.726,132.98,0.020000000000010232,14.18437964354611,14.453859918664099,1.748582343255908,0.6000000238416904,0.0018273067846906604,403574.3713378906,2424.3404964023143,14.04773562673232,27.69999999999999,ok
133.1,27.825999999999993,133.08,0.01999999999998181,14.170722006981018,14.520467979718422,1.7441206929046245,0.6000000238416179,-0.25309495192047204,403607.0251464844,2435.5513491312663,14.115729485528249,27.80000000000001,ok
133.2,27.925999999999988,133.18,0.01999999999998181,14.16015379988941,14.581486493470026,1.7099221272302498,0.6000000238419051,-0.509082207413012,403632.38525390625,2446.763007609049,14.177656426527992,27.900000000000006,ok
133.3,28.02600000000001,133.28,0.020000000000010232,14.153154965947799,14.641068851298288,1.6523133714667975,0.6000000238418413,-0.527787128301975,403650.45166015625,2457.9752692328548,14.237648434670055,28.0,ok
133.401,28.12700000000001,133.38,0.021000000000015007,14.149461715472098,14.700949481200999,1.6064021441051113,0.6000000238410708,-0.32036489021951225,404596.5576171875,2469.2009221394837,14.297642850548716,28.099999999999994,ok
133.501,28.227000000000004,133.48,0.021000000000015007,14.14815023072836,14.760932028069321,1.5678757026723789,0.6000000238413697,-0.47860788666802423,404595.3369140625,2480.439698452417,14.357639733143094,28.19999999999999,ok
133.6,28.325999999999993,133.58,0.01999999999998181,14.148297393270527,14.80512277693832,1.5274218985192698,0.6000000238413169,-0.250094400828981,404586.8225097656,2491.678339555528,14.401830727049282,28.30000000000001,ok
133.7,28.425999999999988,133.68,0.01999999999998181,14.151259706121092,14.861067014377523,1.502368560913841,0.6000000238412674,-0.16544792212296533,403631.2255859375,2502.903590223523,14.45785333855641,28.400000000000006,ok
133.8,28.52600000000001,133.78,0.020000000000010232,14.15566309523551,14.920904923671607,1.493099561095194,0.6000000238412208,0.029720579941582552,403605.40771484375,2514.115210130478,14.517853048758877,28.5,ok
133.9,28.626000000000005,133.88,0.020000000000010232,14.16019820511389,14.98073321629372,1.496375704623564,0.6000000238408219,-0.02824552478675876,403572.265625,2525.3260111490863,14.577852980589556,28.599999999999994,ok
134.0,28.726,133.98,0.020000000000010232,14.164819274943303,15.040554817193911,1.487271702096334,0.6000000238407808,-0.10635090537564396,403531.73828125,2536.535788981117,14.637852799094533,28.69999999999999,ok
134.1,28.825999999999993,134.08,0.01999999999998181,14.169962818627821,15.100333900878985,1.4851126247825814,0.6000000238407424,0.03576642759884933,403428.8330078125,2547.7435746934675,14.697852756493365,28.80000000000001,ok
134.2,28.925999999999988,134.18,0.01999999999998181,14.178504124590262,15.190320767119799,1.4823567747613149,0.6000000238435483,-0.0030706852745286304,403366.4245605469,2558.9490643819163,14.788244072466671,28.900000000000006,ok
134.3,29.02600000000001,134.28,0.020000000000010232,14.183805241814962,15.250086128092759,1.4830350002511365,0.6000000238406723,0.02202915177280997,403219.6044921875,2570.151648118759,14.848244074267157,29.0,ok
134.4,29.126000000000005,134.38,0.020000000000010232,14.188946312789827,15.30986537870651,1.489268999765769,0.6000000238406404,0.07159943825955786,403135.2233886719,2581.3510207282147,14.908243986056345,29.099999999999994,ok
134.5,29.226,134.48,0.020000000000010232,14.193661050355901,15.36967973105024,1.4970019431104373,0.600000023841321,0.15055045362134983,403043.6096191406,2592.5479489644335,14.968243865194697,29.19999999999999,ok
134.6,29.325999999999993,134.58,0.01999999999998181,14.197601565505842,15.429548932321909,1.5222456826798902,0.6000000238398719,0.39845389229594097,402944.7021484375,2603.742231072319,15.028242606186108,29.30000000000001,ok
134.7,29.425999999999988,134.68,0.01999999999998181,14.197161937159477,15.474280922155476,1.567230029227041,0.6000000238412666,0.4458066213557235,402838.5314941406,2614.93366487291,15.072976756312753,29.400000000000006,ok
134.801,29.526999999999987,134.78,0.020999999999986585,14.196313668188619,15.534270289385333,1.610216314622502,0.6000000238405314,0.39688753626077267,402725.1281738281,2626.122049034964,15.132972120641055,29.5,ok
134.9,29.626000000000005,134.88,0.020000000000010232,14.193024674409127,15.594176666025797,1.6456205433606932,0.6000000238401529,0.22321370631975865,402604.4921875,2637.307182651093,15.192968715896708,29.599999999999994,ok
135.0,29.726,134.98,0.020000000000010232,14.188127671342924,15.653975956561723,1.6577275230929793,0.6000000238401311,-0.03202191620436264,402341.6442871094,2648.486990102129,15.252968180791243,29.69999999999999,ok
135.1,29.825999999999993,135.08,0.01999999999998181,14.182831932875485,15.704993377214292,1.66227466568561,0.6000000238411765,0.1754214494924626,402199.4323730469,2659.6611717224114,15.304259720600031,29.80000000000001,ok
135.2,29.925999999999988,135.18,0.01999999999998181,14.176816084716549,15.762502907151852,1.6849626600763663,0.6000000238411572,0.16904961087397963,402050.10986328125,2670.831304253471,15.362083041697236,29.900000000000006,ok
135.3,30.02600000000001,135.28,0.020000000000010232,14.1696900535168,15.822077979066334,1.6953341196724736,0.6000000238404287,0.15856208153683923,401893.61572265625,2681.9971893310526,15.422082787648995,30.0,ok
135.4,30.126000000000005,135.38,0.020000000000010232,14.161805779477577,15.881556885516279,1.7116184043663722,0.6000000238404117,0.04604277395348315,401730.04150390625,2693.1586290147543,15.482081971723504,30.099999999999994,ok
135.5,30.226,135.48,0.020000000000010232,14.153395921967029,15.940964539265957,1.7060288874689076,0.6000000238403959,-0.2092306258464349,401559.4482421875,2704.315427483449,15.542081930285068,30.19999999999999,ok
135.6,30.325999999999993,135.58,0.01999999999998181,14.145926305172036,16.0004957686398,1.6749016698889259,0.6000000238410915,-0.463304661790512,402213.2873535156,2715.478937700059,15.602079950634288,30.30000000000001,ok
135.7,30.425999999999988,135.68,0.01999999999998181,14.13912205529167,16.054863769849096,1.6225816941565177,0.6000000238410775,-0.5554003492824157,402025.4211425781,2726.6489197625037,15.656872079374903,30.400000000000006,ok
135.8,30.52600000000001,135.78,0.020000000000010232,14.136718511700867,16.113453330546587,1.577051094718652,0.6000000238403539,-0.39604536180391403,401830.62744140625,2737.813587103947,15.715510920125023,30.5,ok
135.9,30.626000000000005,135.88,0.020000000000010232,14.137333613128467,16.173445827375325,1.5320766945771194,0.600000023841052,-0.5878093234262003,401628.90625,2748.972747294105,15.775506570179942,30.599999999999994,ok
136.0,30.726,135.98,0.020000000000010232,14.14103106239877,16.23332402319772,1.475286048516836,0.6000000238403299,-0.56162936711468,401420.3186035156,2760.1262087504033,15.835498815229212,30.69999999999999,ok
136.1,30.825999999999993,136.08,0.01999999999998181,14.147996288842139,16.292912325631807,1.4279167138148583,0.6000000238410296,-0.3240639942498663,401204.9865722656,2771.2737824334026,15.89549281631585,30.80000000000001,ok
136.2,30.925999999999988,136.18,0.01999999999998181,14.157756402421668,16.362281903921023,1.4025804247003137,0.6000000238403088,-0.13814879047430695,399710.4797363281,2782.397608354355,15.965545640735062,30.900000000000006,ok
136.3,31.02600000000001,136.28,0.020000000000010232,14.16800817159747,16.421399480991262,1.3989570998786682,0.6000000238402993,0.11684910745044778,399470.8557128906,2793.4973491244823,16.02554552981737,31.0,ok
136.4,31.126000000000005,136.38,0.020000000000010232,14.177946092160186,16.480570227176386,1.415233096508219,0.600000023839935,0.28287652399961405,399224.5178222656,2804.590340423581,16.085545025392044,31.099999999999994,ok
136.5,31.226,136.48,0.020000000000010232,14.186529054561255,16.539950796375045,1.448703378197725,0.6000000238402818,0.46783112254865816,398971.5270996094,2815.6763966030508,16.145542685695883,31.19999999999999,ok
136.6,31.325999999999993,136.58,0.01999999999998181,14.192646710554415,16.5996318397684,1.4996901578777346,0.600000023840274,0.5067108822424689,398711.9140625,2826.75533328586,16.205536457500713,31.30000000000001,ok
136.702,31.427999999999997,136.68,0.02199999999999136,14.202542667069029,16.660542126749217,1.5331396292655313,0.6000000238402665,0.25077524875675355,397098.9074707031,2837.80826136271,16.267245395390006,31.400000000000006,ok
136.8,31.52600000000001,136.78,0.020000000000010232,14.204322295625815,16.72051498008105,1.5486197905466252,0.6000000238409701,0.1277634764119254,396815.61279296875,2848.8348519219267,16.327244647173355,31.5,ok
136.9,31.626000000000005,136.88,0.020000000000010232,14.205225286989311,16.78050717449593,1.5703642904892545,0.600000023840253,0.27454635773073843,396525.9094238281,2859.853484174937,16.38724363703248,31.599999999999994,ok
137.0,31.726,136.98,0.020000000000010232,14.204617486135293,16.840502528334852,1.5936812639243514,0.6000000238398916,0.1034027912700715,396229.79736328125,2870.863980102535,16.44724206954647,31.69999999999999,ok
137.1,31.825999999999993,137.08,0.01999999999998181,14.202957090585858,16.900479151509632,1.6068976735783473,0.6000000238402411,0.14806442336951237,395618.46923828125,2881.861872694226,16.507241671552066,31.80000000000001,ok
137.2,31.925999999999988,137.18,0.01999999999998181,14.197827201731547,16.954237484659277,1.6181127739989742,0.6000000238402357,-0.032526274408831504,396402.1301269531,2892.8621587965204,16.56124420985061,31.900000000000006,ok
137.3,32.02600000000001,137.28,0.020000000000010232,14.194220098488396,17.01257287132718,1.6214690617139376,0.6000000238402305,0.040410788263158554,396084.9304199219,2903.8689235263373,16.61969101071687,32.0,ok
137.4,32.126000000000005,137.38,0.020000000000010232,14.191176092539518,17.07249559719596,1.620302485590265,0.600000023840581,0.03497862390272585,395761.65771484375,2914.8667928059863,16.679691002781553,32.099999999999994,ok
137.502,32.22800000000001,137.48,0.02200000000001978,14.188118573799386,17.132417611591475,1.6233981647943851,0.6000000238409319,-0.04572045811868437,395432.31201171875,2925.8555979410767,16.7396909713654,32.19999999999999,ok
137.6,32.32599999999999,137.58,0.01999999999998181,14.18519653371385,17.192346035319378,1.6085713157462813,0.6000000238402171,-0.27633156953895843,395096.8017578125,2936.835168965656,16.799690590437294,32.30000000000001,ok
137.701,32.42699999999999,137.68,0.020999999999986585,14.183572864846711,17.244346816659903,1.581878411600354,0.6000000238402131,-0.26041149737561015,394755.37109375,2947.8053380330384,16.851716714265763,32.400000000000006,ok
137.8,32.52600000000001,137.78,0.020000000000010232,14.183504258110705,17.302351452062947,1.560100598015042,0.60000002384092,-0.08713799899967742,394054.7180175781,2958.7610337151395,16.909721390242137,32.5,ok
137.905,32.631,137.9,0.0049999999999954525,14.18464321621217,17.374341941851043,1.547470728271906,0.6000000238409158,-0.03959038830392904,393695.61767578125,2971.890205976696,16.981720889167384,32.620000000000005,ok
138.0,32.726,137.98,0.020000000000010232,14.185810148557422,17.422327745821352,1.5444303789365545,0.6000000238409132,-0.11053032563479598,393330.74951171875,2980.6349433898886,17.029720879935876,32.69999999999999,ok
138.1,32.82599999999999,138.08,0.01999999999998181,14.188592344754406,17.483640247994803,1.5276038689907392,0.6000000238401996,-0.11937149716760632,392960.1135253906,2991.555649820962,17.091096473932577,32.80000000000001,ok
138.203,32.929,138.18,0.022999999999996135,14.191701457001075,17.543900375786276,1.5133461330974878,0.6000000238401967,-0.22233716963302652,392583.80126953125,3002.465981970891,17.15143675550639,32.900000000000006,ok
138.3,33.02600000000001,138.28,0.020000000000010232,14.195678261699564,17.603767260675838,1.4912711865364041,0.600000023840194,-0.21832185612410235,391814.4836425781,3013.3604025946697,17.21143557951145,33.0,ok
138.4,33.126000000000005,138.38,0.020000000000010232,14.20100634577563,17.66352873761636,1.464080428200924,0.6000000238401915,-0.41012394846302314,390264.0686035156,3024.222604709198,17.27143410121019,33.099999999999994,ok
138.5,33.226,138.48,0.020000000000010232,14.208340041643389,17.723075316141756,1.4283985869561575,0.6000000238405444,-0.21556918044192508,389861.4501953125,3035.057681359181,17.331430585350194,33.19999999999999,ok
138.602,33.328,138.58,0.02199999999999136,14.22313238896625,17.78331603903123,1.4151782478408568,0.6000000238408973,-0.03378791482188039,389453.4606933594,3045.8814995659704,17.393460886281,33.30000000000001,ok
138.7,33.42599999999999,138.68,0.01999999999998181,14.233876695659612,17.84281766625415,1.4207928573971593,0.6000000238405401,0.07362481835585025,389040.1306152344,3056.693910556367,17.453924790955575,33.400000000000006,ok
138.8,33.52600000000001,138.78,0.020000000000010232,14.242779452580052,17.90215348653741,1.4217812200605435,0.6000000238401828,0.0681140006016825,388197.75390625,3067.4888811747205,17.513924779701174,33.5,ok
138.9,33.626000000000005,138.88,0.020000000000010232,14.251419855325414,17.961527649925525,1.4361612221005826,0.6000000238401809,0.19212823915544266,386580.4443359375,3078.249689483639,17.57392434501327,33.599999999999994,ok
139.0,33.726,138.98,0.020000000000010232,14.25903150290186,18.02104208605973,1.4540928418643637,0.6000000238401793,0.17039110582074135,386142.2424316406,3088.981949022077,17.63392355573475,33.69999999999999,ok
139.1,33.82599999999999,139.08,0.01999999999998181,14.265536796591586,18.080687199185498,1.4787007325261903,0.6000000238408881,0.39181970312788417,385699.03564453125,3099.7019667731374,17.693922375437936,33.80000000000001,ok
139.2,33.92599999999999,139.18,0.01999999999998181,14.267876748972478,18.14861836173143,1.5270679736437502,0.6000000238369786,0.5921220674898378,385250.8239746094,3110.4096037122918,17.76189382695978,33.900000000000006,ok
139.3,34.02600000000001,139.28,0.020000000000010232,14.2690835155777,18.208597880930654,1.5860254404895997,0.6000000238405299,0.5533686163064241,384339.84375,3121.098362986244,17.82188548478826,34.0,ok
139.4,34.126000000000005,139.38,0.020000000000010232,14.266964914861347,18.268554988418362,1.6311370862895909,0.6000000238401733,0.3328121249979056,383877.1667480469,3131.7680436876053,17.881880011266,34.099999999999994,ok
139.5,34.226,139.48,0.020000000000010232,14.262673129632374,18.328399704203047,1.6541519621717147,0.6000000238405273,0.07653396428532261,383409.7595214844,3142.4248065524594,17.941878423143326,34.19999999999999,ok
139.6,34.32599999999999,139.58,0.01999999999998181,14.25761656421085,18.388186231212533,1.6516027366557797,0.6000000238405261,-0.1788848092037291,382937.68310546875,3153.068521033392,18.001878403690974,34.30000000000001,ok
139.7,34.42599999999999,139.68,0.01999999999998181,14.254869348044199,18.43712328200094,1.6388555562438702,0.600000023840525,-0.029461936388608632,382461.0290527344,3163.699058702255,18.05089250509591,34.400000000000006,ok
139.8,34.52600000000001,139.78,0.020000000000010232,14.251162579989488,18.494235110745006,1.6395373369428798,0.6000000238401686,0.007202063224058327,381979.8583984375,3174.3162932501873,18.108124498874766,34.5,ok
139.9,34.626000000000005,139.88,0.020000000000010232,14.247117368077056,18.55409850783043,1.6316568869524788,0.600000023840523,-0.22795889910178702,382242.1875,3184.9304883321092,18.16812441595824,34.599999999999994,ok
140.0,34.726,139.98,0.020000000000010232,14.24413673568288,18.614022180017592,1.5999751281002963,0.6000000238401667,-0.31454122935409884,381751.8615722656,3195.5415167914457,18.22812217139845,34.69999999999999,ok
140.1,34.82599999999999,140.08,0.01999999999998181,14.24301899397648,18.67401038608174,1.578708677178636,0.6000000238401658,-0.059325498720007155,381257.2326660156,3206.1388653225354,18.288120789826852,34.80000000000001,ok
140.2,34.92599999999999,140.18,0.01999999999998181,14.240662601725019,18.738890822936686,1.5834511633615866,0.600000023840165,0.04772136340773245,380758.36181640625,3216.7224152459016,18.35304400347907,34.900000000000006,ok
140.301,35.02699999999999,140.28,0.020999999999986585,14.237390355349673,18.804935634230503,1.5797707495785178,0.6000000238401643,-0.20699202376782594,379748.1994628906,3227.28500637478,18.419169828201163,35.0,ok
140.4,35.126000000000005,140.38,0.020000000000010232,14.236883997828675,18.866137225825863,1.5574993494310323,0.6000000238401636,-0.18938379434951338,379236.99951171875,3237.8264674716493,18.480373514460606,35.099999999999994,ok
140.5,35.226,140.48,0.020000000000010232,14.238028162447675,18.926125948226172,1.5479832074600075,0.6000000238412287,0.056323443157319776,378721.8017578125,3248.353673044837,18.540373147191954,35.19999999999999,ok
140.6,35.32599999999999,140.58,0.01999999999998181,14.24208190411067,18.97663345730059,1.5580085293763148,0.6000000238405175,0.20008074056963668,378202.6672363281,3258.86651289198,18.591043072141304,35.30000000000001,ok
140.7,35.42599999999999,140.68,0.01999999999998181,14.243136537019822,19.034185557007074,1.5755462112975855,0.6000000238401617,0.1145004495307416,377679.6569824219,3269.3648785061287,18.64860483402537,35.400000000000006,ok
140.8,35.52600000000001,140.78,0.020000000000010232,14.242699361537223,19.094183910358392,1.5772693702298899,0.6000000238408717,-0.11630486889252634,377152.8015136719,3279.848662651907,18.70860478008595,35.5,ok
140.9,35.626000000000005,140.88,0.020000000000010232,14.24266284301916,19.154183297169478,1.5599702471819255,0.6000000238401606,-0.2881613637697366,376087.9211425781,3290.3103393554657,18.7686041780105,35.599999999999994,ok
141.0,35.726,140.98,0.020000000000010232,14.244050321415136,19.214164966260952,1.5313596791598525,0.6000000238408707,-0.16589202465074215,375550.0183105469,3300.749755181203,18.828601892327782,35.69999999999999,ok
141.1,35.82599999999999,141.08,0.01999999999998181,14.246690633880597,19.274106634601665,1.525024715801967,0.6000000238408701,0.08995923497345237,375008.48388671875,3311.174178822834,18.888601682772276,35.80000000000001,ok
141.2,35.92599999999999,141.18,0.01999999999998181,14.252879457540539,19.34568955370463,1.5317647607944382,0.6000000238401593,0.08932436917950722,373165.6799316406,3321.5654866536443,18.960451636464644,35.900000000000006,ok
141.3,36.02600000000001,141.28,0.020000000000010232,14.25500588491755,19.405651670263005,1.5403212663827053,0.6000000238401588,0.0178904228485545,372057.55615234375,3331.9158093770325,19.02045144576059,36.0,ok
141.4,36.126000000000005,141.38,0.020000000000010232,14.256913333139858,19.465621240963337,1.5319015331032413,0.6000000238405138,-0.22112974103108254,371498.47412109375,3342.242976464163,19.080451343833026,36.099999999999994,ok
141.501,36.227000000000004,141.48,0.021000000000015007,14.259739117770032,19.525553758402232,1.5139036374279278,0.600000023840158,-0.1363181468622615,370936.09619140625,3352.5545677185028,19.140450441370735,36.19999999999999,ok
141.6,36.32599999999999,141.58,0.01999999999998181,14.263450192764244,19.58543855602627,1.5045784304754128,0.6000000238408683,0.03790537873270136,370370.4833984375,3362.850492435031,19.200450116903895,36.30000000000001,ok
141.7,36.42599999999999,141.68,0.01999999999998181,14.266681368151895,19.640730899633105,1.5108448606778642,0.6000000238401574,0.08578077512736935,369801.7272949219,3373.130662027994,19.255836791798874,36.400000000000006,ok
141.8,36.52600000000001,141.78,0.020000000000010232,14.269773011666233,19.69949239533472,1.5292038727268733,0.6000000238405124,0.2828123052029954,369229.8278808594,3383.3949891832126,19.31467956226994,36.5,ok
141.901,36.62700000000001,141.88,0.021000000000015007,14.27146867477146,19.759465328773516,1.5675402658875208,0.6000000238387357,0.5142736865199897,368076.96533203125,3393.6353613111687,19.374676462345036,36.599999999999994,ok
142.0,36.726,141.98,0.020000000000010232,14.270421828972848,19.819449682064683,1.6206487698219756,0.6000000238401566,0.5651237372625536,367496.0632324219,3403.8516533745633,19.434669949707295,36.69999999999999,ok
142.1,36.82599999999999,142.08,0.01999999999998181,14.266107743783873,19.879287282460467,1.6727040812254228,0.6000000238405117,0.3883366340157083,366912.29248046875,3414.0517694261334,19.494662863890085,36.80000000000001,ok
142.2,36.92599999999999,142.18,0.01999999999998181,14.258492613502082,19.93892712157892,1.7034346612432882,0.6000000238405114,0.14881765864560403,366325.6530761719,3424.235629781086,19.554786907493984,36.900000000000006,ok
142.3,37.02600000000001,142.28,0.020000000000010232,14.250132720054568,19.998373070177042,1.7083470339840976,0.6000000238401559,-0.10679388084016284,365736.2060546875,3434.4031556023474,19.614817804731857,37.0,ok
142.4,37.126000000000005,142.38,0.020000000000010232,14.242281610519656,20.057856350500202,1.687434597878793,0.6000000238401557,-0.2908172592343909,365902.28271484375,3444.5648012797014,19.674816976050575,37.099999999999994,ok
142.503,37.228999999999985,142.48,0.022999999999996135,14.235950183504405,20.117519639437404,1.6613568441892355,0.600000023840866,-0.17913185000875848,365308.28857421875,3454.7205036587156,19.734815267816703,37.19999999999999,ok
142.6,37.32599999999999,142.58,0.01999999999998181,14.23091304676688,20.177307144357773,1.6429259128022895,0.6000000238408659,-0.2982034646880072,364711.7004394531,3464.8596701727965,19.794814588572155,37.30000000000001,ok
142.7,37.42599999999999,142.68,0.01999999999998181,14.225417418951372,20.235026398812845,1.6195918132775386,0.6000000238401552,-0.13456223619847685,364112.5183105469,3474.982228766546,19.85279488056811,37.400000000000006,ok
142.8,37.52600000000001,142.78,0.020000000000010232,14.222336535500045,20.29440242949482,1.6014786365088955,0.600000023840155,-0.2494790904273449,363510.8337402344,3485.08810865614,19.912250787443604,37.5,ok
142.9,37.626000000000005,142.88,0.020000000000010232,14.220994169356784,20.35438657170937,1.5855160585644066,0.6000000238405101,-0.07050237179501152,362300.0793457031,3495.168815782333,19.972249947971715,37.599999999999994,ok
143.0,37.726,142.98,0.020000000000010232,14.220403319116736,20.4143831218167,1.5692479747036074,0.60000002384051,-0.1727226343055877,361691.0705566406,3505.2242484198646,20.032249407375843,37.69999999999999,ok
143.1,37.82599999999999,143.08,0.01999999999998181,14.22024531908946,20.47777479855981,1.5565003571718166,0.6000000238401546,0.0285681047913149,361079.77294921875,3515.2627323574484,20.095641281021535,37.80000000000001,ok
143.2,37.92599999999999,143.18,0.01999999999998181,14.22080521142437,20.538593531905697,1.5649494659350087,0.6000000238405098,0.03391146944992056,360466.1865234375,3525.28420401679,20.156462591474572,37.900000000000006,ok
143.3,38.02600000000001,143.28,0.020000000000010232,14.221187642563843,20.598592273048585,1.5617785549734076,0.6000000238401544,0.02345041704223446,359850.3723144531,3535.288600667316,20.216462551410455,38.0,ok
143.4,38.126000000000005,143.38,0.020000000000010232,14.221608068406374,20.658590723548794,1.565441903440177,0.6000000238405095,-0.07367774335513305,358612.1826171875,3545.267247263588,20.276462474913032,38.099999999999994,ok
143.5,38.226,143.48,0.020000000000010232,14.222109879353935,20.718588489742384,1.5578692969371903,0.6000000238401542,-0.04005935614100157,357989.8986816406,3555.2200539482938,20.336462339599944,38.19999999999999,ok
143.6,38.32599999999999,143.58,0.01999999999998181,14.222859842482656,20.778583752082785,1.5627038082051212,0.6000000238405093,0.046496677469927784,357365.5090332031,3565.1555457221134,20.39646228916649,38.30000000000001,ok
143.7,38.42599999999999,143.68,0.01999999999998181,14.223238497385875,20.822193521536555,1.5627950699729543,0.6000000238405092,0.05701429608408491,356739.1357421875,3575.0736657884377,20.440073702481662,38.400000000000006,ok
143.801,38.52699999999999,143.78,0.020999999999986585,14.223510824398549,20.878095527833306,1.5693955727491844,0.6000000238405092,-0.03759804756682896,356110.77880859375,3584.9743590460866,20.495976372095946,38.5,ok
143.9,38.626000000000005,143.88,0.020000000000010232,14.223726198204446,20.938095032472134,1.5605309151206515,0.6000000238405091,-0.22184648398452905,355480.4382324219,3594.857570393878,20.55597626328569,38.599999999999994,ok
144.0,38.726,143.98,0.020000000000010232,14.22493620407305,20.998081255905728,1.5349230522461192,0.600000023840509,-0.2391998484510649,354848.2360839844,3604.72324642605,20.615974689231933,38.69999999999999,ok
144.1,38.82599999999999,144.08,0.01999999999998181,14.22753892853669,21.05802412448893,1.521238360573014,0.600000023840509,-0.024922068218932607,353578.2165527344,3614.5625027126734,20.675974036466854,38.80000000000001,ok
144.2,38.92599999999999,144.18,0.01999999999998181,14.228877255852744,21.1245873519417,1.5156641037297818,0.6000000238405089,-0.06822975748636187,352940.5212402344,3624.3752629597975,20.742550716835687,38.900000000000006,ok
144.3,39.02600000000001,144.28,0.020000000000010232,14.232302097365455,21.18448948243494,1.5119932604189072,0.6000000238405088,0.047063946637325486,352301.0559082031,3634.1702848646364,20.802550673310808,39.0,ok
144.4,39.126000000000005,144.38,0.020000000000010232,14.235592660192058,21.244398794131325,1.526928113073852,0.6000000238419299,0.2791097048520294,351659.8815917969,3643.9475201076916,20.862550285239973,39.099999999999994,ok
144.5,39.226,144.48,0.020000000000010232,14.237588616391065,21.304364036373673,1.5499469087524036,0.6000000238405087,0.09528977421643742,350372.49755859375,3653.697969818113,20.922548736206075,39.19999999999999,ok
144.6,39.32599999999999,144.58,0.01999999999998181,14.23873363820399,21.364353081905612,1.549248632508557,0.6000000238401534,-0.1601166135566764,349726.318359375,3663.4215644836427,20.98254870836261,39.30000000000001,ok
144.7,39.42599999999999,144.68,0.01999999999998181,14.241275490781081,21.421360056704795,1.524843087142057,0.6000000238405087,-0.22377329982588173,349078.6437988281,3673.1271889580617,21.039612323655355,39.400000000000006,ok
144.8,39.52600000000001,144.78,0.020000000000010232,14.244458450857154,21.48127496232356,1.5095595079252262,0.6000000238401533,-0.09183857511863353,348429.38232421875,3682.8148004319924,21.099611716570212,39.5,ok
144.9,39.626000000000005,144.88,0.020000000000010232,14.248227913832999,21.54115641307345,1.510589000013953,0.6000000238401533,0.13309365972432002,347778.5949707031,3692.484355672199,21.159611691528852,39.599999999999994,ok
145.0,39.726,144.98,0.020000000000010232,14.251527922201012,21.601065214052618,1.5214440537940999,0.6000000238401532,-0.0044594671468673255,345025.7568359375,3702.1066383361795,21.219611312277575,39.69999999999999,ok
145.1,39.82599999999999,145.08,0.01999999999998181,14.254607227086725,21.660986020549732,1.5152321576636705,0.6000000238401532,0.005551192037833386,344368.1335449219,3711.6815534803604,21.27961118869281,39.80000000000001,ok
145.2,39.92599999999999,145.18,0.01999999999998181,14.258941679070329,21.71804246828589,1.5175960559364314,0.6000000238405084,-0.09095550613452634,343709.1369628906,3721.2381822374127,21.336832038933498,39.900000000000006,ok
145.3,40.02600000000001,145.28,0.020000000000010232,14.262631498582898,21.777226382513568,1.5046687725421726,0.600000023840153,-0.18820000090327216,343048.828125,3730.7764873080773,21.396130862457614,40.0,ok
145.4,40.126000000000005,145.38,0.020000000000010232,14.26701800171488,21.83706515254819,1.4902988149011234,0.6000000238412189,-0.011997514702523325,342387.2375488281,3740.296432664658,21.456130194195417,40.099999999999994,ok
145.5,40.226,145.48,0.020000000000010232,14.271748833532994,21.896878234550822,1.4993408645855142,0.600000023840153,0.24373354614857778,341724.3347167969,3749.7979822794578,21.516130073764838,40.19999999999999,ok
145.6,40.32599999999999,145.58,0.01999999999998181,14.27533062895389,21.95676879567942,1.5328161034696473,0.6000000238405083,0.45773883341014704,340394.83642578125,3759.27185965644,21.57612764513848,40.30000000000001,ok
145.7,40.42599999999999,145.68,0.01999999999998181,14.277406558871258,22.01731893794509,1.5838683283749597,0.6000000238397977,0.6189842974471773,339728.271484375,3768.7180139329694,21.636713363038123,40.400000000000006,ok
145.8,40.52600000000001,145.78,0.020000000000010232,14.275410364083768,22.07739991315678,1.6445884971027678,0.6000000238401529,0.6001173866530708,339060.546875,3778.1456364101823,21.696827490961738,40.5,ok
145.9,40.626000000000005,145.88,0.020000000000010232,14.269557853201077,22.1371052390408,1.7027374144965088,0.6000000238401529,0.47773875164468504,338391.66259765625,3787.55469487508,21.756818972211573,40.599999999999994,ok
146.0,40.726,145.98,0.020000000000010232,14.260652017937517,22.196436694363623,1.740247692985983,0.6000000238401529,0.22175481116387152,337721.61865234375,3796.9451571146624,21.81681510119058,40.69999999999999,ok
146.103,40.82900000000001,146.08,0.022999999999996135,14.250130338199167,22.255506410508765,1.7524736210146439,0.6000000238401529,0.031730666444895056,336378.3264160156,3806.307656351725,21.876814577104827,40.80000000000001,ok
146.201,40.92699999999999,146.18,0.020999999999986585,14.241513759854271,22.32578288076392,1.764214048828962,0.6000000238401529,0.20730852400283903,337183.0139160156,3815.6626749674474,21.947617315003143,40.900000000000006,ok
146.3,41.02600000000001,146.28,0.020000000000010232,14.229573867566401,22.38458228464484,1.7769616507199204,0.6000000238401528,-0.02036793024718215,336510.6506347656,3825.019531419541,22.007616739372025,41.0,ok
146.4,41.126000000000005,146.38,0.020000000000010232,14.217450874522788,22.443344589307454,1.7667969584439354,0.6000000238401528,-0.2079681328865814,335837.21923828125,3834.3576962788884,22.067616534451655,41.099999999999994,ok
146.5,41.226,146.48,0.020000000000010232,14.20636033541331,22.502308883922407,1.7406262763354465,0.6000000238401528,-0.18881825692721252,334487.24365234375,3843.6677582634798,22.12761476856882,41.19999999999999,ok
146.6,41.32599999999999,146.58,0.01999999999998181,14.196678260354986,22.561521568251724,1.7184442198880834,0.6000000238405081,-0.3482490218004948,335297.0886230469,3852.9703184339733,22.18761380658543,41.30000000000001,ok
146.7,41.42599999999999,146.68,0.01999999999998181,14.181039603746058,22.608272596144367,1.6823164827324821,0.6000000238415739,-0.5673367645981939,334621.3684082031,3862.2747414482956,22.236911130950457,41.400000000000006,ok
146.8,41.52600000000001,146.78,0.020000000000010232,14.175668667974962,22.66802490549793,1.631726282726981,0.6000000238405081,-0.3624898419797522,333944.64111328125,3871.560380469427,22.296904342434267,41.5,ok
146.9,41.626000000000005,146.88,0.020000000000010232,14.172800084246644,22.72795400955332,1.603537994055659,0.6000000238408634,-0.14417132039713776,333266.8762207031,3880.827207099065,22.356902061436642,41.599999999999994,ok
147.0,41.726,146.98,0.020000000000010232,14.171181815403564,22.78793168573355,1.5891223437603836,0.6000000238405081,-0.12346547555969979,332588.134765625,3890.0751933627635,22.4169015650515,41.69999999999999,ok
147.1,41.82599999999999,147.08,0.01999999999998181,14.170261341610983,22.84792454702302,1.5857479089931918,0.600000023840508,0.09034701474110109,331908.4777832031,3899.304312981499,22.47690148736562,41.80000000000001,ok
147.2,41.92599999999999,147.18,0.01999999999998181,14.172863710311173,22.913320882544408,1.5910785511903396,0.600000023840508,0.024314238737349635,330546.2341308594,3908.505072869194,22.542349581474447,41.900000000000006,ok
147.3,42.02600000000001,147.28,0.020000000000010232,14.172560669302433,22.9745489718231,1.5911620020374517,0.6000000238401527,0.008444047171503257,329863.7390136719,3917.677433607312,22.603578420680922,42.0,ok
147.4,42.126000000000005,147.38,0.020000000000010232,14.171291890482902,23.03453553570119,1.5947562310049006,0.6000000238401527,0.10164006248213812,329180.3283691406,3926.830823432073,22.663578401060857,42.099999999999994,ok
147.5,42.226,147.48,0.020000000000010232,14.16948871567835,23.094507654227847,1.6151194616199391,0.600000023840508,0.3571675960522575,328495.9716796875,3935.9652164883064,22.72357762138872,42.19999999999999,ok
147.6,42.32599999999999,147.58,0.01999999999998181,14.167324902243923,23.148464719794088,1.6570371624448703,0.6000000238401527,0.4913498986205629,327810.72998046875,3945.0805873446993,22.777578056693436,42.30000000000001,ok
147.7,42.42599999999999,147.68,0.01999999999998181,14.161376169073872,23.206616940743594,1.7051764511582435,0.6000000238401527,0.42465367075247396,326437.6525878906,3954.167370435926,22.83603375126367,42.400000000000006,ok
147.8,42.52600000000001,147.78,0.020000000000010232,14.152449822574013,23.265946263014644,1.7389931373247924,0.6000000238401527,0.3479259973158073,325749.7863769531,3963.225529310437,22.896030819050168,42.5,ok
147.9,42.626000000000005,147.88,0.020000000000010232,14.141475046242048,23.324929803111125,1.7799428488181999,0.6000000238401527,0.34846894405377044,326569.3054199219,3972.2855166965046,22.95602668322304,42.599999999999994,ok
148.001,42.727000000000004,147.98,0.021000000000015007,14.12824166006683,23.383449729165985,1.809744896177736,0.6000000238401527,0.16609122058449236,325880.92041015625,3981.3473253885886,23.016024218631827,42.69999999999999,ok
148.1,42.82599999999999,148.08,0.01999999999998181,14.113762553731032,23.441676238330906,1.8189461017057567,0.6000000238401527,0.057773779996464394,325191.650390625,3990.389999983046,23.07602397604647,42.80000000000001,ok
148.2,42.92599999999999,148.18,0.01999999999998181,14.096501828805883,23.48181836746646,1.8206419931127087,0.6000000238401527,-0.16467292061097172,326012.9699707031,3999.434508599175,23.119719778550568,42.900000000000006,ok
148.3,43.02600000000001,148.28,0.020000000000010232,14.082169261797269,23.540079910742104,1.793955155621338,0.6000000238401527,-0.42024211869787687,325322.998046875,4008.4808414883073,23.179718361049794,43.0,ok
148.4,43.126000000000005,148.38,0.020000000000010232,14.069996918080346,23.59882615752716,1.7425618929627502,0.6000000238401527,-0.5327938378753323,324632.2021484375,4017.507997046575,23.23971242294673,43.099999999999994,ok
148.5,43.226,148.48,0.020000000000010232,14.060888124661586,23.658125549609064,1.6976255665502973,0.6000000238401527,-0.40125810978098,323247.8332519531,4026.50633087158,23.299707322886885,43.19999999999999,ok
148.6,43.32599999999999,148.58,0.01999999999998181,14.054250032689534,23.717753414589858,1.6593595353618686,0.600000023840508,-0.28642579176001753,322554.2907714844,4035.4758048163517,23.359703543994527,43.30000000000001,ok
148.7,43.42599999999999,148.68,0.01999999999998181,14.047430686474085,23.782169252433867,1.6392749864700766,0.6000000238401527,-0.12090495867032197,323377.1057128906,4044.4470742119674,23.424479339226636,43.400000000000006,ok
148.8,43.52600000000001,148.78,0.020000000000010232,14.042969484793849,23.84315000157588,1.632630992969446,0.6000000238397974,0.05804258339908953,322682.67822265625,4053.420126766627,23.485623055881355,43.5,ok
148.9,43.626000000000005,148.88,0.020000000000010232,14.039000470139728,23.903018126156017,1.6486526807882396,0.6000000238401526,0.313617412796813,321291.07666015625,4062.3642066955545,23.545622601030193,43.599999999999994,ok
149.0,43.726,148.98,0.020000000000010232,14.03346193753065,23.962758261012368,1.6888646311929711,0.6000000238401526,0.40340200679051774,320593.8415527344,4071.279275004066,23.605618926385308,43.69999999999999,ok
149.1,43.82599999999999,149.08,0.01999999999998181,14.02543461451778,24.02221491851632,1.7292654942304397,0.6000000238401526,0.40705516432832584,319895.751953125,4080.174963802761,23.665615026561028,43.80000000000001,ok
149.2,43.92599999999999,149.18,0.01999999999998181,14.018442530524156,24.110655836580463,1.7661170008196883,0.6000000238429948,0.5024229065383288,318496.7956542969,4089.041526963975,23.754331908982596,43.900000000000006,ok
149.3,44.02600000000001,149.28,0.020000000000010232,14.006498037318774,24.176504119600548,1.813101559473868,0.6000000238401526,0.37977637433545697,317795.95947265625,4097.878926340738,23.82125475481738,44.0,ok
149.4,44.126000000000005,149.38,0.020000000000010232,13.991274502272047,24.234537626956325,1.8491366022810154,0.6000000238401526,0.37704858146469644,318617.73681640625,4106.718005455863,23.881251788038465,44.099999999999994,ok
149.5,44.226,149.48,0.020000000000010232,13.973947291532783,24.291978039360572,1.8835875580272101,0.6000000238401526,0.3059811889877298,317915.5578613281,4115.5587456597195,23.94124873137038,44.19999999999999,ok
149.6,44.32599999999999,149.58,0.01999999999998181,13.954763736910044,24.34882605059456,1.9155998850619358,0.6000000238401526,0.3234362061515777,317212.40234375,4124.379967329237,24.00124627423026,44.30000000000001,ok
149.7,44.42599999999999,149.68,0.01999999999998181,13.93060234399972,24.383705359535625,1.9572123333579006,0.6000000238401526,0.38948788999760425,318033.50830078125,4133.2028271992995,24.043676677240054,44.400000000000006,ok
149.8,44.52600000000001,149.78,0.020000000000010232,13.907073354162051,24.438894666014914,2.0004482331279614,0.6000000238401526,0.42666299627293125,317328.8269042969,4142.027304077147,24.103672284682983,44.5,ok
149.9,44.626000000000005,149.88,0.020000000000010232,13.881264648273037,24.4930569721137,2.0331503422203183,0.6000000238401526,0.23447241382079884,318149.3225097656,4150.8533894856755,24.16366932378996,44.599999999999994,ok
150.0,44.726,149.98,0.020000000000010232,13.853995051354977,24.54650045125893,2.057536079912882,0.6000000238401526,0.2607632449602201,317442.9626464844,4159.681060112845,24.223667960267967,44.69999999999999,ok
150.1,44.82599999999999,150.08,0.01999999999998181,13.825383007315063,24.599237162734266,2.0826063893033724,0.6000000238401526,0.22899844808060432,318262.6953125,4168.510305362278,24.283666375258488,44.80000000000001,ok
150.2,44.92599999999999,150.18,0.01999999999998181,13.793780556780401,24.658778584394465,2.113711433788813,0.6000000238401526,0.36654931145864617,318373.046875,4177.3524684482145,24.35107480034848,44.900000000000006,ok
150.3,45.02600000000001,150.28,0.020000000000010232,13.761583668726106,24.711534283857468,2.1463154142588574,0.6000000238401526,0.1856691544671534,317662.8723144531,4186.186300659178,24.41287935864487,45.0,ok
150.4,45.126000000000005,150.38,0.020000000000010232,13.728526765725746,24.761605328067652,2.1701770601586743,0.6000000238401526,0.3208098069490798,318480.0720214844,4195.0216193305105,24.472878261170443,45.099999999999994,ok
150.5,45.226,150.48,0.020000000000010232,13.694146536997392,24.81077671275932,2.19316163681399,0.6000000238397973,0.14425062877477435,319296.6613769531,4203.879629516599,24.532876804485344,45.19999999999999,ok
150.601,45.327,150.58,0.020999999999986585,13.658968348264356,24.85938199126318,2.2005882854774357,0.6000000238373104,0.004019990251774,318583.2214355469,4212.739072333442,24.592876621659858,45.30000000000001,ok
150.7,45.42599999999999,150.68,0.01999999999998181,13.624588895518452,24.90730253789918,2.198894227859094,0.6000000238401526,-0.013421727579866817,319397.9797363281,4221.599922349717,24.651853952567595,45.400000000000006,ok
150.8,45.52600000000001,150.78,0.020000000000010232,13.589582541521171,24.95571201544036,2.2011161907577708,0.6000000238401526,0.06640684040679389,320211.7919921875,4230.483391401502,24.71159441068429,45.5,ok
150.9,45.626000000000005,150.88,0.020000000000010232,13.554024270366451,25.004039751790103,2.213127609489202,0.6000000238405079,0.11356502585416811,319494.6594238281,4239.368203226723,24.771594083585093,45.599999999999994,ok
151.0,45.726,150.98,0.020000000000010232,13.517905088419253,25.051949922799285,2.22081189713151,0.6000000238394421,-0.009944208758585364,320306.1218261719,4248.254325188528,24.831593915173723,45.69999999999999,ok
151.1,45.82599999999999,151.08,0.01999999999998181,13.481662961310423,25.099767312326954,2.2178522558869442,0.6000000238401526,0.06510393852262336,321836.3342285156,4257.172970411512,24.891593869495484,45.80000000000001,ok
151.2,45.92599999999999,151.18,0.01999999999998181,13.443472163994986,25.148445223414374,2.2231662718668868,0.6000000238394421,-0.07180734796209481,322646.78955078125,4266.124124908447,24.953465317089858,45.900000000000006,ok
151.3,46.02600000000001,151.28,0.020000000000010232,13.407283456050187,25.196302421048827,2.2057331622572955,0.6000000238401526,-0.30259828497739094,321925.3845214844,4275.0765162150055,25.013464766655144,46.0,ok
151.401,46.12700000000001,151.38,0.021000000000015007,13.372208681074289,25.244980844667918,2.18402232759785,0.6000000238397973,-0.10371847679527751,322732.8796386719,4284.030103217229,25.073463339685254,46.099999999999994,ok
151.5,46.226,151.48,0.020000000000010232,13.337983122470364,25.294260810897512,2.164550654538313,0.6000000238405079,-0.20095031503003705,323538.7878417969,4293.006098598902,25.13346253912442,46.19999999999999,ok
151.6,46.32599999999999,151.58,0.01999999999998181,13.305852558085089,25.34075336488411,2.14924195572592,0.6000000238373104,-0.09525797876309994,322812.56103515625,4301.983200666639,25.189977411007078,46.30000000000001,ok
151.7,46.42599999999999,151.68,0.01999999999998181,13.273536463802065,25.390252388925372,2.1407293780561747,0.6000000238397973,0.01981545939794733,323614.9597167969,4310.961360677083,25.249091566086438,46.400000000000006,ok
151.8,46.52600000000001,151.78,0.020000000000010232,13.241033991930099,25.440686186526435,2.1510506143233203,0.6000000238401526,0.18345098599927326,324415.4357910156,4319.961782836913,25.30909138790495,46.5,ok
151.9,46.626000000000005,151.88,0.020000000000010232,13.207796495014554,25.490638092101037,2.1649754322905865,0.6000000238397973,0.007436529840100341,323683.89892578125,4328.963162485757,25.36909075516615,46.599999999999994,ok
152.0,46.726,151.98,0.020000000000010232,13.174285647400776,25.540407671656567,2.1581691009664317,0.6000000238401526,-0.10445459630188253,324480.3771972656,4337.965444098576,25.429090654807137,46.69999999999999,ok
152.101,46.827,152.08,0.020999999999986585,13.141166438494857,25.590438767732813,2.1563105925649393,0.6000000238397973,0.08426104701411513,325274.5361328125,4346.989817894829,25.489090592916643,46.80000000000001,ok
152.2,46.92599999999999,152.18,0.01999999999998181,13.109946917688566,25.653866554812264,2.1510416039338116,0.6000000238405079,-0.1353149877567177,323797.9431152344,4356.00471343994,25.559785307380814,46.900000000000006,ok
152.3,47.02600000000001,152.28,0.020000000000010232,13.077280305473924,25.704194087323906,2.1404935293867906,0.6000000238394421,-0.06732936960171963,324585.2966308594,4365.010036214191,25.619785041399325,47.0,ok
152.4,47.126000000000005,152.38,0.020000000000010232,13.044955984843208,25.75474244653294,2.1425420184904373,0.6000000238401526,0.1432711396473858,325369.873046875,4374.037191348603,25.679785027424014,47.099999999999994,ok
152.5,47.226,152.48,0.020000000000010232,13.012165081691634,25.804988580939963,2.161061851275783,0.6000000238401526,0.2995324099621336,324624.20654296875,4383.064886898462,25.7397843386896,47.19999999999999,ok
152.6,47.32599999999999,152.58,0.01999999999998181,12.97814434140341,25.854408247898967,2.1902063682127246,0.6000000238394421,0.16682395357872798,325403.5339355469,4392.093049960666,25.799781957409824,47.30000000000001,ok
152.7,47.42599999999999,152.68,0.01999999999998181,12.940022670247398,25.899072170919354,2.220173448381147,0.6000000238401526,0.35747903203040227,326930.3894042969,4401.153243340385,25.858502718911172,47.400000000000006,ok
152.801,47.52699999999999,152.78,0.020999999999986585,12.903127821849486,25.946384998496416,2.2479582769879225,0.6000000238401526,0.1302684654599307,326179.74853515625,4410.224217478433,25.91850049796708,47.5,ok
152.9,47.626000000000005,152.88,0.020000000000010232,12.86523213465388,25.992901938203687,2.2662934479279757,0.6000000238397973,0.1811458204881531,326952.69775390625,4419.29550145467,25.978499737860243,47.599999999999994,ok
153.0,47.726,152.98,0.020000000000010232,12.826471698763584,26.03870092836932,2.2825878576594447,0.6000000238401526,0.08783295628343937,327722.22900390625,4428.38820877075,26.038499061944748,47.69999999999999,ok
153.1,47.82599999999999,153.08,0.01999999999998181,12.787205021074799,26.084067497355793,2.2850395109230437,0.6000000238401526,0.08278761047915092,328488.2507324219,4437.502243211534,26.098499041597407,47.80000000000001,ok
153.2,47.92599999999999,153.18,0.01999999999998181,12.74825923695172,26.126637846128496,2.302507649236954,0.6000000238397973,0.33834980235963685,329250.5798339844,4446.637504747177,26.15619660389939,47.900000000000006,ok
153.3,48.02600000000001,153.28,0.020000000000010232,12.708362197563076,26.167555558663356,2.3332943850424295,0.6000000238401526,0.29142885652813255,328486.7858886719,4455.772745937769,26.213345820438764,48.0,ok
153.4,48.126000000000005,153.38,0.020000000000010232,12.666608422592365,26.209850056917727,2.3571322030859436,0.6000000238397973,0.10504451521729158,329242.3095703125,4464.907872263588,26.272778154289067,48.099999999999994,ok
153.5,48.226,153.48,0.020000000000010232,12.624050888713459,26.25214487503949,2.3574148086038638,0.6000000238401526,-0.08420001975768854,329993.65234375,4474.063927290172,26.332778115370783,48.19999999999999,ok
153.6,48.32599999999999,153.58,0.01999999999998181,12.580387735764077,26.281993341465142,2.3606486135302527,0.6000000238394421,0.0008195077867611672,331513.6413574219,4483.251528591579,26.38566858590607,48.30000000000001,ok
153.7,48.42599999999999,153.68,0.01999999999998181,12.537494969539255,26.321100504856503,2.353585928712546,0.6000000238401526,-0.17398840566257565,332259.58251953125,4492.470601145425,26.443713048371805,48.400000000000006,ok
153.8,48.52600000000001,153.78,0.020000000000010232,12.495476746636626,26.363930193161725,2.336717629835888,0.6000000238397973,-0.09698773676377842,333001.0070800781,4501.71033155653,26.503712325502597,48.5,ok
153.9,48.626000000000005,153.88,0.020000000000010232,12.453964244195564,26.407251188103846,2.337103755022072,0.6000000238401526,0.10120385750750452,332221.61865234375,4510.949534691702,26.56371229601671,48.599999999999994,ok
154.0,48.726,153.98,0.020000000000010232,12.412176558399512,26.450306466126065,2.3492654571794165,0.6000000238401526,0.2289059194439256,332955.01708984375,4520.18809907701,26.623712026430773,48.69999999999999,ok
154.1,48.82599999999999,154.08,0.01999999999998181,12.369620467548868,26.492600604034827,2.373808946951795,0.6000000238401526,0.22919732019945838,334469.7265625,4529.457887183295,26.68371048449374,48.80000000000001,ok
154.2,48.92599999999999,154.18,0.01999999999998181,12.326021781970768,26.537100329273763,2.4002489879038036,0.6000000238401526,0.312512749047255,335196.6552734375,4538.758809153238,26.74600872628658,48.900000000000006,ok
154.3,49.02600000000001,154.28,0.020000000000010232,12.28132097078687,26.577120868804744,2.4235333259876395,0.6000000238397973,0.08514935682351049,335918.4875488281,4548.079852803547,26.8060071104719,49.0,ok
154.4,49.126000000000005,154.38,0.020000000000010232,12.236082091183821,26.616534587451905,2.422058933830885,0.6000000238401526,-0.15934907735455878,336635.009765625,4557.42087359958,26.866007089183036,49.099999999999994,ok
154.5,49.226,154.48,0.020000000000010232,12.1912836654763,26.656446379185493,2.399086726744325,0.6000000238401526,-0.19779496602720462,337346.0998535156,4566.78172234429,26.926005839713838,49.19999999999999,ok
154.6,49.32599999999999,154.58,0.01999999999998181,12.147339691579772,26.697298129527134,2.3863005789029677,0.6000000238397973,-0.002160164803381083,338853.4240722656,4576.173382398817,26.98600532594326,49.30000000000001,ok
154.7,49.42599999999999,154.68,0.01999999999998181,12.10503354367371,26.742165023086645,2.3873763249657833,0.6000000238397973,-0.04281812141690982,338051.513671875,4585.574839867485,27.047672564314457,49.400000000000006,ok
154.8,49.52600000000001,154.78,0.020000000000010232,12.061827719218014,26.784353519504506,2.3752625518278694,0.6000000238401526,-0.12725394923722938,338751.1291503906,4594.974876573349,27.108059752499504,49.5,ok
154.9,49.626000000000005,154.88,0.020000000000010232,12.018833023543271,26.826203152773893,2.358642706537524,0.6000000238401526,-0.22473584515315945,339444.7937011719,4604.394264390731,27.168059216338325,49.599999999999994,ok
155.001,49.727000000000004,154.98,0.021000000000015007,11.976632416447067,26.868853097547643,2.3418450408580322,0.6000000238401526,-0.15430508671198667,340132.3547363281,4613.832835896807,27.228058458237637,49.69999999999999,ok
155.1,49.82599999999999,155.08,0.01999999999998181,11.935165609509074,26.91221625055271,2.3187583582449878,0.6000000238397973,-0.334991806529704,340813.5986328125,4623.290418582492,27.288057284194267,49.80000000000001,ok
155.2,49.92599999999999,155.18,0.01999999999998181,11.895029590638131,26.954008514408933,2.2828271846020427,0.6000000238394421,-0.26393187167957954,341488.28125,4632.766833580864,27.34600116505357,49.900000000000006,ok
155.3,50.02600000000001,155.28,0.020000000000010232,11.856223656717878,26.99906837151992,2.265246396358152,0.6000000238401526,-0.12048181567373568,341488.28125,4642.252619171141,27.405467888776045,50.0,ok
155.4,50.126000000000005,155.38,0.020000000000010232,11.818069268060356,27.04537373214883,2.250590668760465,0.6000000238373104,-0.1708895355849814,342156.43310546875,4651.7476846483005,27.46546742041424,50.099999999999994,ok
155.5,50.226,155.48,0.020000000000010232,11.78063079484991,27.092259828384513,2.237296947038154,0.6000000238397973,-0.08683660339266353,342817.7795410156,4661.261215379501,27.525466964550432,50.19999999999999,ok
155.6,50.32599999999999,155.58,0.01999999999998181,11.743691648744353,27.13954070271245,2.2292489835659786,0.6000000238397973,-0.05076972296704502,343472.1374511719,4670.793019782172,27.585466811152084,50.30000000000001,ok
155.7,50.42599999999999,155.68,0.01999999999998181,11.707077469081238,27.190388980916836,2.2260019252630587,0.6000000238397973,-0.007457951361104786,342633.8195800781,4680.322269185383,27.64812577339017,50.400000000000006,ok
155.8,50.52600000000001,155.78,0.020000000000010232,11.670485481717735,27.23793921429207,2.2286422231051666,0.6000000238401526,0.05221767643258504,343276.5197753906,4689.848801676431,27.70812575866725,50.5,ok
155.9,50.626000000000005,155.88,0.020000000000010232,11.633697943783218,27.285338246714456,2.235228864180527,0.6000000238401526,0.10187253093333498,343911.8347167969,4699.393084377712,27.768125685516058,50.599999999999994,ok
156.0,50.726,155.98,0.020000000000010232,11.596488918916164,27.332406768920574,2.2484972104492917,0.6000000238401526,0.16845362380478798,344539.6423339844,4708.954910447861,27.828125329800212,50.69999999999999,ok
156.1,50.82599999999999,156.08,0.01999999999998181,11.558557075619289,27.382573424855668,2.268390750499729,0.6000000238401526,0.20931737954560728,343684.1735839844,4718.513574557835,27.89101823960417,50.80000000000001,ok
156.2,50.92599999999999,156.18,0.01999999999998181,11.519642194206288,27.42916024537583,2.2893201238173835,0.6000000238394421,0.18478601317842852,344299.4384765625,4728.068902503121,27.95171996809328,50.900000000000006,ok
156.3,51.02600000000001,156.28,0.020000000000010232,11.479813627914067,27.4740332591044,2.307785373032766,0.6000000238401526,0.18486682628021425,344906.79931640625,4737.641211361356,28.011719151870878,51.0,ok
156.4,51.126000000000005,156.38,0.020000000000010232,11.439163100336227,27.518163028300698,2.326294190145813,0.6000000238401526,0.1859117505028143,345506.0119628906,4747.230278184679,28.07171833454594,51.099999999999994,ok
156.5,51.226,156.48,0.020000000000010232,11.397700664906568,27.561530836881808,2.344959286134532,0.6000000238401526,0.18770374394245082,346097.0153808594,4756.835875786675,28.13171750431425,51.19999999999999,ok
156.6,51.32599999999999,156.58,0.01999999999998181,11.355435985480067,27.604117210847352,2.363027619060397,0.6000000238373104,0.16947273979082794,345218.5363769531,4766.437480672203,28.191716690763386,51.30000000000001,ok
156.7,51.42599999999999,156.68,0.01999999999998181,11.312435921994078,27.644824095593087,2.378121781817898,0.6000000238401526,0.11507684038221512,346679.5654296875,4776.047176530627,28.250928648385994,51.400000000000006,ok
156.8,51.52600000000001,156.78,0.020000000000010232,11.269359924835191,27.685368880313828,2.390097596956239,0.5906866190533637,0.12320255350562331,347253.5095214844,4785.685135904949,28.31008455341063,51.5,ok
156.9,51.626000000000005,156.88,0.020000000000010232,11.226461756455638,27.72507147965323,2.397963432917652,0.5685101897376439,-0.048104885298176504,347818.6950683594,4795.3389165242515,28.368535808697626,51.599999999999994,ok
157.0,51.726,156.98,0.020000000000010232,11.185842175732985,27.762701018367483,2.3840282737788856,0.5369317456653754,-0.20465596514183754,348374.9694824219,4805.008272976345,28.423906672172304,51.69999999999999,ok
157.1,51.82599999999999,157.08,0.01999999999998181,11.148296758075821,27.79553366152005,2.357526718306493,0.4976869306269596,-0.37510099022602705,349823.3337402344,4814.705471632218,28.47378292747916,51.80000000000001,ok
157.2,51.92599999999999,157.18,0.01999999999998181,11.113936349067508,27.83005699747974,2.314831491432506,0.44921636259861025,-0.4783190358774057,348922.18017578125,4824.410270436607,28.522491226905483,51.900000000000006,ok
157.3,52.02600000000001,157.28,0.020000000000010232,11.084919532933345,27.86296557040533,2.259148164423286,0.4003338182198306,-0.5951050116027039,349460.14404296875,4834.110024939645,28.56636547664907,52.0,ok
157.4,52.126000000000005,157.38,0.020000000000010232,11.061814044448482,27.892609899125013,2.190033477370803,0.3433648065393376,-0.7820187784782531,349460.14404296875,4843.81725116306,28.603950710762547,52.099999999999994,ok
157.5,52.226,157.48,0.020000000000010232,11.043718736119144,27.919778552927706,2.109184236731496,0.31402220727765695,-0.8690174600132852,349988.70849609375,4853.531818559435,28.636593871347642,52.19999999999999,ok
157.6,52.32599999999999,157.58,0.01999999999998181,11.029998232351993,27.940355212836508,2.0250138614606885,0.24799796219400155,-0.8513527595538889,349988.70849609375,4863.253727128773,28.66132545351755,52.30000000000001,ok
157.7,52.42599999999999,157.68,0.01999999999998181,11.020903105409673,27.959603066466578,1.940178446346243,0.21737471962929666,-0.8920279096441618,349073.05908203125,4872.962918345135,28.682613976328245,52.400000000000006,ok
157.8,52.52600000000001,157.78,0.020000000000010232,11.01500079348497,27.97678016665917,1.8577825611311318,0.15914066057822046,-0.7675857151221466,349073.05908203125,4882.659392208525,28.700776852121546,52.5,ok
157.9,52.626000000000005,157.88,0.020000000000010232,11.011870722576589,27.98901784556229,1.7814219881022795,0.11070766156307064,-0.7146530674935024,349073.05908203125,4892.3558660719145,28.713408484194535,52.599999999999994,ok
158.0,52.726,157.98,0.020000000000010232,11.010135561394486,27.998293601262464,1.7116428994583162,0.09070361263667494,-0.6286049255398332,349073.05908203125,4902.052339935304,28.72284513763403,52.69999999999999,ok
158.1,52.82599999999999,158.08,0.01999999999998181,11.009224579631622,28.006828118420568,1.6529590478814675,0.0477036896035031,-0.46882905604000114,348153.86962890625,4911.736047278514,28.731428136579286,52.80000000000001,ok
158.2,52.92599999999999,158.18,0.01999999999998181,11.010775754024259,28.01505796217882,1.605215908857626,-1.0137883619393273e-08,-0.31031289929652034,348153.86962890625,4921.406988101538,28.739802888532722,52.900000000000006,ok
158.3,53.02600000000001,158.28,0.020000000000010232,11.011004369820895,28.016426842942362,1.583006335131144,-9.516609405894882e-09,-0.054903369208140373,348153.86962890625,4931.077928924563,28.741190728482884,53.0,ok
158.402,53.127999999999986,158.38,0.02199999999999136,11.010899965842082,28.016389740828178,1.5818334241975773,-8.933368175409462e-09,-0.00012722600640020413,348153.86962890625,4940.748869747587,28.74130152901388,53.099999999999994,ok
158.5,53.226,158.48,0.020000000000010232,11.010807913526458,28.01635704646798,1.581826081892606,-8.385871851958326e-09,-0.0002523848249208014,348153.86962890625,4950.419810570612,28.74139921499036,53.19999999999999,ok
158.6,53.32599999999999,158.58,0.01999999999998181,11.008678092861782,28.020224143714476,1.5790374026515506,-7.871929751275542e-09,-1.576356720174561e-05,348153.86962890625,4960.090751393639,28.745814028370052,53.30000000000001,ok
158.7,53.42599999999999,158.68,0.01999999999998181,11.008080704939227,28.02113880742383,1.5783472323186742,-7.389485447151234e-09,-0.000290459899722585,348153.86962890625,4969.7616922166635,28.746906494402122,53.400000000000006,ok
158.8,53.52600000000001,158.78,0.020000000000010232,11.0080176440933,28.021116657136535,1.578351758088739,-6.936608544505507e-09,-9.586783088384702e-05,348153.86962890625,4979.432633039688,28.746973332306908,53.5,ok
158.9,53.626000000000005,158.88,0.020000000000010232,11.00796207725625,28.021097138695417,1.5783584035666236,-6.511486955532164e-09,0.00015485988723140122,348153.86962890625,4989.103573862712,28.747032227492817,53.599999999999994,ok
159.0,53.726,158.98,0.020000000000010232,11.007913113952132,28.021079939391278,1.5783635227621307,-6.1124196502893025e-09,-2.0806303127771653e-06,348153.86962890625,4998.774514685737,28.747084123747143,53.69999999999999,ok
159.1,53.82599999999999,159.08,0.01999999999998181,11.007869968726041,28.02106478366425,1.5783681944107437,-5.7378098479096695e-09,-0.0003063804572705912,348153.86962890625,5008.445455508764,28.747129853459544,53.80000000000001,ok
159.2,53.92599999999999,159.18,0.01999999999998181,11.007831950327006,28.02105142870236,1.5783682171552462,-5.386158630649868e-09,-0.000267009987216163,348153.86962890625,5018.116396331789,28.74717014928653,53.900000000000006,ok
159.301,54.02699999999999,159.28,0.020999999999986585,11.007798448069451,28.021039660532068,1.578357761525724,-5.0560589430481695e-09,-2.4708312657301085e-05,348153.86962890625,5027.787337154813,28.747205658314865,54.0,ok
159.401,54.12700000000001,159.38,0.021000000000015007,11.007768925471321,28.021029290616,1.5783349137926173,-4.746189963180519e-09,-7.851134322600477e-06,348153.86962890625,5037.4582779778375,28.747236949191485,54.099999999999994,ok
159.5,54.226,159.48,0.020000000000010232,11.007742908408703,28.02102015280783,1.5783212536535343,-4.455311819560187e-09,-0.0001098124636162503,348153.86962890625,5047.129218800862,28.74726452430863,54.19999999999999,ok
159.6,54.32599999999999,159.58,0.01999999999998181,11.007719981663099,28.021012100721695,1.5783223480435942,-4.18226062635918e-09,-0.00019463486455222805,348153.86962890625,5056.800159623889,28.747288823933218,54.30000000000001,ok
159.7,54.42599999999999,159.68,0.01999999999998181,11.00769977832837,28.021005005357164,1.5783048391022703,-3.925943829578837e-09,-7.917402096502103e-06,348153.86962890625,5066.471100446914,28.747310236988394,54.400000000000006,ok
159.8,54.52600000000001,159.78,0.020000000000010232,11.007681974396634,28.02099875303605,1.578299731453734,-3.685335833811948e-09,0.00010222826707763025,348153.86962890625,5076.142041269938,28.74732910684543,54.5,ok
159.9,54.626000000000005,159.88,0.020000000000010232,11.007666285983312,28.020993243599307,1.5783105897461447,-3.4594738994048885e-09,-0.00018610822656472584,348153.86962890625,5085.812982092963,28.747345734539373,54.599999999999994,ok
160.0,54.726,159.98,0.020000000000010232,11.007652461940454,28.02098838878105,1.578314537445698,-3.2474542889862623e-09,0.00023255446009018237,348153.86962890625,5095.483922915987,28.747360386277197,54.69999999999999,ok
160.1,54.82599999999999,160.08,0.01999999999998181,11.007640281416343,28.020984110806317,1.578332218854668,-3.048428652953697e-09,-9.214183784934764e-05,348153.86962890625,5105.154863739014,28.747373296204984,54.80000000000001,ok
160.2,54.92599999999999,160.18,0.01999999999998181,11.007629548924744,28.020980341134585,1.5783294020083796,-2.86160063396948e-09,2.470014113485137e-05,348153.86962890625,5114.825804562039,28.74738467147645,54.900000000000006,ok
160.3,55.02600000000001,160.28,0.020000000000010232,11.007620091155406,28.020977019361222,1.5783225693737521,-2.6862226809240553e-09,3.922380356752571e-05,348153.86962890625,5124.496745385063,28.747394695626244,55.0,ok
160.4,55.126000000000005,160.38,0.020000000000010232,11.007611757049057,28.020974092271185,1.5783168265237735,-2.521593057188548e-09,3.0129936861934055e-05,348153.86962890625,5134.167686208088,28.7474035288128,55.099999999999994,ok
160.5,55.226,160.48,0.020000000000010232,11.007604412754914,28.020971512966696,1.5783133470605848,-2.367053033832181e-09,-0.00038661185174541625,348153.86962890625,5143.838627031112,28.747411312864966,55.19999999999999,ok
160.601,55.327,160.58,0.020999999999986585,11.007597940597192,28.02096924012434,1.5783078464054316,-2.22198425262575e-09,-5.3705033730431224e-05,348153.86962890625,5153.509567854139,28.74741817250329,55.30000000000001,ok
160.7,55.42599999999999,160.68,0.01999999999998181,11.007592237513323,28.020967237335356,1.5783078863295172,-2.0858062529764687e-09,-0.00011533581324386623,348153.86962890625,5163.180508677164,28.747424217032165,55.400000000000006,ok
160.772,55.49799999999999,160.76,0.012000000000000455,11.00758816674822,28.020965807846334,1.578296545691107,-1.9828979133575814e-09,-2.5602200778711985e-05,348153.86962890625,5170.917261335582,28.74742853149243,55.47999999999999,ok
