t_ros_s,t_elapsed_s,tf_stamp_s,tf_age_s,x_map_m,y_map_m,yaw_rad,v_m_s,w_rad_s,dose_rate_uSv_h,exposure_valid_uSv,path_valid_m,covered_s,status
346.9,0.04899999999997817,346.88,0.01999999999998181,11.45015985955559,1.5154821370329723,1.3455039287610835,-5.25620276687136e-10,1.0577769178714188e-05,234251.0528564453,0.0,0.0,0.0,first_sample
347.0,0.1490000000000009,346.98,0.01999999999998181,11.4501589293758,1.515481163856567,1.3455000542975148,-4.934065274408983e-10,4.020410751652049e-05,234251.0528564453,6.5069736904582935,1.3462194320551237e-06,0.10000000000002274,ok
347.101,0.25,347.08,0.021000000000015007,11.450158109675979,1.5154803063207503,1.3454927037824804,-4.631670922716855e-10,-3.889494218639719e-05,234251.0528564453,13.013947380912889,2.532505853411106e-06,0.19999999999998863,ok
347.2,0.34899999999998954,347.18,0.01999999999998181,11.450157387329162,1.5154795506852219,1.3454991162695011,-4.347809649742247e-10,-6.651868004375517e-05,234251.0528564453,19.520921071371184,3.5778622403946533e-06,0.30000000000001137,ok
347.3,0.4490000000000123,347.28,0.020000000000038654,11.45015675082911,1.5154788848283298,1.3454971358859305,-4.081345566955656e-10,8.831338865057814e-05,234251.0528564453,26.027894761825777,4.499001597655477e-06,0.39999999999997726,ok
347.4,0.5489999999999782,347.38,0.01999999999998181,11.45015618995667,1.5154782980870682,1.345493632325602,-3.831212409767439e-10,-0.00018388306868664044,234251.0528564453,32.53486845228407,5.310693165950634e-06,0.5,ok
347.5,0.6490000000000009,347.48,0.01999999999998181,11.45015569570634,1.5154777810655355,1.3454879554892583,-3.596409270650164e-10,-0.00013039462322948688,234251.0528564453,39.04184214274237,6.025951619442591e-06,0.6000000000000227,ok
347.6,0.7490000000000236,347.58,0.020000000000038654,11.450155260093945,1.5154773254954041,1.345479180663102,-3.375996590572125e-10,-8.232992499548318e-05,234251.0528564453,45.54881583319696,6.656270826323895e-06,0.6999999999999886,ok
347.7,0.8489999999999895,347.68,0.01999999999998181,11.450154876204602,1.515476924063142,1.34547677860362,-3.169092398984212e-10,0.0002070477470994416,234251.0528564453,52.05578952365526,7.2117155931986115e-06,0.8000000000000114,ok
347.8,0.9490000000000123,347.78,0.020000000000038654,11.450154537896992,1.515476570335207,1.345461691289844,-2.9748687833865833e-10,-8.685503673879516e-05,234251.0528564453,58.56276321410985,7.701180086898135e-06,0.8999999999999773,ok
347.9,1.0489999999999782,347.88,0.01999999999998181,11.450154239670795,1.51547625866282,1.3454537939991793,-2.792548574109474e-10,-0.00012838076798962636,234251.0528564453,65.06973690456815,8.13254830745766e-06,1.0,ok
348.0,1.149000000000001,347.98,0.01999999999998181,11.450153976860706,1.5154759840267804,1.3454519797137052,-2.6214022367187194e-10,-0.0002734973004695486,234251.0528564453,71.57671059502644,8.512672098923385e-06,1.1000000000000227,ok
348.1,1.2490000000000236,348.08,0.020000000000038654,11.450153745234086,1.5154757420321456,1.3454416990298455,-2.4607449481935453e-10,0.000180337247380604,234251.0528564453,78.08368428548104,8.847653134807433e-06,1.1999999999999886,ok
348.2,1.3489999999999895,348.18,0.01999999999998181,11.450153541096968,1.5154755287979778,1.3454387857749743,-2.3099338595871342e-10,-5.2053241724042785e-05,234251.0528564453,84.59065797593934,9.142849295428867e-06,1.3000000000000114,ok
348.3,1.4490000000000123,348.28,0.020000000000038654,11.450153361201908,1.5154753409027193,1.3454488809005383,-2.1683655213175154e-10,0.00020442107858913128,234251.0528564453,91.09763166639394,9.40297784247924e-06,1.3999999999999773,ok
348.4,1.5489999999999782,348.38,0.01999999999998181,11.450153202769316,1.515475175312555,1.3454561095229571,-2.035473468649327e-10,0.0002182479544989272,234251.0528564453,97.60460535685223,9.632152423403521e-06,1.5,ok
348.501,1.6499999999999773,348.48,0.020999999999958163,11.450153063188717,1.5154750293910861,1.3454715699390776,-1.910725955169175e-10,0.0002803623751578962,234251.0528564453,104.11157904731053,9.834082656037245e-06,1.6000000000000227,ok
348.6,1.7490000000000236,348.58,0.020000000000038654,11.450152940254313,1.5154749007934998,1.3454774311895898,-1.7936238240901913e-10,4.3360213762720325e-05,234251.0528564453,110.61855273776513,1.0011987706278402e-05,1.6999999999999886,ok
348.7,1.8489999999999895,348.68,0.01999999999998181,11.450152831937075,1.5154747874731447,1.3454725808311778,-1.683698511693735e-10,-0.00011497221205117069,234251.0528564453,117.12552642822342,1.0168749075545302e-05,1.8000000000000114,ok
348.8,1.9490000000000123,348.78,0.020000000000038654,11.450152736463235,1.5154746876233,1.345464011955557,-1.5805101708464813e-10,9.743154483503883e-05,234251.0528564453,123.63250011867802,1.0306898435544667e-05,1.8999999999999773,ok
348.9,2.048999999999978,348.88,0.01999999999998181,11.450152652319826,1.5154745996404424,1.3454724696750782,-1.483645912695548e-10,-0.00023699506100940553,234251.0528564453,130.13947380913632,1.0428640361224539e-05,2.0,ok
349.0,2.149000000000001,348.98,0.01999999999998181,11.45015257818989,1.515474522107852,1.3454800979482286,-1.3927181527180824e-10,0.0001293553670909239,234251.0528564453,136.64644749959461,1.0535908949229592e-05,2.1000000000000227,ok
349.1,2.2490000000000236,349.08,0.020000000000038654,11.450152512878844,1.515474453784956,1.3454679723644158,-1.3073630608542545e-10,-8.654703730818876e-05,234251.0528564453,143.15342119004922,1.0630426412050036e-05,2.1999999999999886,ok
349.2,2.3489999999999895,349.18,0.01999999999998181,11.450152455302876,1.5154743935857313,1.345471090299065,-1.2272391054237407e-10,-0.00014528909996701066,234251.0528564453,149.6603948805075,1.0713726705261243e-05,2.3000000000000114,ok
349.301,2.4499999999999886,349.28,0.021000000000015007,11.450152404566802,1.5154743405394713,1.3454620331603455,-1.1520256860823083e-10,0.0005028608530450112,234251.0528564453,156.1673685709621,1.0787130075899892e-05,2.3999999999999773,ok
349.414,2.562999999999988,349.36,0.053999999999973625,11.450152368360376,1.515474302676327,1.3454809817071212,-1.0814218514139341e-10,-2.497411001134897e-05,234251.0528564453,161.37294752333023,1.0839518271062404e-05,2.480000000000018,ok
349.5,2.649000000000001,349.48,0.01999999999998181,11.450373558940221,1.5164689294058102,1.344796797961915,0.060999921368167315,-0.08060014027080102,234251.0528564453,169.1813159518787,0.0010297642473921648,2.6000000000000227,ok
349.6,2.7490000000000236,349.58,0.020000000000038654,11.454046714259983,1.5321097310591927,1.327550543188315,0.2609999261831974,-0.31065354268669204,234251.0528564453,175.6882896423333,0.017096087609118186,2.6999999999999886,ok
349.7,2.8489999999999895,349.68,0.01999999999998181,11.463221525611203,1.566990386270744,1.287294531288719,0.4609999307017518,-0.5403627554836042,236673.3856201172,182.22890684339816,0.05316320935895574,2.8000000000000114,ok
349.8,2.9490000000000123,349.78,0.020000000000038654,11.47984789125588,1.6194602153209792,1.2238717833942596,0.6000000373151331,-0.7900489606736596,239097.27478027344,188.83683268229024,0.10820427580130738,2.8999999999999773,ok
349.9,3.048999999999978,349.88,0.01999999999998181,11.502181220561411,1.6751385064786293,1.1344453627824507,0.6000000364891935,-1.0395390451527946,240058.09020996094,195.49176830715612,0.1681946892363337,3.0,ok
350.0,3.149000000000001,349.98,0.01999999999998181,11.529919617629119,1.728323898757763,1.0229122454558333,0.6000000357138017,-1.2306363241942357,242470.35217285156,202.19355222914115,0.22817889235491448,3.1000000000000227,ok
350.1,3.2490000000000236,350.08,0.020000000000038654,11.563772983360845,1.7778402693167834,0.8981604816695127,0.600000034985931,-1.1592230280748121,243387.9852294922,208.9415846930603,0.2881615675595455,3.1999999999999886,ok
350.201,3.3500000000000227,350.18,0.021000000000015007,11.60330028174348,1.8229815838697458,0.7904571804347291,0.6000000343026692,-0.9606678862625747,244275.16174316406,215.71468395657095,0.34816278085560526,3.3000000000000114,ok
350.3,3.4490000000000123,350.28,0.020000000000038654,11.64715546500604,1.8639552524139844,0.7013042797428589,0.6000000336612823,-0.7725929711013604,246660.30883789062,222.53323215908327,0.40818043336689536,3.3999999999999773,ok
350.4,3.548999999999978,350.38,0.01999999999998181,11.694192615349296,1.9012537276086166,0.6342719675199433,0.6000000330620459,-0.5167274120343633,247502.8839111328,229.3966098361546,0.46821100694618595,3.5,ok
350.5,3.649000000000001,350.48,0.01999999999998181,11.743275769841704,1.9358299096557565,0.5928005319525851,0.600000032499709,-0.2613845828398838,245958.3282470703,236.25023778279785,0.5282498978410262,3.6000000000000227,ok
350.6,3.7490000000000236,350.58,0.020000000000038654,11.793412203944515,1.9688638485793148,0.5768802203318906,0.6000000319691678,-0.0061452501748555655,246754.4708251953,243.09347110324364,0.5882907434825632,3.6999999999999886,ok
350.7,3.8489999999999895,350.68,0.01999999999998181,11.834886569121787,2.005175447875402,0.588363385193777,0.6000000314654574,0.24952068101363029,247520.52307128906,249.95840157402972,0.6434147419795639,3.8000000000000114,ok
350.8,3.9490000000000123,350.78,0.020000000000038654,11.882309518769626,2.039820304146402,0.6125665529340091,0.600000031002217,0.26261949239386523,245943.02368164062,256.8120619455959,0.7021446510493019,3.8999999999999773,ok
350.9,4.048999999999978,350.88,0.01999999999998181,11.931029285243586,2.0748797545709645,0.6449477915195574,0.6000000305591018,0.26251545489941075,246664.6270751953,263.6538348727757,0.7621678191542058,4.0,ok
351.0,4.149000000000001,350.98,0.01999999999998181,11.978716950475103,2.1113256761565196,0.6640438682216563,0.6000000301471455,0.23696230795664863,247356.91833496094,270.5152452256961,0.8221879708988801,4.100000000000023,ok
351.1,4.249000000000024,351.08,0.020000000000038654,12.025620320205364,2.1487686200831204,0.6887660270858449,0.6000000297604368,0.19573755219034072,245750.21362304688,277.3639553917772,0.8822038033262,4.199999999999989,ok
351.2,4.3489999999999895,351.18,0.01999999999998181,12.06535140725277,2.1947322193844467,0.7187637665457414,0.6000000293974281,0.3067932192371272,246400.2685546875,284.1993787553584,0.9429591466196207,4.300000000000011,ok
351.3,4.449000000000012,351.28,0.020000000000038654,12.108396156952134,2.2366891972684413,0.7520691260766422,0.6000000290609303,0.2974735061290539,247021.98791503906,291.0524656507689,1.0030693659657428,4.399999999999977,ok
351.4,4.548999999999978,351.38,0.01999999999998181,12.151829205986111,2.2780967802457903,0.7715854537620369,0.6000000287410534,0.041783361208814984,247615.66162109375,297.92243300543896,1.0630778460032668,4.5,ok
351.5,4.649000000000001,351.48,0.01999999999998181,12.194872799237668,2.319908780597227,0.76554298259544,0.6000000284365173,-0.21403458142743892,249837.99743652344,304.831511603463,1.123086131209512,4.600000000000023,ok
351.6,4.749000000000024,351.58,0.020000000000038654,12.238559843677905,2.3610446887781555,0.7395066913865351,0.6000000281660159,-0.2741063699985303,250387.71057128906,311.7790908813469,1.1830921375238217,4.699999999999989,ok
351.7,4.8489999999999895,351.68,0.01999999999998181,12.283276367259319,2.401059272592792,0.7212894390467612,0.6000000278928943,-0.09748186108984482,250909.8663330078,318.7415572272415,1.2430982572039486,4.800000000000011,ok
351.8,4.949000000000012,351.78,0.020000000000038654,12.325860154480464,2.44432970374759,0.7093772828055309,0.6000000276416732,-0.240130023425087,249231.62841796875,325.6879668765583,1.3038082987656041,4.899999999999977,ok
351.9,5.048999999999978,351.88,0.01999999999998181,12.370875768512976,2.4840528418629453,0.6910871529767406,0.6000000274142008,-0.11819800715112076,249716.49169921875,332.61780187818744,1.363844397976459,5.0,ok
352.0,5.149000000000001,351.98,0.01999999999998181,12.417226054089626,2.5221622116769304,0.6883950190048314,0.6000000271896492,-0.020174532824088882,250175.10986328125,339.5607407887793,1.4238500063864747,5.100000000000023,ok
352.1,5.249000000000024,352.08,0.020000000000038654,12.463604440773679,2.560236421131381,0.6868775859597802,0.6000000269955641,-0.007468683794859292,250607.91015625,346.51606051127044,1.48385500765301,5.199999999999989,ok
352.2,5.3489999999999895,352.18,0.01999999999998181,12.510043008310783,2.598236259550367,0.6814400284702307,0.6000000267913334,-0.12963161859437017,248904.02221679688,353.4537262386755,1.543859409781247,5.300000000000011,ok
352.3,5.449000000000012,352.28,0.020000000000038654,12.557919380587155,2.634342206177265,0.6707411355402282,0.6000000266159755,0.05696600962946139,249303.2989501953,360.3732723659924,1.6038242862021166,5.399999999999977,ok
352.4,5.548999999999978,352.38,0.01999999999998181,12.605169229667535,2.6712838665411436,0.6691143156833155,0.6000000264417655,-0.06659124265639743,249678.23791503906,367.30357148912225,1.6638012360125134,5.5,ok
352.501,5.649999999999977,352.48,0.020999999999958163,12.652263469227549,2.708465982628134,0.6717495374247874,0.6000000262808132,0.09252288444711093,250029.31213378906,374.24395412869086,1.7238043789005524,5.600000000000023,ok
352.6,5.749000000000024,352.58,0.020000000000038654,12.699094532539972,2.7459780282588535,0.6824375195560413,0.6000000261310591,0.15390421462879852,250029.31213378906,381.1892127990715,1.7838068960008655,5.699999999999989,ok
352.7,5.8489999999999895,352.68,0.01999999999998181,12.745440507807585,2.7840867111454046,0.6960915103828585,0.6000000259904829,0.1217222263409701,250357.04040527344,388.1390232510045,1.8438087387630167,5.800000000000011,ok
352.8,5.949000000000012,352.78,0.020000000000038654,12.79131549601902,2.8227608563435087,0.7067958162575604,0.6000000258585221,0.10358620334667706,250661.92626953125,395.09762001037444,1.9038104391572839,5.899999999999977,ok
352.9,6.048999999999978,352.88,0.01999999999998181,12.836764100584526,2.8619346419598024,0.7189055191915252,0.6000000257346487,0.12609367761478318,250944.5343017578,402.06437640719946,1.9638117819461167,6.0,ok
353.0,6.149000000000001,352.98,0.01999999999998181,12.881785377636282,2.9015988096283345,0.7237523236349602,0.6000000256212094,0.049676675330374995,251205.42907714844,409.0386814541303,2.0238131284660774,6.100000000000023,ok
353.1,6.249000000000024,353.08,0.020000000000038654,12.926628423486862,2.94146400392852,0.7324322645918061,0.6000000255092122,0.16048622342057356,249461.85302734375,415.9923937055792,2.0838142324371614,6.199999999999989,ok
353.2,6.3489999999999895,353.18,0.01999999999998181,12.970980821081735,2.9818734189082203,0.7470787999827635,0.600000025408168,0.04079944735702209,249697.57080078125,422.92516348097143,2.1438146990304743,6.300000000000011,ok
353.3,6.449000000000012,353.28,0.020000000000038654,13.014983393503535,3.022664198148499,0.7495069594072998,0.6000000253119825,0.1329513996620731,249913.23852539062,429.8642024993881,2.2038156494459877,6.399999999999977,ok
353.4,6.548999999999978,353.38,0.01999999999998181,13.058603237497191,3.063862255120033,0.7730041424338003,0.6000000252216918,0.3770199601121522,250109.48181152344,436.80896250406903,2.2638154051809964,6.5,ok
353.5,6.649000000000001,353.48,0.01999999999998181,13.100827635851545,3.106483822928046,0.8204528782376584,0.6000000251369348,0.57080033374859,250286.84997558594,443.7589115566694,2.32381122052507,6.600000000000023,ok
353.627,6.7760000000000105,353.6,0.026999999999986812,13.1485770556858,3.160361229449415,0.8736355415685919,0.600000025046318,0.26419827238965216,252204.28466796875,452.13376380072896,2.3958027618891555,6.720000000000027,ok
353.7,6.8489999999999895,353.68,0.01999999999998181,13.178138160503227,3.1986698863222456,0.8917121846246514,0.6000000249826859,0.066752468945743,250445.9991455078,457.71876695421093,2.4441909020624166,6.800000000000011,ok
353.801,6.949999999999989,353.78,0.021000000000015007,13.215482939668794,3.245738862667754,0.8920325346537535,0.6000000249111557,-0.03386309257811066,250587.5244140625,464.67756589253594,2.504275185075023,6.899999999999977,ok
353.9,7.048999999999978,353.88,0.01999999999998181,13.253237856618764,3.292371736871077,0.8866844104150339,0.6000000248453432,-0.06187217947111005,250712.0361328125,471.6400597890219,2.564275674326046,7.0,ok
354.0,7.149000000000001,353.98,0.01999999999998181,13.291216437073793,3.3388228745275232,0.8876783224135725,0.600000024782146,0.11169514766429182,252581.06994628906,478.6302418178999,2.6242763473469144,7.100000000000023,ok
354.1,7.249000000000024,354.08,0.020000000000038654,13.32887944740722,3.3855295375947976,0.8992709068347396,0.6000000247255741,0.16134168617536207,252673.32458496094,485.64766396416485,2.6842764700322532,7.199999999999989,ok
354.2,7.3489999999999895,354.18,0.01999999999998181,13.36448852340721,3.431127318482192,0.9161644334109708,0.6000000246711351,0.04982071734841907,252750.01525878906,492.6674325731074,2.7421311493194813,7.300000000000011,ok
354.3,7.449000000000012,354.28,0.020000000000038654,13.400493544399138,3.478435499851325,0.9265982271509006,0.6000000246257169,0.23126003291245734,252811.75231933594,499.6891237894679,2.8015821843069726,7.399999999999977,ok
354.4,7.548999999999978,354.38,0.01999999999998181,13.436137830083073,3.5266996437492195,0.9440839039838368,0.6000000245834306,0.13615167908886375,254626.0986328125,506.73687171936047,2.861581706706027,7.5,ok
354.5,7.649000000000001,354.48,0.01999999999998181,13.471124055987946,3.575443687526385,0.9505011421357891,0.6000000245270313,0.0088353820511827,254658.05053710938,513.8102626800554,2.921581855095986,7.600000000000023,ok
354.6,7.749000000000024,354.58,0.020000000000038654,13.505886569150576,3.624347500637649,0.959047974915947,0.6000000244904448,0.0562033546452166,254676.54418945312,520.8843542734775,2.9815819822475462,7.699999999999989,ok
354.7,7.8489999999999895,354.68,0.01999999999998181,13.540250751895085,3.673532152687884,0.9655627273759655,0.6000000244507646,0.1772483259852974,256452.2705078125,527.9833655887189,3.0415822076887955,7.800000000000011,ok
354.8,7.949000000000012,354.78,0.020000000000038654,13.575390764688112,3.7219533417336548,0.9862265886057859,0.6000000244135164,0.35246925152534747,256442.81005859375,535.1069083743611,3.10141056256924,7.899999999999977,ok
354.9,8.048999999999978,354.88,0.01999999999998181,13.608610903620379,3.7693901693471132,1.017298050539867,0.5725703834122637,0.24023438070973105,256421.35620117188,542.2300217946372,3.1593228259053254,8.0,ok
355.0,8.149000000000001,354.98,0.01999999999998181,13.63970130664826,3.8198140478421814,1.0431914361399601,0.6000000243792395,0.3101022889180964,258158.935546875,549.3769702911395,3.2185611638540004,8.100000000000023,ok
355.101,8.25,355.08,0.021000000000015007,13.669153380848941,3.872084346351929,1.0843073957215634,0.6000000243491298,0.5555626980218473,258111.4501953125,556.5473923153342,3.278557903607262,8.199999999999989,ok
355.2,8.34899999999999,355.18,0.01999999999998181,13.694671079671028,3.933472410682188,1.1498082784338177,0.6000000243110921,0.6725522412365981,259825.95825195312,563.7409674326589,3.3450383322715744,8.300000000000011,ok
355.3,8.449000000000012,355.28,0.020000000000038654,13.717357501648149,3.9907920816239715,1.2136124545463622,0.6000000242877399,0.5007935565015285,259753.5400390625,570.957349353365,3.4066842438878226,8.399999999999977,ok
355.4,8.548999999999978,355.38,0.01999999999998181,13.737316568049826,4.0473711483074,1.2534928951297464,0.6000000242590618,0.2458842018295328,261444.97680664062,578.1962176428902,3.4666805364265656,8.5,ok
355.5,8.649000000000001,355.48,0.01999999999998181,13.755589982044091,4.104520736484164,1.2678349783412621,0.6000000242292122,-0.009646321570095102,263017.2119140625,585.4804147084573,3.5266804788247006,8.600000000000023,ok
355.6,8.749000000000024,355.58,0.020000000000038654,13.773579477035579,4.161760939891376,1.2628673642348265,0.6000000242051937,-0.08005903599008007,264676.7578125,592.8094976213237,3.5866810022903155,8.699999999999989,ok
355.721,8.870000000000005,355.68,0.04099999999999682,13.792011156984348,4.213569558679915,1.2544410210727115,0.6000000241869107,-0.15148375465476904,266327.2399902344,600.1845531463633,3.6416706359180275,8.800000000000011,ok
355.8,8.949000000000012,355.78,0.020000000000038654,13.811115969356194,4.26912369747213,1.2358326847116992,0.6000000241614828,-0.09961820669467883,266180.48095703125,607.5804937150729,3.7004180289896196,8.899999999999977,ok
355.9,9.048999999999978,355.88,0.01999999999998181,13.830961811846374,4.325746829293899,1.232886574522069,0.600000024152984,0.0007176550802237595,267807.7697753906,614.9969971974693,3.760418333334268,9.0,ok
356.0,9.149000000000001,355.98,0.01999999999998181,13.850926659431403,4.382328040841464,1.2277238376175408,0.6000000241258077,-0.055684151375210454,267640.2587890625,622.4337753719773,3.820418571994491,9.100000000000023,ok
356.1,9.249000000000024,356.08,0.020000000000038654,13.871232857883022,4.438787588774222,1.2222414606011387,0.6000000241040376,-0.03448485782259682,269244.5983886719,629.8905094994433,3.8804187573969373,9.199999999999989,ok
356.2,9.34899999999999,356.18,0.01999999999998181,13.891692159784473,4.495191825526862,1.2273937373593944,0.6000000240947091,0.16507351688121186,270839.3859863281,637.3916759490978,3.940418932046205,9.300000000000011,ok
356.3,9.449000000000012,356.28,0.020000000000038654,13.911403508993285,4.561860312657883,1.254103362289297,0.600000024073598,0.41176606312193204,272211.2121582031,644.9340453677693,4.009940327774217,9.399999999999977,ok
356.4,9.548999999999978,356.38,0.01999999999998181,13.929146275546533,4.619172914940083,1.2950895461508438,0.6000000240591168,0.4067606897245402,273773.4680175781,652.5171659257679,4.069936495529505,9.5,ok
356.501,9.649999999999977,356.48,0.020999999999958163,13.944567541897664,4.677153856541289,1.3322469342173155,0.600000024045523,0.33427361462787974,275325.86669921875,660.1435455746141,4.1299332041461865,9.600000000000023,ok
356.6,9.749000000000024,356.58,0.020000000000038654,13.958046682017484,4.735618526959227,1.3574899911659264,0.6000000240384467,0.10426706118851774,275082.3974609375,667.7881047990581,4.189931578336225,9.699999999999989,ok
356.729,9.877999999999986,356.7,0.028999999999996362,13.973766678964854,4.7989909969456805,1.3620851574457877,0.600000024025583,0.1362988062643135,276612.2131347656,676.9830149756535,4.255224673347943,9.819999999999993,ok
356.8,9.949000000000012,356.78,0.020000000000038654,13.98355842752749,4.845981709428442,1.3686176757669866,0.6000000240095392,0.04558256965699201,278131.9580078125,683.1468390994587,4.3032247295932375,9.899999999999977,ok
356.9,10.048999999999978,356.88,0.01999999999998181,13.995421605576746,4.904797173462549,1.3809443584275496,0.600000024000405,0.252408746853084,281140.80810546875,690.9145164065894,4.3632246779513455,10.0,ok
357.0,10.149000000000001,356.98,0.01999999999998181,14.006113774332077,4.963835172978112,1.4083540641915835,0.6000000239904966,0.3062462140971874,280845.52001953125,698.719882074994,4.423223076759082,10.100000000000023,ok
357.1,10.249000000000024,357.08,0.020000000000038654,14.015091689911138,5.023157574631161,1.4386895336331602,0.6000000239797748,0.24004729670761576,282322.6318359375,706.5416619618728,4.48322099593992,10.199999999999989,ok
357.2,10.34899999999999,357.18,0.01999999999998181,14.022526631409848,5.082694546616401,1.4575706757908118,0.6000000239710436,0.26561343238854657,283789.306640625,714.4043277740491,4.543220407505872,10.300000000000011,ok
357.303,10.451999999999998,357.28,0.023000000000024556,14.026623331828514,5.146176911469516,1.492194720445241,0.6000000239628475,0.3404569843464697,285245.5139160156,722.3075891706663,4.606834820980056,10.399999999999977,ok
357.4,10.548999999999978,357.38,0.01999999999998181,14.030450798524091,5.205966682695468,1.531502475844399,0.5910000417629245,0.44610050899766013,288126.0986328125,730.2710837894019,4.6667469753776185,10.5,ok
357.5,10.649000000000001,357.48,0.01999999999998181,14.03159844187331,5.25891821650867,1.5697446426201587,0.5522401724022934,0.2884857074408313,289550.29296875,738.2943670060921,4.719710944436099,10.600000000000023,ok
357.6,10.749000000000024,357.58,0.020000000000038654,14.031091159227657,5.3182431823357215,1.601513421724166,0.6000000240664906,0.360628389490712,290963.68408203125,746.3570611317947,4.779038079088494,10.699999999999989,ok
357.71,10.85899999999998,357.68,0.029999999999972715,14.028433220183498,5.3729205087497025,1.6340816127469517,0.6000000240417729,0.2875493057564361,292366.14990234375,754.4588643815795,4.833779970394362,10.800000000000011,ok
357.8,10.949000000000012,357.78,0.020000000000038654,14.024025094441996,5.431441871562672,1.6554590499472006,0.600000024029242,0.0674601124850093,293757.6599121094,762.5994728512219,4.892467119567244,10.899999999999977,ok
357.9,11.048999999999978,357.88,0.01999999999998181,14.01891042469829,5.491223832364947,1.6520031163744522,0.6000000240174792,-0.1878997187409919,295138.12255859375,770.7785809410947,4.952467475265789,11.0,ok
358.0,11.149000000000001,357.98,0.01999999999998181,14.014598004250193,5.551067448451159,1.6277068972583641,0.6000000240135427,-0.17275193484157497,297865.7531738281,779.0147458818246,5.012466269890306,11.100000000000023,ok
358.1,11.249000000000024,358.08,0.020000000000038654,14.011475343930115,5.610986152494903,1.6206792974244857,0.6000000240003353,0.0829259379930771,299212.82958984375,787.3075039757617,5.072466287404941,11.199999999999989,ok
358.2,11.34899999999999,358.18,0.01999999999998181,14.008161449467476,5.670894165215054,1.6391927687173447,0.600000023986342,0.2770404589218711,300548.64501953125,795.6375244564493,5.132465886441828,11.300000000000011,ok
358.3,11.449000000000012,358.28,0.020000000000038654,14.004712342181632,5.730647024469215,1.6560669438117144,0.6000000239857348,0.1852317122234688,301873.22998046875,804.0044949425576,5.19231820912121,11.399999999999977,ok
358.4,11.548999999999978,358.38,0.01999999999998181,13.99935539633088,5.790359419255915,1.6837272858243697,0.6000000239743188,0.3085346412235538,304962.95166015625,812.4327752431237,5.252270414752117,11.5,ok
358.5,11.649000000000001,358.48,0.01999999999998181,13.991956712200126,5.849900205007678,1.7066820085638128,0.6000000239648493,0.09808905812816986,306262.5427246094,820.9220182206918,5.312269128861705,11.600000000000023,ok
358.6,11.749000000000024,358.58,0.020000000000038654,13.983716420286049,5.90933182159691,1.7062629627988666,0.6000000239587152,-0.15245510166331358,308826.96533203125,829.4649280548089,5.372269291038475,11.699999999999989,ok
358.7,11.84899999999999,358.68,0.01999999999998181,13.975966337277717,5.968828819422074,1.690091124961205,0.6000000239459388,-0.20990628807569556,310091.8273925781,838.0610223982081,5.432268928844413,11.800000000000011,ok
358.8,11.949000000000012,358.78,0.020000000000038654,13.971434733015705,6.033908559160461,1.6510277466870678,0.6000000239449657,-0.4603041086490567,311345.0622558594,846.692090309989,5.49750624915728,11.899999999999977,ok
358.9,12.048999999999978,358.88,0.01999999999998181,13.968130668873576,6.095135861375271,1.6091496951023032,0.600000023934453,-0.4619410031454845,312586.73095703125,855.35780966017,5.558822636659798,12.0,ok
359.0,12.149000000000001,358.98,0.01999999999998181,13.966998110599096,6.155119361865389,1.559823787178654,0.6000000239328497,-0.4424766638777537,315035.3088378906,864.0747824351015,5.618816828206089,12.100000000000023,ok
359.101,12.25,359.08,0.021000000000015007,13.968614642349582,6.21509414501815,1.5209089205350366,0.6000000239259218,-0.4595152025939185,316242.2180175781,872.8425258636466,5.678813393017093,12.199999999999989,ok
359.2,12.34899999999999,359.18,0.01999999999998181,13.97266523927261,6.274952905774845,1.4806998190846106,0.6000000239179102,-0.25978708965489267,317437.6220703125,881.6436347537582,5.73880904764941,12.300000000000011,ok
359.3,12.449000000000012,359.28,0.020000000000038654,13.975563938602068,6.332452564788029,1.465907880154883,0.6000000239158997,-0.004276416899834497,318621.4599609375,890.4777886708558,5.796381725582914,12.399999999999977,ok
359.4,12.548999999999978,359.38,0.01999999999998181,13.977905425100069,6.389370965089959,1.4730314426131603,0.6000000239099235,0.0008400596822617859,319793.8232421875,899.3446676042346,5.853348267095902,12.5,ok
359.5,12.649000000000001,359.48,0.01999999999998181,13.979948598953152,6.446307859600593,1.4641110507279098,0.600000023914174,-0.22620699272273434,320954.6813964844,908.2439523908848,5.910321809340607,12.600000000000023,ok
359.6,12.749000000000024,359.58,0.020000000000038654,13.986135936977563,6.505345124883918,1.4387322597983916,0.6000000239058969,-0.17707781064591796,323242.12646484375,917.1911302778446,5.969682417861425,12.699999999999989,ok
359.7,12.84899999999999,359.68,0.01999999999998181,13.994336405835401,6.564781851947702,1.4312476872536912,0.6000000238992867,0.03215931922609369,324368.8049316406,926.1857265472423,6.029682186307171,12.800000000000011,ok
359.8,12.949000000000012,359.78,0.020000000000038654,14.005611659503925,6.623659664189016,1.422849287406656,0.6000000238929075,-0.22320851593713426,323775.8483886719,935.1877356211324,6.089629897853259,12.899999999999977,ok
359.9,13.048999999999978,359.88,0.01999999999998181,14.018711476534785,6.6822120965161425,1.3966592146985948,0.6000000238881662,-0.23264868206307449,324885.6201171875,944.1969226837159,6.149629835667099,13.0,ok
360.0,13.149000000000001,359.983,0.016999999999995907,14.033858601178524,6.742205394308263,1.3698261705363297,0.600027823241782,-0.2498233239719498,325984.3444824219,953.5079791217389,6.211505769316193,13.103000000000009,ok
360.1,13.249000000000024,360.08,0.020000000000038654,14.04957707137254,6.79838570222768,1.3539982161144408,0.6000000238821237,-0.061568124053092185,327072.1130371094,962.3061008410974,6.26984355555428,13.199999999999989,ok
360.2,13.34899999999999,360.18,0.01999999999998181,14.063309640116534,6.856805986192787,1.3560743289178065,0.6000000238850616,0.11208771160523807,327544.3420410156,971.3979960505179,6.329856162753702,13.300000000000011,ok
360.3,13.449000000000012,360.28,0.020000000000038654,14.074421441264066,6.919926718696296,1.3635414743613252,0.6000000238824834,0.105214621390919,328605.8044433594,980.5111925294644,6.3939474959940235,13.399999999999977,ok
360.4,13.548999999999978,360.38,0.01999999999998181,14.084420918333162,6.984277177833079,1.3801692448023397,0.6000000238800632,0.2573162202592607,329656.7077636719,989.6537274212309,6.459070234977963,13.5,ok
360.5,13.649000000000001,360.48,0.01999999999998181,14.092919817010369,7.048872132634723,1.4078945240531129,0.6000000238721072,0.23969797799392245,330696.9909667969,998.8253065702672,6.5242219000722015,13.600000000000023,ok
360.6,13.749000000000024,360.58,0.020000000000038654,14.101515413602279,7.109292807167996,1.4380109901473732,0.6000000238699745,0.31891686683534454,331116.1804199219,1008.0171561728574,6.585250927524936,13.699999999999989,ok
360.7,13.84899999999999,360.68,0.01999999999998181,14.108730347464393,7.168855324154002,1.4652926500795442,0.6000000238793414,0.1811664822855029,332132.2021484375,1017.2289392640868,6.64524883332458,13.800000000000011,ok
360.8,13.949000000000012,360.78,0.020000000000038654,14.115286091991141,7.225139024888576,1.4798310884020731,0.6000000238660934,0.11835359137068634,333138.1530761719,1026.4688053088698,6.701913043851852,13.899999999999977,ok
360.9,14.048999999999978,360.88,0.01999999999998181,14.121343604056243,7.280618645482457,1.4880572774770429,0.6000000238685927,0.1475971097121084,334134.033203125,1035.736474562751,6.757722377781401,14.0,ok
361.0,14.149000000000001,360.984,0.016000000000019554,14.12704660878614,7.338354459083452,1.501543456511519,0.6000154354696438,0.12173070746140191,335119.9035644531,1045.4034758716145,6.8157391722043785,14.103999999999985,ok
361.1,14.249000000000024,361.08,0.020000000000038654,14.131151000863051,7.395127434265671,1.497897044863774,0.6000000238653825,-0.18525000528738061,336095.9167480469,1054.3530201424483,6.872660317180229,14.199999999999989,ok
361.2,14.34899999999999,361.18,0.01999999999998181,14.135914219072811,7.45493748947476,1.482540695920819,0.6000000238610811,-0.1079852032298243,338018.5241699219,1063.7157207107555,6.932659741776038,14.300000000000011,ok
361.302,14.451000000000022,361.28,0.022000000000048203,14.13969857929159,7.515446664005148,1.4847257245122991,0.6000000238582903,0.1476481942649721,338965.2404785156,1073.1182729975362,6.99328714139547,14.399999999999977,ok
361.4,14.548999999999978,361.38,0.01999999999998181,14.141994278195117,7.576142287888789,1.5086272680675632,0.6000000238612678,0.1395864234225756,339902.4353027344,1082.5469907167223,7.054026165030034,14.5,ok
361.5,14.649000000000001,361.48,0.01999999999998181,14.144810917700617,7.636215473821115,1.5282973229864945,0.6000000238586397,0.3243610819048352,340830.13916015625,1092.0016098064868,7.114165346319471,14.600000000000023,ok
361.6,14.749000000000024,361.58,0.020000000000038654,14.146666461082928,7.696185028470273,1.5542620694713616,0.6000000238575067,0.27817766316549997,341748.4130859375,1101.4818674765681,7.174163600677927,14.699999999999989,ok
361.7,14.84899999999999,361.68,0.01999999999998181,14.146870384015351,7.756181667611105,1.5921323281919137,0.600000023853601,0.5307348408264783,343557.12890625,1111.0000000042396,7.234160586375189,14.800000000000011,ok
361.8,14.949000000000012,361.78,0.020000000000038654,14.145049323529191,7.816233766118261,1.6504884786297989,0.6000000238526025,0.5401189315571326,344447.75390625,1120.5556233766322,7.294240290072922,14.899999999999977,ok
361.9,15.048999999999978,361.88,0.01999999999998181,14.140221691205271,7.876075599106897,1.6932882344158706,0.6000000238516653,0.36368765180982676,345329.28466796875,1130.1358600234985,7.354276537534725,15.0,ok
362.0,15.149000000000001,361.98,0.01999999999998181,14.132295738990036,7.935543472762949,1.7274182445967419,0.6000000238507855,0.31272047040120593,346201.8737792969,1139.7404594463794,7.414270276505474,15.100000000000023,ok
362.101,15.25,362.08,0.021000000000015007,14.122317408496624,7.994706564942451,1.7484512481415362,0.6000000238513807,0.05686919684879893,347065.61279296875,1149.3691745376575,7.474268931121023,15.199999999999989,ok
362.2,15.34899999999999,362.18,0.01999999999998181,14.111700195958527,8.053759698207287,1.7439307034018117,0.6000000238491845,-0.19883905999380178,348766.8762207031,1159.0335146628495,7.5342689123749675,15.300000000000011,ok
362.3,15.449000000000012,362.28,0.020000000000038654,14.101906461080864,8.116466212300992,1.7230576022949895,0.6000000238541411,-0.1772459884198444,349604.5837402344,1168.7331182734147,7.5977356292637275,15.399999999999977,ok
362.4,15.548999999999978,362.38,0.01999999999998181,14.093302566471388,8.180237060326716,1.7048995620847258,0.6000000238477736,-0.24561508375462857,351897.0947265625,1178.4761971410112,7.66208427385218,15.5,ok
362.501,15.649999999999977,362.48,0.020999999999958163,14.08599141793051,8.240666270205317,1.6739702677521704,0.600000023858501,-0.30727547441088526,352709.1979980469,1188.2623956510774,7.722954153920559,15.600000000000023,ok
362.601,15.75,362.58,0.021000000000015007,14.080578174743646,8.300418931820285,1.6385352454058912,0.6000000238465304,-0.4554710381452708,354308.3190917969,1198.082083388433,7.782951518628295,15.699999999999989,ok
362.7,15.84899999999999,362.68,0.01999999999998181,14.077518958600908,8.360337087531535,1.6012420733188164,0.6000000238488076,-0.29364274107744204,355095.6726074219,1207.9349166064799,7.842947720068432,15.800000000000011,ok
362.801,15.949999999999989,362.78,0.021000000000015007,14.075643612891625,8.422001526886417,1.5701173445275847,0.6000000238454349,-0.3060381102318268,355874.9084472656,1217.8095080100138,7.90464066944258,15.899999999999977,ok
362.9,16.048999999999978,362.88,0.01999999999998181,14.07520775464845,8.484068413969574,1.5461603844673586,0.600000023844937,-0.1705436738392334,356646.2097167969,1227.7056346511836,7.966709086891404,16.0,ok
363.0,16.149,362.98,0.01999999999998181,14.076830138644596,8.544450361055919,1.529750592506536,0.6000000238444696,-0.14027746015562315,357409.66796875,1237.6230773968184,8.027112825714172,16.100000000000023,ok
363.1,16.249000000000024,363.08,0.020000000000038654,14.079505824258698,8.6043905555659,1.5259488389742264,0.6000000238440308,0.07472302739966347,358913.3605957031,1247.5720083490992,8.08711271080906,16.19999999999999,ok
363.2,16.34899999999999,363.18,0.01999999999998181,14.082139690218044,8.664332698872737,1.523889476258964,0.60000002384504,-0.04283620888437635,359653.7780761719,1257.552107497322,8.147112692426635,16.30000000000001,ok
363.3,16.449000000000012,363.28,0.020000000000038654,14.084069903761593,8.714277944242191,1.5122939136012101,0.6000000238432324,-0.16768086255151565,360386.71875,1267.5526699532375,8.197095221967853,16.399999999999977,ok
363.4,16.548999999999978,363.38,0.01999999999998181,14.08778242833585,8.77160321202732,1.4905467138117827,0.6000000238428694,-0.3133177348839283,361112.2741699219,1277.5734892993498,8.254540580051438,16.5,ok
363.5,16.649,363.48,0.01999999999998181,14.093410063371367,8.83133575472606,1.4560980887658241,0.6000000238425287,-0.33793664067010637,361830.5969238281,1287.6143625089876,8.31453763775721,16.600000000000023,ok
363.6,16.749000000000024,363.58,0.020000000000038654,14.101169917772717,8.89082803481841,1.4139373915636717,0.6000000238422089,-0.508684860824637,361202.9724121094,1297.6564954164278,8.374533860395946,16.69999999999999,ok
363.7,16.84899999999999,363.68,0.01999999999998181,14.111636996839316,8.94990321425238,1.3710550123955494,0.6000000238419086,-0.31567158860550915,361915.83251953125,1307.6998121515917,8.434529164956738,16.80000000000001,ok
363.8,16.949000000000012,363.78,0.020000000000038654,14.126292360205966,9.011282883969947,1.349741914710752,0.6000000238458901,-0.05938680970332219,363320.5261230469,1317.7725393549574,8.497634184804973,16.899999999999977,ok
363.9,17.048999999999978,363.88,0.01999999999998181,14.140037617893181,9.070485743829696,1.3513516833909829,0.6000000238456256,0.15639215131915923,364012.4816894531,1327.874386685689,8.558411735960485,17.0,ok
364.0,17.149,363.98,0.01999999999998181,14.152612281936914,9.129151912529213,1.377208821413798,0.6000000238467984,0.41183819155706325,363404.35791015625,1337.977398346797,8.618410415326725,17.100000000000023,ok
364.101,17.25,364.08,0.021000000000015007,14.163094993579234,9.18822384974776,1.42307191220417,0.600000023842302,0.39771079467829196,364091.4611816406,1348.0815069452906,8.678405256856044,17.19999999999999,ok
364.2,17.34899999999999,364.18,0.01999999999998181,14.171102233457027,9.247684634562129,1.4532317145631402,0.6000000238435043,0.27514162764113576,364771.8811035156,1358.2046089214757,8.738402763647585,17.30000000000001,ok
364.3,17.449000000000012,364.28,0.020000000000038654,14.177455831758675,9.307174309136435,1.4857903189308046,0.6000000238404567,0.2882588675285709,366112.9455566406,1368.35578706953,8.798230763717248,17.399999999999977,ok
364.4,17.548999999999978,364.38,0.01999999999998181,14.181982759338789,9.366785522886122,1.5129188872905137,0.6000000238516325,0.2625181182544201,366773.74267578125,1378.534768850538,8.858013619771693,17.5,ok
364.5,17.649,364.48,0.01999999999998181,14.184957228470497,9.426491378883771,1.5378749048295004,0.6000000238400829,0.2611065396162968,367428.0700683594,1388.7320162497645,8.917793521971575,17.600000000000023,ok
364.6,17.749000000000024,364.58,0.020000000000038654,14.186214382224971,9.48643112057519,1.5717033801097475,0.6000000238427551,0.31712281046469426,368076.0803222656,1398.947351671853,8.977746445750123,17.69999999999999,ok
364.7,17.84899999999999,364.68,0.01999999999998181,14.183235300573624,9.546933156121987,1.6056879813947604,0.6000000238468588,0.35934535761202185,368717.83447265625,1409.1806004884515,9.038321780935256,17.80000000000001,ok
364.8,17.949000000000012,364.78,0.020000000000038654,14.179534161444366,9.606952356009577,1.6485233936960473,0.6000000238396037,0.42582653955946614,369982.6965332031,1419.4403300857516,9.098454989613993,17.899999999999977,ok
364.9,18.048999999999978,364.88,0.01999999999998181,14.173865872804257,9.666679781690775,1.6887327753821655,0.6000000238451475,0.2902526377054763,370605.95703125,1429.7262836074824,9.15845078008808,18.0,ok
365.001,18.149999999999977,364.98,0.020999999999958163,14.166236907015417,9.726191675309881,1.7075222850970815,0.6000000238393313,0.052707683633664223,371223.08349609375,1440.02946472592,9.218449668420607,18.100000000000023,ok
365.1,18.249000000000024,365.08,0.020000000000038654,14.157937152588541,9.785614794305953,1.712589122324591,0.6000000238434706,0.016931686934447417,371834.2590332031,1450.349705594379,9.278449610043644,18.19999999999999,ok
365.2,18.34899999999999,365.18,0.01999999999998181,14.149521579730916,9.845021623538608,1.7068878568306727,0.6000000238390911,-0.16437006887967914,373615.66162109375,1460.70317671458,9.338449553593616,18.30000000000001,ok
365.3,18.449000000000012,365.28,0.020000000000038654,14.141819869285941,9.90603272837249,1.6881920413001585,0.600000023838982,-0.18969744945392947,374792.7551269531,1471.0977380582992,9.399944848184576,18.399999999999977,ok
365.4,18.548999999999978,365.38,0.01999999999998181,14.135250869229486,9.966048250287262,1.66882080206696,0.6000000238388795,-0.19647683320881426,375372.61962890625,1481.5167015965774,9.46031880475895,18.5,ok
365.5,18.649,365.48,0.01999999999998181,14.129940895549623,10.025811222676827,1.6406192094011156,0.6000000238387834,-0.3808585963255247,375946.8688964844,1491.9516944927657,9.520317210482077,18.600000000000023,ok
365.6,18.749000000000024,365.58,0.020000000000038654,14.126585217412252,10.085714733541378,1.6105152247495154,0.6000000238443775,-0.15322567270760903,376515.4113769531,1502.40255949656,9.580314637007396,18.69999999999999,ok
365.7,18.84899999999999,365.68,0.01999999999998181,14.124447766849086,10.145676488610977,1.6054054112840088,0.6000000238414506,0.10218441673900838,377078.3386230469,1512.8691393576735,9.64031447672332,18.80000000000001,ok
365.8,18.949000000000012,365.78,0.020000000000038654,14.121435348425663,10.205620665013189,1.626723360960049,0.6000000238385288,0.3104282405696438,378187.5915527344,1523.3589439434447,9.700334298026764,18.899999999999977,ok
365.9,19.048999999999978,365.88,0.01999999999998181,14.117346652012243,10.265478980594288,1.6553054284003705,0.6000000238455596,0.17203544152936345,378733.94775390625,1533.8717431004839,9.76033209284097,19.0,ok
366.0,19.149,365.98,0.01999999999998181,14.111994357230014,10.325049019463018,1.6665875199470128,0.5961998104115337,0.1771984244239993,379274.8718261719,1544.3996433724317,9.820142096939431,19.100000000000023,ok
366.1,19.249000000000024,366.08,0.020000000000038654,14.105787236167089,10.384607477073068,1.685213789432261,0.6000000238429115,0.07313182805040752,379810.302734375,1554.9424930191024,9.880023130871537,19.19999999999999,ok
366.201,19.350000000000023,366.18,0.021000000000015007,14.101378727432945,10.440744669420644,1.6825412961154844,0.6000000238468315,-0.039844978072823056,380340.33203125,1565.500140724183,9.936333159409337,19.30000000000001,ok
366.3,19.449000000000012,366.28,0.020000000000038654,14.095467675460839,10.49949727364218,1.6751790905332922,0.6000000238450882,-0.14295950485050557,381942.0166015625,1576.0873955663017,9.99538236802579,19.399999999999977,ok
366.4,19.548999999999978,366.38,0.01999999999998181,14.08962430476556,10.559211287657584,1.657882118241492,0.6000000238419435,-0.16715013913546578,382961.669921875,1586.7110578791296,10.055381605111892,19.5,ok
366.501,19.649999999999977,366.48,0.020999999999958163,14.084778521495563,10.619014767671997,1.6444465402598667,0.600000023847344,-0.12360509380278768,383463.623046875,1597.3558536148091,10.115381087087439,19.600000000000023,ok
366.6,19.749000000000024,366.58,0.020000000000038654,14.080746946780293,10.678878434724098,1.626820494310323,0.6000000238484985,-0.20528369332028504,383960.4187011719,1608.0145208613062,10.175380355646393,19.69999999999999,ok
366.7,19.84899999999999,366.68,0.01999999999998181,14.077879361085365,10.73880886019228,1.6058843788364043,0.6000000238411428,-0.276314970714688,384452.0568847656,1618.6869163555577,10.235379346842205,19.80000000000001,ok
366.8,19.949000000000012,366.78,0.020000000000038654,14.073781837196531,10.795517500697628,1.57491859116306,0.6000000238437502,-0.32790703494779166,384938.4460449219,1629.3728955629108,10.29223582941002,19.899999999999977,ok
366.9,20.048999999999978,366.88,0.01999999999998181,14.074310113993352,10.85551272105469,1.5441529476318818,0.6000000238406875,-0.26265289941520686,385895.8435058594,1640.0789273622297,10.35223337554373,20.0,ok
367.0,20.149,366.983,0.016999999999995907,14.076656893662603,10.917266095093279,1.5122519232854015,0.6000018698502018,-0.38833040181185624,386366.7907714844,1651.1265733803648,10.414031325185816,20.10300000000001,ok
367.1,20.249000000000024,367.08,0.020000000000038654,14.080938713841187,10.975305424241212,1.4787778643797522,0.6000000238473917,-0.20126222035121671,386832.6416015625,1661.5432879553885,10.472228384492826,20.19999999999999,ok
367.2,20.34899999999999,367.18,0.01999999999998181,14.08681072815237,11.035017001812125,1.46886944272546,0.6000000238401039,0.02205466718869509,387293.3349609375,1672.29503762987,10.532227993225534,20.30000000000001,ok
367.3,20.449000000000012,367.28,0.020000000000038654,14.095113393785995,11.095714167273409,1.466817866160299,0.6000000238399327,-0.06723961307681826,387748.84033203125,1683.059512286713,10.59349038096596,20.399999999999977,ok
367.4,20.548999999999978,367.38,0.01999999999998181,14.10161328163317,11.15536060253902,1.4535548862523913,0.6000000238397719,-0.07753407287585556,387652.8625488281,1693.828980382283,10.65348992914693,20.5,ok
367.5,20.649,367.48,0.01999999999998181,14.108703049584726,11.21494024251383,1.454911708127571,0.6000000238410422,0.15253547375474713,388098.20556640625,1704.6033007727747,10.713489915056387,20.600000000000023,ok
367.6,20.749000000000024,367.58,0.020000000000038654,14.11516961647409,11.274589559648412,1.4795529931521483,0.6000000238394795,0.39629538231647277,388538.2385253906,1715.3899180518238,10.77348872772761,20.69999999999999,ok
367.7,20.84899999999999,367.68,0.01999999999998181,14.119585454969735,11.334421784676763,1.5258250725637459,0.6000000238407677,0.4671560056078976,388972.96142578125,1726.1886847178148,10.83348368402781,20.80000000000001,ok
367.8,20.949000000000012,367.78,0.020000000000038654,14.121230254506377,11.393174973816267,1.567244792287547,0.6000000238463272,0.45288109272184707,389402.40478515625,1736.999453692963,10.892259891795732,20.899999999999977,ok
367.9,21.048999999999978,367.88,0.01999999999998181,14.120356724306875,11.453163695920498,1.6121304527052966,0.6000000238391047,0.38139269247871355,390245.3308105469,1747.827894465128,10.952254973550057,21.0,ok
368.0,21.149,367.98,0.01999999999998181,14.117085771565915,11.513072218898152,1.6400537504717896,0.6000000238389946,0.12596091680566987,390658.7829589844,1758.6737849341519,11.012252725651262,21.100000000000023,ok
368.1,21.249000000000024,368.08,0.020000000000038654,14.112754419774275,11.572915598428805,1.6424291873535997,0.6000000238388914,-0.1300951228110293,391066.8640136719,1769.5310855865462,11.07225264800115,21.19999999999999,ok
368.2,21.34899999999999,368.18,0.01999999999998181,14.108851697411428,11.632787717073075,1.6215620627476302,0.6000000238387946,-0.3054634851817582,391469.5739746094,1780.3996472252747,11.132251829935532,21.30000000000001,ok
368.3,21.449000000000012,368.28,0.020000000000038654,14.106366794234601,11.698464113350823,1.6000317175246237,0.6000000238387035,-0.06507007795725653,391866.8518066406,1791.2793198055663,11.19797521825225,21.399999999999977,ok
368.4,21.548999999999978,368.38,0.01999999999998181,14.104679035467212,11.75844036385746,1.5989868752064054,0.6000000238457236,0.01836229406327937,392645.1416015625,1802.175319714016,11.257975211206347,21.5,ok
368.501,21.649999999999977,368.48,0.020999999999958163,14.102943784163513,11.818415260555701,1.60046475677306,0.6000000238385381,-0.05061132093816309,393026.0925292969,1813.0874201880583,11.317975205631777,21.600000000000023,ok
368.6,21.749000000000024,368.58,0.020000000000038654,14.10139060650913,11.878394841558933,1.5901026528393525,0.6000000238441472,-0.03015214421749541,393401.55029296875,1824.0100263383638,11.37797489311554,21.69999999999999,ok
368.7,21.84899999999999,368.68,0.01999999999998181,14.100250586645068,11.938384009516879,1.5875039170086083,0.6000000238383922,-0.1424941827327949,393771.4538574219,1834.9429847293438,11.437974892428683,21.80000000000001,ok
368.8,21.949000000000012,368.78,0.020000000000038654,14.09611140663297,12.005314983971994,1.5688204212362349,0.6000000238425892,-0.35169606865452335,395415.3747558594,1845.9039129045245,11.505033733401994,21.899999999999977,ok
368.9,22.048999999999978,368.88,0.01999999999998181,14.09596057652945,12.066981920219614,1.538423197515393,0.6000000238382637,-0.2865713093712338,395765.5334472656,1856.8925366295705,11.566700854105722,22.0,ok
369.0,22.149,368.98,0.01999999999998181,14.09849288356445,12.126927189089022,1.5162722865382199,0.6000000238382053,-0.16389171553371779,396110.16845703125,1867.8908102671326,11.626699586081866,22.100000000000023,ok
369.101,22.25,369.08,0.021000000000015007,14.1021475427568,12.186815186309962,1.5021490613869353,0.6000000238438348,-0.030626095044903018,395537.0788574219,1878.885910924274,11.686698992286825,22.19999999999999,ok
369.2,22.34899999999999,369.18,0.01999999999998181,14.106222252635915,12.246676614114484,1.5072794456585739,0.6000000238380989,0.10028361992108879,395873.1994628906,1889.877720345392,11.746698940615094,22.30000000000001,ok
369.3,22.449000000000012,369.28,0.020000000000038654,14.112089616700043,12.299104694787525,1.509524624205212,0.6000000238423139,-0.07349566024185336,396203.55224609375,1900.8787863413463,11.799454315735737,22.399999999999977,ok
369.4,22.548999999999978,369.38,0.01999999999998181,14.116642188759798,12.35708045965023,1.4941408379555285,0.6000000238380052,-0.14619355812921914,396846.923828125,1911.8933762868242,11.857608552243278,22.5,ok
369.5,22.649,369.48,0.01999999999998181,14.121468430153872,12.416885896121126,1.4886473013742954,0.6000000238379627,0.07170322524846338,397159.7900390625,1922.9212473127598,11.917608409222009,22.600000000000023,ok
369.601,22.75,369.58,0.021000000000015007,14.126098742996547,12.47670641787881,1.505998912951528,0.6000000238393438,0.32616502366549616,397466.8273925781,1933.9577281104177,11.977607864389391,22.69999999999999,ok
369.7,22.84899999999999,369.68,0.01999999999998181,14.12913120627178,12.536626554752763,1.5405044745111407,0.6000000238435695,0.23897654873687776,397767.9748535156,1945.0026559193939,12.037604686276127,22.80000000000001,ok
369.8,22.949000000000012,369.78,0.020000000000038654,14.132203356800174,12.606028791753527,1.5537146535317896,0.6000000238421132,0.017270597863927206,398352.23388671875,1956.0598810407823,12.10707488571142,22.899999999999977,ok
369.9,23.048999999999978,369.88,0.01999999999998181,14.133769593661855,12.668356810105317,1.5444924410506697,0.6000000238378169,-0.20544221690537198,398635.3454589844,1967.1291529761418,12.169422579891462,23.0,ok
370.001,23.149999999999977,369.96,0.04099999999999682,14.135300693296353,12.716332012429186,1.532351516770503,0.6000000238420491,0.01943928629900373,398912.353515625,1975.9907940758578,12.217422208057801,23.079999999999984,ok
370.1,23.249000000000024,370.08,0.020000000000038654,14.137938666838435,12.788283413875646,1.541908903692544,0.6000000238434411,0.07993313314540013,399183.2580566406,1989.2923876020627,12.28942195163039,23.19999999999999,ok
370.2,23.34899999999999,370.18,0.01999999999998181,14.139503239707183,12.848262905797098,1.5482549634438232,0.6000000238391504,-0.005066603923850575,399448.05908203125,2000.3844892289912,12.34942184612544,23.30000000000001,ok
370.301,23.44999999999999,370.28,0.021000000000015007,14.140021107536755,12.894748728640938,1.5428043714514492,0.6000000238377037,-0.010058847772420026,399706.60400390625,2011.4838595496255,12.3959105534914,23.399999999999977,ok
370.401,23.55000000000001,370.38,0.021000000000015007,14.141398321923136,12.951348918309241,1.5431718044724365,0.6000000238376796,-0.06584810447970506,400204.9865722656,2022.5937427520748,12.452527496096542,23.5,ok
370.501,23.649999999999977,370.48,0.020999999999958163,14.143273633006686,13.01131935638997,1.532795837148856,0.600000023839078,-0.11872260218008376,400444.76318359375,2033.7138781653532,12.512527248056484,23.600000000000023,ok
370.6,23.749000000000024,370.58,0.020000000000038654,14.145838196496543,13.071264185537192,1.5212533683650593,0.6000000238390568,-0.06842272803147838,400678.16162109375,2044.8405854543034,12.57252691078373,23.69999999999999,ok
370.7,23.84899999999999,370.68,0.01999999999998181,14.148982207259648,13.131562833680555,1.5137555824894642,0.6000000238489844,-0.08462760519115177,400905.1818847656,2055.973687447443,12.63290746867777,23.80000000000001,ok
370.8,23.949000000000012,370.78,0.020000000000038654,14.152614481897508,13.191547899623988,1.5030320516134648,0.6000000238375971,-0.21755928468539237,400234.4665527344,2067.100627009071,12.693002406528498,23.899999999999977,ok
370.9,24.048999999999978,370.88,0.01999999999998181,14.157262647442904,13.251366069822096,1.4799465732854644,0.6000000238375796,-0.12072416114917636,400656.4025878906,2078.2241113026935,12.75300089758275,24.0,ok
371.0,24.149,370.98,0.01999999999998181,14.16287201683547,13.311103219895605,1.4781086532741021,0.6000000238446684,0.13282824942968102,400857.3913574219,2089.3562473297143,12.813000831948441,24.100000000000023,ok
371.1,24.249000000000024,371.08,0.020000000000038654,14.167985518614922,13.370883847163125,1.5008553471643307,0.6000000238375476,0.2688070116126294,401051.7578125,2100.493874401515,12.87299975941341,24.19999999999999,ok
371.2,24.34899999999999,371.18,0.01999999999998181,14.171650632535348,13.437559814290413,1.5175096112981987,0.6000000238489016,0.04845410811718123,401239.3798828125,2111.636806869508,12.939776384458474,24.30000000000001,ok
371.3,24.449000000000012,371.28,0.020000000000038654,14.174721599878623,13.499178349513874,1.5245851116997493,0.6000000238417826,0.18076539086040044,401420.2880859375,2122.7848578135145,13.001471398223838,24.399999999999977,ok
371.4,24.548999999999978,371.38,0.01999999999998181,14.176991898542516,13.55913424251788,1.5463137917628582,0.6000000238375065,0.22493634785959468,401761.6271972656,2133.9401621924503,13.061470259562459,24.5,ok
371.5,24.649,371.48,0.01999999999998181,14.17789068222402,13.619126035360125,1.5733374259906443,0.6000000238374945,0.400989340137017,401922.05810546875,2145.1024355994355,13.121468784715441,24.600000000000023,ok
371.6,24.749000000000024,371.58,0.020000000000038654,14.176812217852026,13.67911300714832,1.6090281507203614,0.6000000238374833,0.30763577504043776,402075.62255859375,2156.2690700530993,13.181465450203778,24.69999999999999,ok
371.7,24.84899999999999,371.68,0.01999999999998181,14.173878347191103,13.739039774856304,1.6309938932218677,0.6000000238374726,0.09228356527332024,402222.2595214844,2167.439873970881,13.241463992560918,24.80000000000001,ok
371.8,24.949000000000012,371.78,0.020000000000038654,14.169406095332183,13.795834210023717,1.6408754131580843,0.6000000238374628,0.17657864473772725,402361.9689941406,2178.614654922483,13.298434238327241,24.899999999999977,ok
371.9,25.048999999999978,371.88,0.01999999999998181,14.164765534973414,13.855653640245068,1.6611048222981253,0.6000000238431378,0.3093116319625378,402620.42236328125,2189.794965913561,13.358433396925095,25.0,ok
372.0,25.149,371.98,0.01999999999998181,14.158532961855364,13.91532599076402,1.6955319864584626,0.6000000238374447,0.25945446182530324,402739.1357421875,2200.980515331695,13.418430350048803,25.100000000000023,ok
372.1,25.249000000000024,372.08,0.020000000000038654,14.150528765098812,13.974788637081641,1.7139638071850403,0.6000000238402786,0.040617608300212917,402850.76904296875,2212.169264009263,13.478429295646306,25.19999999999999,ok
372.2,25.34899999999999,372.18,0.01999999999998181,14.141992764698493,14.034178288070992,1.7078176253591502,0.600000023843113,-0.21461066109148175,403858.3984375,2223.37355800205,13.538429245208544,25.30000000000001,ok
372.3,25.449000000000012,372.28,0.020000000000038654,14.131906993735853,14.075471926672943,1.6840529968787148,0.6000000238431058,-0.3673696960993097,403957.3974609375,2234.5932218339685,13.580936742957757,25.399999999999977,ok
372.4,25.548999999999978,372.38,0.01999999999998181,14.126097601114498,14.135185725241834,1.6426370662629186,0.6000000238374147,-0.3998433876602898,404049.37744140625,2245.815538152059,13.640932465989946,25.5,ok
372.501,25.649999999999977,372.48,0.020999999999958163,14.122740785732434,14.195088034839928,1.6049961867049638,0.6000000238374082,-0.2640969615763577,404134.3078613281,2257.0403115590443,13.700928756747752,25.600000000000023,ok
372.6,25.749000000000024,372.58,0.020000000000038654,14.121250976515562,14.255068325373426,1.5824202786836288,0.6000000238374023,-0.21907532907907265,404282.8369140625,2268.268327458699,13.760927546602094,25.69999999999999,ok
372.7,25.84899999999999,372.68,0.01999999999998181,14.121059957308521,14.315066981769885,1.5615803617035149,0.6000000238416598,-0.23380491198853204,404346.435546875,2279.4992895762143,13.82092650707407,25.80000000000001,ok
372.8,25.949000000000012,372.78,0.020000000000038654,14.121315525465711,14.369753824825777,1.530717735837298,0.6000000238388125,-0.31905493123390993,404402.89306640625,2290.731919140284,13.875613947300348,25.899999999999977,ok
372.9,26.048999999999978,372.88,0.01999999999998181,14.124091196772262,14.428347151199986,1.5093819302384193,0.6000000238373864,-0.0634953928374097,404452.1484375,2301.9660169389517,13.93427298110416,26.0,ok
373.0,26.149,372.98,0.01999999999998181,14.127803746882948,14.488232158807403,1.5132523451510782,0.6000000238388028,0.19186455817632947,404494.2626953125,2313.2013837602435,13.994272957474694,26.100000000000023,ok
373.1,26.249000000000024,373.08,0.020000000000038654,14.130858088431212,14.548153828626756,1.5257195769360883,0.6000000238373774,0.03914530722806429,404529.1442871094,2324.4378199683288,14.054272420107562,26.19999999999999,ok
373.2,26.34899999999999,373.18,0.01999999999998181,14.133359739539227,14.608101357577363,1.538218996843471,0.6000000238387944,0.212062940261534,404577.33154296875,2335.675409910416,14.114272124153084,26.30000000000001,ok
373.3,26.449000000000012,373.28,0.020000000000038654,14.139231041951444,14.699995363533926,1.562542072560889,0.6000000238416326,0.43548627869906337,404590.5456542969,2346.913852649263,14.20635350404479,26.399999999999977,ok
373.402,26.550999999999988,373.38,0.02199999999999136,14.138803994527038,14.759990735930408,1.595864900339527,0.6000000238373658,0.1800373515024422,404595.3369140625,2358.152545462715,14.2663503962851,26.5,ok
373.5,26.649,373.48,0.01999999999998181,14.136990849940895,14.81996305810076,1.6036359733651269,0.6000000238387835,-0.07588968156890682,404586.8225097656,2369.391186565826,14.32635012061609,26.600000000000023,ok
373.6,26.749000000000024,373.58,0.020000000000038654,14.13531381568599,14.879939116828012,1.5887776797531392,0.6000000238487279,-0.18106965194417277,404571.0144042969,2380.629489856295,14.386349621150236,26.69999999999999,ok
373.7,26.84899999999999,373.68,0.01999999999998181,14.134648171604868,14.939934739198385,1.5718608871624467,0.6000000238487249,-0.1668407113032005,404548.0041503906,2391.8672540028906,14.44634893602675,26.80000000000001,ok
373.801,26.94999999999999,373.78,0.021000000000015007,14.135537862326084,14.973926612923492,1.5593200800903184,0.6000000238430377,-0.08301480916701423,404517.6696777344,2403.1042772504998,14.480352450976282,26.899999999999977,ok
373.9,27.048999999999978,373.88,0.01999999999998181,14.13630273719389,15.033921717012793,1.5612328481166908,0.6000000238430351,0.17145039110455632,404480.1330566406,2414.340357844035,14.540352430545024,27.0,ok
374.0,27.149,373.98,0.01999999999998181,14.136408405851009,15.093920659781325,1.5795452835288926,0.600000023848717,0.10234944672228184,404435.24169921875,2425.575293604536,14.600351466364,27.100000000000023,ok
374.1,27.249000000000024,374.08,0.020000000000038654,14.135543995358265,15.15391379467514,1.596827288892228,0.6000000238487146,0.2180093576509144,404323.79150390625,2436.8080579545754,14.660350828359668,27.19999999999999,ok
374.2,27.34899999999999,374.18,0.01999999999998181,14.133552116416439,15.213880103235507,1.6115174969279775,0.6000000238487124,0.10270506666727183,404257.14111328125,2448.038348685372,14.720350209557111,27.30000000000001,ok
374.3,27.449000000000012,374.28,0.020000000000038654,14.130887096681882,15.261289147322575,1.621779112549441,0.600000023841605,0.06196531047043804,404183.2580566406,2459.2666875627283,14.767834099366553,27.399999999999977,ok
374.4,27.548999999999978,374.38,0.01999999999998181,14.127809902135887,15.31807724854848,1.6191559123248258,0.600000023840182,-0.019561268072257616,404102.11181640625,2470.492873255412,14.82470551193137,27.5,ok
374.5,27.649,374.48,0.01999999999998181,14.124899747576075,15.378006630528825,1.6191787803781028,0.6000000238373381,-0.02463552506343332,404013.7023925781,2481.7167040083173,14.884705510465604,27.600000000000023,ok
374.6,27.749000000000024,374.58,0.020000000000038654,14.122060400322725,15.43793939435302,1.6150919374571144,0.6000000238444417,-0.1420101980695445,403918.1213378906,2492.9379793379035,14.944705494402534,27.69999999999999,ok
374.7,27.84899999999999,374.68,0.01999999999998181,14.119777048685199,15.497895315639855,1.5990648325971633,0.6000000238373348,-0.13639748921388314,403815.3076171875,2504.1564991845044,15.004704879333163,27.80000000000001,ok
374.8,27.949000000000012,374.78,0.020000000000038654,14.117941855314093,15.57721229641398,1.5955891636207482,0.6000000238373333,0.02547398976052112,403588.1042480469,2515.3704354604065,15.08404308812207,27.899999999999977,ok
374.9,28.048999999999978,374.88,0.01999999999998181,14.116450431256137,15.637193757262608,1.5949617211021456,0.6000000238430162,0.02114020000402709,403463.7451171875,2526.579488923815,15.144043088049205,28.0,ok
375.0,28.149,374.98,0.01999999999998181,14.11483628475618,15.697171834222866,1.604170524035966,0.6000000238415938,0.05630828216221162,403332.2448730469,2537.784988784793,15.204042881255297,28.100000000000023,ok
375.101,28.25,375.08,0.021000000000015007,14.112814416115341,15.757137740513485,1.6028487626286168,0.6000000238430137,0.03591030320063778,403047.8515625,2548.9847123463937,15.264042863505763,28.19999999999999,ok
375.201,28.350000000000023,375.18,0.021000000000015007,14.110682674360534,15.817099535111314,1.6164988036845043,0.6000000238373282,0.23211277631598268,402894.9890136719,2560.178362909954,15.324042539624067,28.30000000000001,ok
375.3,28.449000000000012,375.28,0.020000000000038654,14.107340423661578,15.872222053990003,1.6428238989398891,0.6000000238373271,0.29489754650734457,402735.107421875,2571.3676698048885,15.379266291101723,28.399999999999977,ok
375.401,28.55000000000001,375.38,0.021000000000015007,14.102369219567628,15.926036340575568,1.6649410824598547,0.6000000238415893,0.07537676085632264,402568.2067871094,2582.5524380577936,15.433309702456459,28.5,ok
375.5,28.649,375.48,0.01999999999998181,14.096667954126099,15.98456929558296,1.6622065299468562,0.6000000238401673,-0.18062193725667097,403399.6887207031,2593.7464366065155,15.492119661217982,28.600000000000023,ok
375.602,28.750999999999976,375.58,0.02199999999999136,14.091730334694748,16.044364330985545,1.638442771393822,0.6000000238387453,-0.17147400656699666,403222.5646972656,2604.9495234595393,15.552118214070907,28.69999999999999,ok
375.7,28.84899999999999,375.68,0.01999999999998181,14.08803287847764,16.111533781435394,1.6162289101912077,0.6000000238415866,-0.3575855090079359,402847.5646972656,2616.1449419233545,15.619389353917146,28.80000000000001,ok
375.8,28.949000000000012,375.78,0.020000000000038654,14.086256065322067,16.173323503403385,1.5728395172921583,0.6000000238486912,-0.4720593659703909,402649.7497558594,2627.3324046240887,15.681204617451902,28.899999999999977,ok
375.9,29.048999999999978,375.88,0.01999999999998181,14.087169506086138,16.2333125043357,1.5344213785807495,0.6000000238373219,-0.2760279410769992,402445.068359375,2638.5142770979137,15.741200572372938,29.0,ok
376.0,29.149,375.98,0.01999999999998181,14.090102545976734,16.293238073348867,1.4984366105382512,0.6000000238415844,-0.4370799929960693,402233.6120605469,2649.6903698815263,15.801197876850319,29.100000000000023,ok
376.1,29.249000000000024,376.08,0.020000000000038654,14.095363477150093,16.353003834381106,1.4649617688851861,0.6000000238387415,-0.18143165155333185,401790.46630859375,2660.8573709699826,15.861194740006432,29.19999999999999,ok
376.2,29.34899999999999,376.18,0.01999999999998181,14.102012719718234,16.412633974289406,1.4570356560852074,0.6000000238415831,0.074166445195897,400518.1884765625,2672.00054673089,15.92119445677421,29.30000000000001,ok
376.3,29.449000000000012,376.28,0.020000000000038654,14.108611958657928,16.4784428139492,1.4744982641055817,0.6000000238387404,0.3260261809687007,400275.8483886719,2683.1226861317923,15.987333351019213,29.399999999999977,ok
376.4,29.548999999999978,376.38,0.01999999999998181,14.113648067063721,16.539771600161572,1.5047746667941415,0.6000000238486874,0.2832666793671853,400026.8859863281,2694.238001887003,16.048868563752716,29.5,ok
376.5,29.649,376.48,0.01999999999998181,14.117005697975449,16.599676278788742,1.5258290787654918,0.6000000238373182,0.1637370575262037,399771.3623046875,2705.3463108910473,16.1088672654617,29.600000000000023,ok
376.6,29.749000000000024,376.58,0.020000000000038654,14.11918879770597,16.659635151619995,1.5520078898850198,0.6000000238486864,0.35018118379083657,399240.5700683594,2716.443698840669,16.168865868409,29.69999999999999,ok
376.7,29.84899999999999,376.68,0.01999999999998181,14.121424227188243,16.705580009063006,1.5830631317855248,0.6000000238373173,0.27596996920626704,398965.4846191406,2727.5298940446646,16.21486507568944,29.80000000000001,ok
376.8,29.949000000000012,376.78,0.020000000000038654,14.120660319389879,16.762021852932442,1.5995882808131336,0.6000000238373169,0.06760541812309294,398683.9294433594,2738.608358128862,16.271312088847854,29.899999999999977,ok
376.902,30.050999999999988,376.88,0.02199999999999136,14.118775790405648,16.821992155440785,1.6045044353921545,0.6000000238373165,-0.055351627046666615,398396.0266113281,2749.6789130740685,16.331311994118067,30.0,ok
377.0,30.149,376.98,0.01999999999998181,14.11697214318743,16.881964769220374,1.5923404026506733,0.6000000238373161,-0.21023868899335685,398101.7761230469,2760.741382556493,16.391311723674487,30.100000000000023,ok
377.101,30.25,377.08,0.021000000000015007,14.116269597529072,16.941958941153636,1.563177252504901,0.6000000238430001,-0.37847488566911347,397801.26953125,2771.79559152391,16.451310008952984,30.19999999999999,ok
377.2,30.34899999999999,377.18,0.01999999999998181,14.115125333597636,16.997283732761918,1.5359937657021403,0.6000000238401576,-0.21444302520675046,397494.44580078125,2782.8413653479683,16.506646632507774,30.30000000000001,ok
377.3,30.449000000000012,377.28,0.020000000000038654,14.116898330023254,17.05602308873552,1.525845249404785,0.6000000238373151,0.04157487963864694,396862.3962402344,2793.874099265201,16.56541274056777,30.399999999999977,ok
377.401,30.55000000000001,377.38,0.021000000000015007,14.119382352007893,17.115971345636265,1.536532473829616,0.6000000238373149,0.06893230659985732,396537.2314453125,2804.893538538614,16.62541243948916,30.5,ok
377.5,30.649,377.48,0.01999999999998181,14.1212349009678,17.175942508972284,1.5485901661872246,0.6000000238373145,0.2243988915659371,396206.0241699219,2815.9038615332724,16.685412209234755,30.600000000000023,ok
377.6,30.749000000000024,377.58,0.020000000000038654,14.122108433610604,17.23593542057469,1.5648628035795882,0.6000000238415776,0.09049289818655148,395868.7744140625,2826.9049004024905,16.74541148007876,30.69999999999999,ok
377.7,30.84899999999999,377.68,0.01999999999998181,14.122369744840036,17.29593482738231,1.5650326066227664,0.6000000238401563,0.0031261531062895948,395525.634765625,2837.8964894188775,16.805411455918964,30.80000000000001,ok
377.8,30.949000000000012,377.78,0.020000000000038654,14.124845272848596,17.35786290910525,1.568741364987735,0.600000023840156,0.037203111096261884,394821.7468261719,2848.8735363854266,16.867388996567204,30.899999999999977,ok
377.9,31.048999999999978,377.88,0.01999999999998181,14.125001167308687,17.41786265092802,1.5622947286307922,0.600000023842998,-0.21721872856499128,394461.0900878906,2859.8357980092355,16.92738894091619,31.0,ok
378.0,31.149,377.98,0.01999999999998181,14.12609103053389,17.47785130064339,1.539279657132235,0.6000000238373134,-0.18783135709753984,394094.7570800781,2870.787962553238,16.987387490036344,31.100000000000023,ok
378.1,31.249000000000024,378.08,0.020000000000038654,14.128532703665876,17.537800054213392,1.5115016022050594,0.6000000238415765,-0.377415865579288,393722.7478027344,2881.729872343273,17.047385946868836,31.19999999999999,ok
378.2,31.34899999999999,378.18,0.01999999999998181,14.132884206674039,17.597639688928187,1.4807197118728572,0.6000000238415764,-0.25537013210569065,393345.0927734375,2892.6613701290557,17.107383592332887,31.30000000000001,ok
378.3,31.449000000000012,378.28,0.020000000000038654,14.140189009858844,17.65353115278026,1.4671426026437948,0.6000000238387341,1.5905665775098332e-06,392573.2727050781,2903.5769029829203,17.16375039001642,31.399999999999977,ok
378.4,31.548999999999978,378.38,0.01999999999998181,14.146280882643314,17.713220955936706,1.4743110316218144,0.6000000238429971,0.026015991460422605,392179.13818359375,2914.476242023043,17.22375025264024,31.5,ok
378.5,31.649,378.48,0.01999999999998181,14.152066999754377,17.77294130912297,1.4749996748285565,0.6000000238373127,0.10840484795662136,390619.384765625,2925.348443730674,17.28375025043953,31.600000000000023,ok
378.6,31.749000000000024,378.58,0.020000000000038654,14.157438921463847,17.832699572050714,1.4952738684726927,0.6000000238401547,0.3531377534335699,390210.2966308594,2936.193300416732,17.343749479859532,31.69999999999999,ok
378.7,31.84899999999999,378.68,0.01999999999998181,14.161185942992905,17.89258009329807,1.5262816346381116,0.6000000238387335,0.2603026084345733,389795.9289550781,2947.026720216539,17.4037471214398,31.80000000000001,ok
378.8,31.949000000000012,378.78,0.020000000000038654,14.16680454500586,17.95566326051735,1.5393225140222817,0.6000000238373122,0.04147690685250181,388951.66015625,2957.8426589541928,17.467080009223288,31.899999999999977,ok
378.9,32.04899999999998,378.88,0.01999999999998181,14.169479991106098,18.016394200608993,1.543246854951699,0.6000000238486808,0.07144590188715565,388521.8505859375,2968.640902158948,17.527869852916538,32.0,ok
379.0,32.149,378.98,0.01999999999998181,14.170953234258723,18.076375965518196,1.5527312601326815,0.600000023837312,0.2052731920509977,388087.0056152344,2979.4271362728555,17.587869707641442,32.10000000000002,ok
379.1,32.249000000000024,379.08,0.020000000000038654,14.171559390522303,18.13637202087465,1.5696335635399419,0.600000023837312,0.04003535032539611,387647.216796875,2990.201222695242,17.647868824999538,32.19999999999999,ok
379.2,32.34899999999999,379.18,0.01999999999998181,14.171655821057017,18.196371891708907,1.563414031851292,0.600000023840154,-0.2148130439729557,387202.5451660156,3000.963024944729,17.70786877332431,32.30000000000001,ok
379.3,32.44900000000001,379.28,0.020000000000038654,14.17290817946926,18.251428548675413,1.5353248983589272,0.600000023841575,-0.34923403468750736,386298.6145019531,3011.7060966067806,17.76293967197251,32.39999999999998,ok
379.4,32.54899999999998,379.38,0.01999999999998181,14.175754662767677,18.31135914621363,1.5094525392262321,0.6000000238387327,-0.13568814324249395,385839.53857421875,3022.4302376217297,17.822937830181374,32.5,ok
379.5,32.649,379.48,0.01999999999998181,14.179696390122048,18.371229282654586,1.4999743229962323,0.6000000238444171,-0.008831699327890075,385375.7629394531,3033.1415612538663,17.882937583947495,32.60000000000002,ok
379.6,32.749000000000024,379.58,0.020000000000038654,14.183906450918343,18.43108138681549,1.5010218266238553,0.6000000238486802,-0.0067958788478778166,384907.4401855469,3043.8399390750433,17.94293757548413,32.69999999999999,ok
379.701,32.85000000000002,379.68,0.021000000000015007,14.1881119786905,18.490933817503898,1.4998329410220188,0.6000000238373114,-0.015302867202308857,384434.5397949219,3054.5252443525524,18.00293757484374,32.80000000000001,ok
379.8,32.94900000000001,379.78,0.020000000000038654,14.192337482766593,18.54400355295557,1.5028254676341852,0.6000000238373114,0.08157893546059723,383957.1533203125,3065.1973512013715,18.05617526549245,32.89999999999998,ok
379.9,33.04899999999998,379.88,0.01999999999998181,14.196181770433865,18.602184704161708,1.5122286942142695,0.60000002384868,0.057311394623135406,382989.1357421875,3075.8493829939084,18.1144832829801,33.0,ok
380.0,33.149,379.98,0.01999999999998181,14.199556855944119,18.66208962629913,1.5174306568874636,0.6000000238429957,-0.019392174857294567,382498.6267089844,3086.4811574723994,18.174483207134156,33.10000000000002,ok
380.1,33.249000000000024,380.08,0.020000000000038654,14.20292115281327,18.7219950135568,1.5071198774297085,0.6000000238486799,-0.15215674983481445,380758.36181640625,3097.0819489796927,18.234482989766388,33.19999999999999,ok
380.2,33.34899999999999,380.18,0.01999999999998181,14.207078167570995,18.781850402456897,1.4944281455605448,0.6000000238373112,-0.10350160549078499,380255.37109375,3107.651584159003,18.29448255936549,33.30000000000001,ok
380.3,33.44900000000001,380.28,0.020000000000038654,14.212872629766126,18.8511968107218,1.4908057215101822,0.6000000238373111,0.12897602680502354,379236.99951171875,3118.2000893062977,18.364070634000253,33.39999999999998,ok
380.4,33.54899999999998,380.38,0.01999999999998181,14.217527538074211,18.91340968936189,1.5115583556651455,0.6000000238373111,0.3213956565354713,378721.8017578125,3128.727294879488,18.426457414972216,33.5,ok
380.5,33.649,380.48,0.01999999999998181,14.220189198162291,18.973346826826933,1.5537155551326007,0.6000000238373111,0.5391936078995112,378202.6672363281,3139.2401347266314,18.486453622201736,33.60000000000002,ok
380.6,33.749000000000024,380.58,0.020000000000038654,14.219950684707054,19.033339955635157,1.6030238602542999,0.6000000238429953,0.3604615465287451,377679.6569824219,3149.738500340777,18.546447225134617,33.69999999999999,ok
380.7,33.84899999999999,380.68,0.01999999999998181,14.217276006357265,19.093278359102918,1.6288103292598732,0.6000000238401532,0.17602908681116997,377152.8015136719,3160.2222844865587,18.60644527605745,33.80000000000001,ok
380.8,33.94900000000001,380.78,0.020000000000038654,14.211687129719127,19.142783259150907,1.652654713138603,0.6000000238429953,0.1919549196079788,376622.1923828125,3170.691381624006,18.656264656531697,33.89999999999998,ok
380.9,34.04899999999998,380.88,0.01999999999998181,14.205986912982178,19.199940483920322,1.6622799357916744,0.600000023838732,-0.04358360188680362,376087.9211425781,3181.145688756306,18.71370541570312,34.0,ok
381.0,34.149,380.98,0.01999999999998181,14.20060926774508,19.259698962869532,1.6587106514876728,0.6000000238373109,0.03159267301734517,375008.48388671875,3191.577583270604,18.7737053729916,34.10000000000002,ok
381.1,34.249000000000024,381.08,0.020000000000038654,14.195291963326179,19.319462879909455,1.6596290321357405,0.6000000238373109,-0.006307396173090816,375757.080078125,3202.004882770112,18.833705368876917,34.19999999999999,ok
381.2,34.34899999999999,381.18,0.01999999999998181,14.190010817177738,19.37922998718432,1.6547140110881808,0.600000023840153,-0.18018146072377914,375212.4328613281,3212.4350148942735,18.893705349015633,34.30000000000001,ok
381.3,34.44900000000001,381.28,0.020000000000038654,14.183907916178129,19.432325327771434,1.6458812506911764,0.6000000238373108,-0.026837841259917023,374664.36767578125,3222.8499704572855,18.9471502794831,34.39999999999998,ok
381.4,34.54899999999998,381.38,0.01999999999998181,14.179188567607227,19.49047137691006,1.6335474865910715,0.6000000238401529,-0.28243579370056565,374112.97607421875,3233.249655787149,19.005487534143956,34.5,ok
381.5,34.649,381.48,0.01999999999998181,14.176224610789426,19.550395015444785,1.5951662427694193,0.6000000238429951,-0.5351164063421229,373000.18310546875,3243.626227442425,19.065484429857467,34.60000000000002,ok
381.6,34.749000000000024,381.58,0.020000000000038654,14.176168986794837,19.6103859938576,1.5321037935630992,0.6000000238486795,-0.7067963608000062,372438.9953613281,3253.979549365571,19.125475434057726,34.69999999999999,ok
381.7,34.84899999999999,381.68,0.01999999999998181,14.180093938900933,19.670247348045145,1.4698073497064612,0.6000000238373108,-0.47434292825285085,371874.5422363281,3264.3172373877633,19.18546532465774,34.80000000000001,ok
381.808,34.956999999999994,381.78,0.02800000000002001,14.18768533425102,19.738468783684077,1.4281303951853546,0.6000000238387317,-0.16768069746193837,371307.0373535156,3274.639203770952,19.25410783017727,34.89999999999998,ok
381.9,35.04899999999998,381.88,0.01999999999998181,14.196769018387602,19.79988890668049,1.4153538073291343,0.6000000238373107,0.036837031301394055,370736.51123046875,3284.9453641679543,19.316196032167564,35.0,ok
382.0,35.149,381.98,0.01999999999998181,14.205849573048127,19.85919745687847,1.4282297420714156,0.6000000238486793,0.17963472592838436,368251.15966796875,3295.2090818193237,19.376195703829406,35.10000000000002,ok
382.1,35.249000000000024,382.08,0.020000000000038654,14.213938948138068,19.918648794730064,1.4486521273800277,0.6000000238373107,0.2873981476490395,367668.0908203125,3305.430182520546,19.436194866837653,35.19999999999999,ok
382.2,35.34899999999999,382.18,0.01999999999998181,14.220656864102333,19.97827026172723,1.4688071556264624,0.600000023842995,0.11879997088073722,367082.2448730469,3315.6350482940675,19.496193614506225,35.30000000000001,ok
382.304,35.452999999999975,382.28,0.02400000000000091,14.231233897043072,20.034944122109135,1.488139632876954,0.6000000238373107,0.2776641468366972,366493.65234375,3325.823602422075,19.55384602188369,35.39999999999998,ok
382.4,35.54899999999998,382.38,0.01999999999998181,14.236847043027542,20.09400185087501,1.510754169335274,0.6000000238444161,0.2786892907496283,365902.28271484375,3335.99576818678,19.6131699018548,35.5,ok
382.5,35.649,382.48,0.01999999999998181,14.23971851510644,20.15393075317657,1.5426671710867337,0.6000000238373107,0.35587995121436494,364711.7004394531,3346.143184619481,19.673167557500417,35.60000000000002,ok
382.6,35.749000000000024,382.58,0.020000000000038654,14.240583250135739,20.213921856054974,1.57499114657677,0.6000000238373105,0.2902875541831504,364112.5183105469,3356.2657432132273,19.733164892368208,35.69999999999999,ok
382.7,35.84899999999999,382.68,0.01999999999998181,14.239672001274785,20.273913270316637,1.6000103321230206,0.6000000238373105,0.20856477508946247,363510.8337402344,3366.371623102824,19.79316322700844,35.80000000000001,ok
382.8,35.94900000000001,382.78,0.020000000000038654,14.23540707322605,20.335954204754014,1.6166318846898167,0.6000000238401527,-0.013991548989290656,362906.6467285156,3376.4607547759974,19.855350582291678,35.89999999999998,ok
382.9,36.04899999999998,382.88,0.01999999999998181,14.23211383678261,20.396375881692858,1.6149681546970103,0.6000000238429949,-0.040711145948482574,362300.0793457031,3386.5330704159196,19.915861940319527,36.0,ok
383.0,36.149,382.98,0.01999999999998181,14.229613662797574,20.456323658293545,1.608571024632123,0.6000000238373105,-0.05971229692836725,361079.77294921875,3396.5800128089068,19.975861830230436,36.10000000000002,ok
383.1,36.249000000000024,383.08,0.020000000000038654,14.227458535983809,20.516284906598298,1.6073531242136683,0.6000000238373105,0.12181663412673753,360466.1865234375,3406.601484468246,20.03586179581249,36.19999999999999,ok
383.2,36.34899999999999,383.18,0.01999999999998181,14.224851240743748,20.576227265378886,1.6287736834580613,0.600000023844416,0.2697277612765798,359850.3723144531,3416.6058811187745,20.095860832176832,36.30000000000001,ok
383.3,36.44900000000001,383.28,0.020000000000038654,14.219992329257026,20.635800160105877,1.6568348838879707,0.6000000238429949,0.25648572880769577,359232.36083984375,3426.5931413014696,20.155631550818896,36.39999999999998,ok
383.4,36.54899999999998,383.38,0.01999999999998181,14.214139226323503,20.69545627448302,1.6739756603211335,0.6000000238373105,0.09800044649225526,358612.1826171875,3436.5632044050417,20.215574113297734,36.5,ok
383.501,36.64999999999998,383.48,0.020999999999958163,14.207847426578947,20.755125442320328,1.673554924897192,0.6000000238387316,-0.15747609853334057,357365.5090332031,3446.5073390112993,20.275574082751245,36.60000000000002,ok
383.6,36.749000000000024,383.58,0.020000000000038654,14.2021707748322,20.81485515590301,1.6528461210611956,0.6000000238373105,-0.1293128193255118,356739.1357421875,3456.425459077621,20.33557294157142,36.69999999999999,ok
383.7,36.84899999999999,383.68,0.01999999999998181,14.197501755942369,20.874672980637428,1.6409298961975853,0.6000000238429949,-0.2319806540469537,357513.7023925781,3466.3456373850504,20.39557270734889,36.80000000000001,ok
383.8,36.94900000000001,383.78,0.020000000000038654,14.19536775030406,20.924981894333232,1.6113503209405087,0.6000000238401527,-0.1965006875207509,356886.474609375,3476.2678620656297,20.445926860874852,36.89999999999998,ok
383.9,37.04899999999998,383.88,0.01999999999998181,14.193667240650484,20.982525502162336,1.6012364732361677,0.6000000238429949,0.059049643446889254,356257.26318359375,3486.1726362016457,20.503495589669846,37.0,ok
384.0,37.149,383.98,0.01999999999998181,14.19170773399842,21.042493436883042,1.603889840280602,0.6000000238429949,-0.10185642569673609,355626.1901855469,3496.0599063873306,20.563495530178038,37.10000000000002,ok
384.1,37.249000000000024,384.08,0.020000000000038654,14.19004836868526,21.102469957464372,1.5884435564144144,0.6000000238429949,-0.2403166781641983,354358.3984375,3505.9208034515364,20.62349500112808,37.19999999999999,ok
384.2,37.34899999999999,384.18,0.01999999999998181,14.189684517240119,21.162466483143625,1.5552898191173994,0.6000000238373105,-0.40778056883809,353721.8322753906,3515.7552511003287,20.68349263009336,37.30000000000001,ok
384.3,37.44900000000001,384.28,0.020000000000038654,14.191123684247142,21.22230916455695,1.5201176222677646,0.600000023845837,-0.2215626368053934,353083.49609375,3525.571991772119,20.743352614393483,37.39999999999998,ok
384.4,37.54899999999998,384.38,0.01999999999998181,14.194453997933973,21.282177797182257,1.508330796921122,0.6000000238415738,0.03406386002642942,352443.4509277344,3535.3709771474196,20.803313803188207,37.5,ok
384.5,37.649,384.48,0.01999999999998181,14.197995288418577,21.342072885322033,1.5206307261601808,0.6000000238373104,0.12046271798798369,351801.69677734375,3545.152159754437,20.86331348920045,37.60000000000002,ok
384.6,37.749000000000024,384.58,0.020000000000038654,14.200826870795973,21.40200595517926,1.526214758848142,0.6000000238387315,0.11152314915324718,349078.6437988281,3554.8866089291027,20.92331341187766,37.69999999999999,ok
384.7,37.84899999999999,384.68,0.01999999999998181,14.203111615145684,21.46196157391891,1.5475037443353477,0.6000000238373104,0.36432190101579287,348429.38232421875,3564.574220403036,20.983312547498084,37.80000000000001,ok
384.8,37.94900000000001,384.78,0.020000000000038654,14.202895266931026,21.520081070479357,1.5928892062473974,0.6000000238429948,0.46437509105132047,347778.5949707031,3574.24377564324,21.04143244673225,37.89999999999998,ok
384.9,38.04899999999998,384.88,0.01999999999998181,14.200578692610033,21.58003270435317,1.6291027315848026,0.6000000238429948,0.2086785110960872,347126.28173828125,3583.8952322642003,21.10142882096207,38.0,ok
385.0,38.149,384.98,0.01999999999998181,14.196704536524143,21.639907058139084,1.6397689335407981,0.6000000238444159,-0.04513257422289583,347917.724609375,3593.5486212412534,21.161428382015956,38.10000000000002,ok
385.1,38.249000000000024,385.08,0.020000000000038654,14.192704372904675,21.69977345929893,1.6309717320209844,0.6000000238373104,-0.2189087356459794,347265.07568359375,3603.2039379119856,21.221428276155983,38.19999999999999,ok
385.2,38.34899999999999,385.18,0.01999999999998181,14.189551961168842,21.75968985941499,1.6149949094897391,0.6000000238486791,-0.11202811102139004,345955.5358886719,3612.8320019616026,21.281427548673406,38.30000000000001,ok
385.3,38.44900000000001,385.28,0.020000000000038654,14.187039583437242,21.82178081285377,1.6123884565149365,0.6000000238415737,0.046312375172385546,345298.7060546875,3622.4327553219237,21.3435693103221,38.39999999999998,ok
385.4,38.54899999999998,385.38,0.01999999999998181,14.184499234735005,21.88440657754926,1.6089886511898803,0.6000000238387315,-0.14558949149279618,344640.5029296875,3632.015244335598,21.406246577135704,38.5,ok
385.5,38.649,385.48,0.01999999999998181,14.182670714290538,21.944913315656002,1.5842320308753504,0.6000000238401526,-0.40064488548265387,343980.95703125,3641.579431279502,21.466780937984183,38.60000000000002,ok
385.6,38.749000000000024,385.58,0.020000000000038654,14.182925854109413,22.004907695894126,1.5379029085133697,0.6000000238486791,-0.48765630157741957,342658.0505371094,3651.116084162393,21.52677586074006,38.69999999999999,ok
385.7,38.84899999999999,385.68,0.01999999999998181,14.185986601133663,22.06482504267395,1.4970950699061565,0.6000000238387315,-0.26041039341415023,341994.68994140625,3660.6251500023745,21.58677133238151,38.80000000000001,ok
385.8,38.94900000000001,385.78,0.020000000000038654,14.189058653087434,22.123692007173325,1.4840674287772182,0.6000000238373104,-0.005212246296291814,341330.078125,3670.1157717810715,21.64571840196582,38.89999999999998,ok
385.9,39.04899999999998,385.88,0.01999999999998181,14.193740650394066,22.183210018354014,1.4846237934919464,0.6000000238429948,0.03758224570389206,340664.2761230469,3679.5879155900743,21.705420284295307,39.0,ok
386.0,39.149,385.98,0.01999999999998181,14.19869211549077,22.243005025886315,1.4986242854336853,0.6000000238373104,0.25853918950450316,339997.3449707031,3689.0415492163784,21.765419950397643,39.10000000000002,ok
386.1,39.249000000000024,386.08,0.020000000000038654,14.202394742303882,22.302889016085658,1.5253198314939804,0.6000000238373104,0.28024259422684444,337183.0139160156,3698.4468319786906,21.82541829810416,39.19999999999999,ok
386.2,39.34899999999999,386.18,0.01999999999998181,14.204475627033101,22.36285128338226,1.54919721821139,0.6000000238429948,0.10918803034697139,336510.6506347656,3707.803688430787,21.885416661253544,39.30000000000001,ok
386.3,39.44900000000001,386.28,0.020000000000038654,14.208705452504164,22.411713445863338,1.5500430442770805,0.6000000238415737,0.06800627586767492,335837.21923828125,3717.1418532901316,21.93446156257716,39.39999999999998,ok
386.4,39.54899999999998,386.38,0.01999999999998181,14.209666930579383,22.471705231563078,1.5658012892454778,0.6000000238429948,0.22923293506381878,335162.7502441406,3726.461297310723,21.99446105250443,39.5,ok
386.501,39.64999999999998,386.48,0.020999999999958163,14.209385869050939,22.531703119750567,1.5910852855471214,0.6000000238429948,0.334394064995712,334487.24365234375,3735.7619916703984,22.054459599008002,39.60000000000002,ok
386.6,39.749000000000024,386.58,0.020000000000038654,14.20725823769905,22.591661553449125,1.6302671937140698,0.6000000238373104,0.324855331896267,333810.72998046875,3745.043907970851,22.114455770442135,39.69999999999999,ok
386.702,39.851,386.68,0.02199999999999136,14.203036843937056,22.651511367462586,1.6525250362745991,0.6000000238373104,0.06884544835083453,332454.77294921875,3754.297595511543,22.17445427377963,39.80000000000001,ok
386.8,39.94900000000001,386.78,0.020000000000038654,14.200079954051256,22.714205303823118,1.659073053561308,0.6000000238373104,0.06522160174490976,331775.3601074219,3763.5230140262156,22.237217900620145,39.89999999999998,ok
386.9,40.04899999999998,386.88,0.01999999999998181,14.195159968862335,22.774658540696,1.6585224233176958,0.6000000238429948,-0.15946020250864965,332588.134765625,3772.7502847883434,22.29787101350537,40.0,ok
387.0,40.149,386.98,0.01999999999998181,14.190257971753704,22.834457505160916,1.6467613236957812,0.6000000238429948,-0.026532095363256736,331908.4777832031,3781.979404407079,22.357870561226413,40.10000000000002,ok
387.1,40.249000000000024,387.08,0.020000000000038654,14.185722771501842,22.894285860688065,1.6472941268531511,0.6000000238429948,0.08967064334687422,331227.8137207031,3791.1896306779636,22.417870562613142,40.19999999999999,ok
387.2,40.34899999999999,387.18,0.01999999999998181,14.18080391127911,22.954083231842233,1.6649754723621484,0.6000000238373104,0.23106934343077498,329863.7390136719,3800.3714577992764,22.477869902466512,40.30000000000001,ok
387.3,40.44900000000001,387.28,0.020000000000038654,14.174316309361927,23.014779733959486,1.6835922755035209,0.6000000238401526,0.04451870852313361,329180.3283691406,3809.5248476240345,22.538912136599166,40.39999999999998,ok
387.4,40.54899999999998,387.38,0.01999999999998181,14.16748732194064,23.074651721667742,1.6779615832967338,0.6000000238373104,-0.21110637010766437,328495.9716796875,3818.65924068027,22.5991723223053,40.5,ok
387.5,40.649,387.48,0.01999999999998181,14.161523779539712,23.134353863823396,1.661302474931467,0.6000000238373104,-0.16867521720673917,327810.72998046875,3827.774611536663,22.659171569100085,40.60000000000002,ok
387.6,40.749000000000024,387.58,0.020000000000038654,14.156614473418264,23.19415134040098,1.6366058963957333,0.6000000238444159,-0.354958367040971,327124.6337890625,3836.870936033459,22.719170231515513,40.69999999999999,ok
387.7,40.84899999999999,387.68,0.01999999999998181,14.153591056662227,23.254071369276478,1.5964538149982825,0.6000000238373104,-0.4468268332242447,325749.7863769531,3845.938636313545,22.77916648897647,40.80000000000001,ok
387.8,40.94900000000001,387.78,0.020000000000038654,14.15379904058737,23.31021075996116,1.5524490976336858,0.6000000238401526,-0.3293073373860252,325061.09619140625,3854.9776763492137,22.83530626492686,40.89999999999998,ok
387.9,41.04899999999998,387.88,0.01999999999998181,14.156467314443708,23.36533500627017,1.5285677221444502,0.6000000238387315,-0.07372797159337784,324371.5515136719,3863.9975742340084,22.890495051981013,41.0,ok
388.0,41.149,387.98,0.01999999999998181,14.160048055630888,23.420394339165103,1.5238915271725069,0.6000000238373104,-0.0381896610322826,323681.15234375,3872.9983062320302,22.94567069738988,41.10000000000002,ok
388.1,41.249000000000024,388.08,0.020000000000038654,14.16308560584749,23.47934621453076,1.5242427210795226,0.6000000238401526,0.04183688272539618,322989.92919921875,3881.979849031235,23.004700777183544,41.19999999999999,ok
388.2,41.34899999999999,388.18,0.01999999999998181,14.16567395978672,23.560024990080176,1.5348834813541803,0.6000000238429948,0.19167440472197336,321605.0109863281,3890.932556533814,23.08542106212028,41.30000000000001,ok
388.3,41.44900000000001,388.28,0.020000000000038654,14.167263923047228,23.625186108724943,1.5602028070221308,0.6000000238373104,0.261697989528649,320911.3464355469,3899.856394831337,23.150601575820364,41.39999999999998,ok
388.4,41.54899999999998,388.38,0.01999999999998181,14.167275135492986,23.68518450474291,1.5847314984216485,0.6000000238373104,0.17724910362831295,320216.8884277344,3908.760953648885,23.210599972886016,41.5,ok
388.5,41.649,388.48,0.01999999999998181,14.166005958105595,23.745170272207435,1.6044592504699238,0.6000000238486791,0.24561533894169071,319521.54541015625,3917.646209674413,23.270599165460155,41.60000000000002,ok
388.6,41.749000000000024,388.58,0.020000000000038654,14.16337955599726,23.805111145988178,1.6312336786509503,0.6000000238486791,0.29455617890173064,318128.5705566406,3926.50246128506,23.330597551585395,41.69999999999999,ok
388.7,41.84899999999999,388.68,0.01999999999998181,14.158798761807892,23.84465113750965,1.6698328023642863,0.6000000238373104,0.47628167057168547,318128.5705566406,3935.339366022746,23.37040200617183,41.80000000000001,ok
388.8,41.94900000000001,388.78,0.020000000000038654,14.151681711014886,23.899152253546312,1.717604268192703,0.6000000238387315,0.46108961124597436,317430.908203125,3944.166581005518,23.425365849389273,41.89999999999998,ok
388.9,42.04899999999998,388.88,0.01999999999998181,14.141933353610236,23.958351423151278,1.7549888180782236,0.6000000238429948,0.3828673026435617,317553.2531738281,3952.9858054690885,23.485362283900052,42.0,ok
389.0,42.149,388.98,0.01999999999998181,14.129937439935864,24.017135104711087,1.798990883932747,0.6000000238373104,0.37249686735417786,316853.82080078125,3961.797014829849,23.54535747672921,42.10000000000002,ok
389.1,42.249000000000024,389.08,0.020000000000038654,14.115614514847206,24.075398294950208,1.8260262602680337,0.6000000238373104,0.15677806337543115,316153.564453125,3970.5887840694836,23.60535535602453,42.19999999999999,ok
389.2,42.34899999999999,389.18,0.01999999999998181,14.10013862053514,24.133367664477696,1.8367545101531146,0.6000000238373104,0.028566732233958336,315452.5146484375,3979.361090723674,23.66535494859125,42.30000000000001,ok
389.3,42.44900000000001,389.28,0.020000000000038654,14.082515654812523,24.209975657077074,1.8490154171094848,0.6000000238373104,0.14260003791918108,315570.8923339844,3988.125304709538,23.743963812283376,42.39999999999998,ok
389.4,42.54899999999998,389.38,0.01999999999998181,14.065134694162294,24.27219434334788,1.8722308306577866,0.6000000238429948,0.27421637812029775,314867.7673339844,3996.8813972049284,23.8085646072815,42.5,ok
389.5,42.649,389.48,0.01999999999998181,14.04681097335407,24.32932687828503,1.889425447375749,0.6000000238373104,0.0779555861933022,315687.9577636719,4005.6391156090644,23.868563651378906,42.60000000000002,ok
389.601,42.75,389.58,0.021000000000015007,14.027830849458658,24.386245547317518,1.8992457876433226,0.6000000238373104,0.1502719326228621,314983.45947265625,4014.398440848455,23.928563484607967,42.69999999999999,ok
389.7,42.84899999999999,389.68,0.01999999999998181,14.008106048758078,24.442909865813068,1.9188998434107711,0.6000000238373104,0.32956268307483016,314278.076171875,4023.1381843990753,23.98856275754725,42.80000000000001,ok
389.8,42.94900000000001,389.78,0.020000000000038654,13.984087072266023,24.50396713854167,1.9505782291609015,0.6000000238373104,0.23311972640595674,314390.31982421875,4031.869689899018,24.054174507903273,42.89999999999998,ok
389.9,43.04899999999998,389.88,0.01999999999998181,13.960526500436181,24.5606699298136,1.9820558233200976,0.6000000238387315,0.383465651034559,313682.4035644531,4040.592922168307,24.11557733424683,43.0,ok
390.002,43.15100000000001,389.98,0.02199999999999136,13.935812303590554,24.61534108062923,2.0106270852773203,0.6000000238373104,0.20085745518423603,314500.18310546875,4049.317680316502,24.17557505301371,43.10000000000002,ok
390.101,43.25,390.08,0.021000000000015007,13.909824159771388,24.669419669474276,2.0328633338261737,0.6000000238429948,0.33130998648390764,313790.46630859375,4058.043939336139,24.23557403126032,43.19999999999999,ok
390.2,43.34899999999999,390.18,0.01999999999998181,13.882326130432473,24.72274408311392,2.0678268006730853,0.6000000238373104,0.33442111814316644,314607.0861816406,4066.7716831207276,24.295570987079223,43.30000000000001,ok
390.3,43.44900000000001,390.28,0.020000000000038654,13.853906508086899,24.76932350463612,2.0970908013821132,0.6000000238373104,0.27973149957586424,313895.4772949219,4075.5008853912323,24.350135787487616,43.39999999999998,ok
390.401,43.55000000000001,390.38,0.021000000000015007,13.823388365720323,24.819399887230137,2.1297881257442848,0.6000000238373104,0.4411383221047462,314710.7238769531,4084.231527074177,24.40877878457345,43.5,ok
390.5,43.649,390.48,0.01999999999998181,13.790743144747907,24.869737262746117,2.1661662313293606,0.6000000238429948,0.21673223010492207,315525.390625,4092.9848064422617,24.46877513301379,43.60000000000002,ok
390.6,43.749000000000024,390.58,0.020000000000038654,13.756766344321102,24.919189444646584,2.177611851988332,0.6000000238373104,-0.03901933277135985,314810.5773925781,4101.739472664725,24.528774643528124,43.69999999999999,ok
390.7,43.84899999999999,390.68,0.01999999999998181,13.722246753378297,24.964518687535477,2.178470719837459,0.6000000238444159,0.1155392954568772,315623.4130859375,4110.495500310262,24.585751326651476,43.80000000000001,ok
390.8,43.94900000000001,390.78,0.020000000000038654,13.687677400618012,25.01262158051526,2.1884557236156734,0.6000000238373104,0.08495143226147428,316435.3942871094,4119.274094857107,24.644987535707163,43.89999999999998,ok
390.9,44.04899999999998,390.88,0.01999999999998181,13.652702553859072,25.061373097546564,2.201912379036597,0.6000000238486791,0.15650225190607084,315716.9189453125,4128.053988096449,24.70498712169461,44.0,ok
391.0,44.149,390.98,0.01999999999998181,13.616937325824916,25.109546988260156,2.2251491064973274,0.6000000238373104,0.3792650252113626,316526.55029296875,4136.835147391427,24.764986082375778,44.10000000000002,ok
391.1,44.249000000000024,391.08,0.020000000000038654,13.57960946642792,25.156515431807573,2.272115866308952,0.6000000238373104,0.5207585050961138,317335.02197265625,4145.638780339558,24.82498111364028,44.19999999999999,ok
391.2,44.34899999999999,391.18,0.01999999999998181,13.539955726048772,25.201535506936242,2.3226838444233002,0.6000000238415737,0.40633183815228635,318142.15087890625,4154.464852184721,24.88497466571588,44.30000000000001,ok
391.3,44.44900000000001,391.28,0.020000000000038654,13.497978656615034,25.250834473311485,2.3537617974485823,0.6000000238444159,0.1504988025531429,318947.9064941406,4163.313325203788,24.949723893077387,44.39999999999998,ok
391.4,44.54899999999998,391.38,0.01999999999998181,13.455383388833797,25.29470147179424,2.3587771016745087,0.6000000238373104,-0.104850568522568,318947.9064941406,4172.172989273072,25.010868560819073,44.5,ok
391.5,44.649,391.48,0.01999999999998181,13.413113113022353,25.33728229292224,2.3380440886025227,0.6000000238373104,-0.3603248243743679,319752.0751953125,4181.043822352094,25.070867748689494,44.60000000000002,ok
391.6,44.749000000000024,391.58,0.020000000000038654,13.372140002869832,25.38110868432609,2.29777325904435,0.6000000238373104,-0.43837641083219747,320554.5349121094,4189.936969714694,25.13086398473022,44.69999999999999,ok
391.7,44.84899999999999,391.68,0.01999999999998181,13.334403014974596,25.42751004575526,2.251910197764192,0.6000000238415737,-0.3492553340937629,321355.28564453125,4198.852383889094,25.1906734037032,44.80000000000001,ok
391.8,44.94900000000001,391.78,0.020000000000038654,13.297588035391392,25.474823871310285,2.2213317819146576,0.6000000238415737,-0.1800286671404956,322153.99169921875,4207.790012741088,25.250622889191927,44.89999999999998,ok
391.9,45.04899999999998,391.88,0.01999999999998181,13.261498564471545,25.522756290447955,2.2135234220750086,0.6000000238401526,0.07579297176484927,321421.0205078125,4216.728554577298,25.310622611821817,45.0,ok
392.0,45.149,391.98,0.01999999999998181,13.225327285858778,25.57062692608591,2.223865120780943,0.6000000238373104,0.06150560783133853,322215.6677246094,4225.667953024973,25.370622271428054,45.10000000000002,ok
392.1,45.249000000000024,392.08,0.020000000000038654,13.18867599609844,25.618130998558673,2.2388129533349574,0.6000000238401526,0.23311321750222969,323008.0261230469,4234.6293932172985,25.430621887615107,45.19999999999999,ok
392.2,45.34899999999999,392.18,0.01999999999998181,13.14945493387988,25.664405657679946,2.2524130804452542,0.6000000238429948,0.13053569019235023,323797.9431152344,4243.612809456721,25.491281889249976,45.30000000000001,ok
392.3,45.44900000000001,392.28,0.020000000000038654,13.110991502129087,25.710669073210347,2.264584516608067,0.6000000238373104,0.11338103790138171,323056.9152832031,4252.596904712252,25.551446157703822,45.39999999999998,ok
392.4,45.54899999999998,392.38,0.01999999999998181,13.072410288188317,25.756619580638443,2.278146310989468,0.6000000238373104,0.1969191734971105,323841.97998046875,4261.581611590916,25.611445817719883,45.5,ok
392.5,45.649,392.48,0.01999999999998181,13.03308385490356,25.801933393519477,2.2935362649679383,0.6000000238401526,0.02281372308361832,324624.20654296875,4270.588086403744,25.67144506765451,45.60000000000002,ok
392.6,45.749000000000024,392.58,0.020000000000038654,12.993448092519673,25.846977768321317,2.2856141586594583,0.6000000238415737,-0.2329519781613571,326151.67236328125,4279.626640277438,25.73144497899645,45.69999999999999,ok
392.7,45.84899999999999,392.68,0.01999999999998181,12.954637656933473,25.892732247931296,2.2535671087506937,0.6000000238373104,-0.31485212104242905,325403.5339355469,4288.676018142702,25.791442664908246,45.80000000000001,ok
392.8,45.94900000000001,392.78,0.020000000000038654,12.915947685784095,25.944340319762983,2.224310405011843,0.6000000238415737,-0.3734928656202431,326179.74853515625,4297.725785954792,25.85594310634646,45.89999999999998,ok
392.9,46.04899999999998,392.88,0.01999999999998181,12.880181649562891,25.992510850438084,2.1890056443570747,0.6000000238415737,-0.24539851425514597,326952.69775390625,4306.797069931031,25.91593985102896,46.0,ok
393.0,46.149,392.98,0.01999999999998181,12.845788728225115,26.041674276507162,2.1746690778892384,0.6000000238401526,0.009891255722117888,327722.22900390625,4315.889777247114,25.975939146866462,46.10000000000002,ok
393.1,46.249000000000024,393.08,0.020000000000038654,12.811598410079469,26.09097943073065,2.1858742694637603,0.6000000238373104,0.26527510724162384,326964.2333984375,4324.982644780476,26.03593894759865,46.19999999999999,ok
393.201,46.35000000000002,393.18,0.021000000000015007,12.776463741202834,26.139614392784132,2.2103088769738872,0.6000000238429948,0.1341437809526151,327727.4169921875,4334.075584369237,26.095937318334983,46.30000000000001,ok
393.3,46.44900000000001,393.28,0.020000000000038654,12.740372435513192,26.181858615461366,2.224481256078015,0.6000000238444159,0.24840858665553928,328486.7858886719,4343.189670520357,26.15149950598078,46.39999999999998,ok
393.4,46.54899999999998,393.38,0.01999999999998181,12.703359659356432,26.229079581331924,2.2511099369127465,0.6000000238373104,0.1592928207192677,327720.8251953125,4352.303665118748,26.21149754942037,46.5,ok
393.5,46.649,393.48,0.01999999999998181,12.665416225996015,26.27555832808183,2.256808451631997,0.6000000238373104,-0.021975930347347593,328473.2971191406,4361.417472373118,26.27149736637524,46.60000000000002,ok
393.6,46.749000000000024,393.58,0.020000000000038654,12.627389577960733,26.321969238404552,2.259040564598455,0.6000000238415737,-0.0011399631410849015,329221.5576171875,4370.552123133341,26.331497354356763,46.69999999999999,ok
393.702,46.851,393.68,0.02199999999999136,12.589352379610846,26.368371417987284,2.2534995193701457,0.6000000238373104,-0.0154459666338672,329965.4846191406,4379.707498719959,26.391497277092853,46.80000000000001,ok
393.8,46.94900000000001,393.78,0.020000000000038654,12.5529922630302,26.420112935789426,2.258662149353338,0.6000000238373104,0.2219195832865099,329187.8662109375,4388.862406370374,26.45473684336451,46.89999999999998,ok
393.9,47.04899999999998,393.88,0.01999999999998181,12.514802352634643,26.467353866701675,2.2903465458726417,0.6000000238373104,0.47542280242490065,329923.9501953125,4398.016737153796,26.5154836524122,47.0,ok
394.0,47.149,393.98,0.01999999999998181,12.474339800262447,26.511647816903487,2.344778891167616,0.6000000238444159,0.5676613662887515,330655.3649902344,4407.191449864709,26.575476753423512,47.10000000000002,ok
394.1,47.249000000000024,394.08,0.020000000000038654,12.431527184594149,26.553676182764146,2.391322830810858,0.6000000238401526,0.3121280349206834,331381.8664550781,4416.386411412558,26.635470949786818,47.19999999999999,ok
394.2,47.34899999999999,394.18,0.01999999999998181,12.387213515367929,26.594125373845984,2.4128527596856504,0.6000000238486791,0.13600007379322215,332894.6838378906,4425.612474611074,26.695469602600575,47.30000000000001,ok
394.3,47.44900000000001,394.28,0.020000000000038654,12.340421683700068,26.6346809919422,2.428181995299505,0.6000000238401526,0.03425611173962886,333614.5324707031,4434.869547059801,26.75739079178489,47.39999999999998,ok
394.4,47.54899999999998,394.38,0.01999999999998181,12.29500202646571,26.673886247755206,2.431323150778017,0.6000000238373104,0.029311881777084048,334329.1015625,4444.146541976931,26.817390769673633,47.5,ok
394.5,47.649,394.48,0.01999999999998181,12.249496129093211,26.71299140651536,2.4316083581616366,0.6000000238429948,-0.03705978620376697,335038.1774902344,4453.443309741555,26.877390770818078,47.60000000000002,ok
394.6,47.749000000000024,394.58,0.020000000000038654,12.204111178954957,26.752236568069343,2.421679638516616,0.6000000238429948,-0.19895920794014277,334235.6872558594,4462.7387800852475,26.93739057418817,47.69999999999999,ok
394.7,47.84899999999999,394.68,0.01999999999998181,12.15935750125367,26.79219847768572,2.400081544151497,0.6000000238373104,-0.15946338668170298,335741.63818359375,4472.044020716353,26.997389289907577,47.80000000000001,ok
394.8,47.94900000000001,394.78,0.020000000000038654,12.114070040919533,26.831874844558527,2.3890172110388397,0.6000000238415737,-0.026313235813138408,336439.3310546875,4481.379867511326,27.057598659209553,47.89999999999998,ok
394.9,48.04899999999998,394.88,0.01999999999998181,12.070233530436123,26.87284252279567,2.3966163602033106,0.6000000238373104,0.2292414140639056,337131.04248046875,4490.735011588205,27.11759857847203,48.0,ok
395.0,48.149,394.98,0.01999999999998181,12.02567554669363,26.91302105167382,2.429591929676998,0.600000023845837,0.4177317297407608,337816.6198730469,4500.10928467645,27.17759631257932,48.10000000000002,ok
395.1,48.249000000000024,395.08,0.020000000000038654,11.979684538533954,26.951550133894383,2.461123650837373,0.6000000238401526,0.16191504465672224,338495.91064453125,4509.502514266969,27.23759350424945,48.19999999999999,ok
395.2,48.34899999999999,395.18,0.01999999999998181,11.934714562222815,26.983958127912903,2.4629163577865887,0.6000000238373104,-0.09394396510101596,339992.61474609375,4518.925966008508,27.293024333629216,48.30000000000001,ok
395.3,48.44900000000001,395.28,0.020000000000038654,11.888683932612471,27.0205711701526,2.4472152483097167,0.6000000238373104,-0.07220387677739434,340663.14697265625,4528.379518254598,27.351840434523194,48.39999999999998,ok
395.401,48.55000000000001,395.38,0.021000000000015007,11.842677053825408,27.05908549963545,2.438939935992794,0.6000000238373104,-0.12410426801251555,341326.9958496094,4537.851603571577,27.41184032178343,48.5,ok
395.5,48.649,395.48,0.01999999999998181,11.797102795286142,27.098110229933468,2.4247874171016317,0.6000000238387315,-0.1605849024570018,342817.7795410156,4547.353614340893,27.4718398435835,48.60000000000002,ok
395.6,48.749000000000024,395.58,0.020000000000038654,11.752121164355833,27.137816411416114,2.4091498741587305,0.6000000238486791,-0.14980194928282403,341983.9172363281,4556.864749018353,27.531839243322857,48.69999999999999,ok
395.7,48.84899999999999,395.68,0.01999999999998181,11.707740917880903,27.178193846442245,2.3953122869479238,0.6000000238486791,-0.1305101661196469,342633.8195800781,4566.373328696361,27.59183877279155,48.80000000000001,ok
395.8,48.94900000000001,395.78,0.020000000000038654,11.662233816871433,27.214362621462044,2.3878921301052793,0.6000000238486791,-0.09474765452877913,343276.5197753906,4575.899861187406,27.649968597569533,48.89999999999998,ok
395.9,49.04899999999998,395.88,0.01999999999998181,11.61864231225443,27.255590697166863,2.378249649075903,0.6000000238373104,-0.096485685637499,343911.8347167969,4585.444143888688,27.709968376744932,49.0,ok
396.0,49.149,395.98,0.01999999999998181,11.57545375445024,27.297240676336237,2.3683819151166206,0.600000023845837,-0.10744050015406036,345391.78466796875,4595.017805269034,27.769968145827946,49.10000000000002,ok
396.1,49.249000000000024,396.08,0.020000000000038654,11.532693613101728,27.339330314047558,2.3575675761080457,0.6000000238486791,-0.1236927072368676,346016.66259765625,4604.620700369943,27.829967873250784,49.19999999999999,ok
396.2,49.34899999999999,396.18,0.01999999999998181,11.490420717997846,27.381909152178523,2.344611857636026,0.6000000238373104,-0.14537882439075997,346633.6975097656,4614.2408442603255,27.889967499225005,49.30000000000001,ok
396.3,49.44900000000001,396.28,0.020000000000038654,11.449423958158706,27.4297483421818,2.329248694096988,0.6000000238373104,-0.13569519706516195,347242.7978515625,4623.878017807007,27.952970058041913,49.39999999999998,ok
396.4,49.54899999999998,396.38,0.01999999999998181,11.409298899190231,27.479378163660378,2.3140250090728554,0.6000000238486791,-0.1403276570898637,346376.0986328125,4633.511613591515,28.01679121078314,49.5,ok
396.5,49.649,396.48,0.01999999999998181,11.369140513291963,27.524957223330937,2.2996740381724665,0.6000000238373104,-0.13829684651355392,346972.0764160156,4643.141449356084,28.07753778795755,49.60000000000002,ok
396.6,49.749000000000024,396.58,0.020000000000038654,11.329420800597822,27.56992715554687,2.28781913973861,0.6000000238373104,-0.0732955646447363,347559.6923828125,4652.787723922731,28.137537374456215,49.69999999999999,ok
396.701,49.85000000000002,396.68,0.021000000000015007,11.290140192612366,27.608601988583388,2.280394535365833,0.6000000238373104,-0.07478743452544546,348138.7939453125,4662.450202899513,28.192661859706504,49.80000000000001,ok
396.8,49.94900000000001,396.78,0.020000000000038654,11.25124192079796,27.652548966812002,2.27137590246038,0.5949570636191657,-0.13456711386103154,347253.5095214844,4672.108429336548,28.251350976632676,49.89999999999998,ok
396.9,50.04899999999998,396.88,0.01999999999998181,11.213482769784092,27.698011163740606,2.2496415004702754,0.5788388332763649,-0.3367966749863526,348709.1979980469,4681.7745780521,28.310448902441145,50.0,ok
397.001,50.14999999999998,396.98,0.020999999999958163,11.17808332661974,27.743171181449533,2.215321891943135,0.5545919155562694,-0.404915687529384,349270.751953125,4691.468744023647,28.36782962895987,50.10000000000002,ok
397.1,50.249000000000024,397.08,0.020000000000038654,11.147023348500538,27.78612169215835,2.1664394896198678,0.5114899852986687,-0.588709562146071,349823.3337402344,4701.178384102718,28.420834049633186,50.19999999999999,ok
397.2,50.34899999999999,397.18,0.01999999999998181,11.121325878778807,27.82609855060093,2.1051054301728147,0.4623484580177784,-0.6714281715984899,348922.18017578125,4710.88318290711,28.46835782432583,50.30000000000001,ok
397.3,50.44900000000001,397.28,0.020000000000038654,11.101231367218155,27.86831770729042,2.034039703596702,0.41349874524845526,-0.732271064404796,348017.4560546875,4720.562900076974,28.515115140185845,50.39999999999998,ok
397.4,50.54899999999998,397.38,0.01999999999998181,11.085553028594115,27.904059973287865,1.960979228244743,0.3370862257699937,-0.7044611947109256,348550.0183105469,4730.237448332049,28.554144870913102,50.5,ok
397.5,50.649,397.48,0.01999999999998181,11.074561031464333,27.933674812572857,1.8896045186713915,0.2537971669128875,-0.679365749831972,348550.0183105469,4739.919393285122,28.58573383586571,50.60000000000002,ok
397.6,50.749000000000024,397.58,0.020000000000038654,11.067998861423641,27.955792252369303,1.822702911052767,0.20538217500146105,-0.674024881016643,347636.29150390625,4749.588647588097,28.60880423288857,50.69999999999999,ok
397.7,50.84899999999999,397.68,0.01999999999998181,11.06415615623065,27.972892054829195,1.7610027249283964,0.15194227390435538,-0.6104060772681319,347636.29150390625,4759.245211240986,28.626330488260656,50.80000000000001,ok
397.801,50.94999999999999,397.78,0.021000000000015007,11.062210196670648,27.982113241847898,1.704226667545829,0.12380344251746113,-0.5574301711510857,347636.29150390625,4768.901774893869,28.635754768002,50.89999999999998,ok
397.9,51.04899999999998,397.88,0.01999999999998181,11.061159341019822,27.991569233795932,1.656017335353797,0.08234091033048078,-0.34706667513743156,347636.29150390625,4778.558338546757,28.64526897218943,51.0,ok
398.0,51.149,397.98,0.01999999999998181,11.061256518333417,27.99340924366408,1.6295715963570299,-1.098808407370283e-08,-0.13025938798713604,347636.29150390625,4788.214902199646,28.647111546406432,51.10000000000002,ok
398.1,51.249000000000024,398.08,0.020000000000038654,11.06114210592427,27.993364697715673,1.6248360788791556,-1.0313327081235002e-08,0.0001787814587215651,347636.29150390625,4797.871465852529,28.64723432482834,51.19999999999999,ok
398.2,51.34899999999999,398.18,0.01999999999998181,11.06104092979706,27.993325424574717,1.6248474808128632,-9.681257681810884e-09,0.0003397460029765352,347636.29150390625,4807.528029505417,28.64734285587605,51.30000000000001,ok
398.3,51.44900000000001,398.28,0.020000000000038654,11.061747097187158,27.995941010951057,1.6213679624636823,-9.08792570624567e-09,-0.0002837102098470622,347636.29150390625,4817.1845931583,28.6500520927566,51.39999999999998,ok
398.4,51.54899999999998,398.38,0.01999999999998181,11.061845532766355,27.996520138709897,1.620479860579175,-8.53095706836865e-09,0.00010320479008868534,347636.29150390625,4826.841156811189,28.650639526603353,51.5,ok
398.5,51.649,398.48,0.01999999999998181,11.061776190095683,27.99649356941267,1.620486900844606,-8.008123179338578e-09,-4.011848464911706e-05,347636.29150390625,4836.497720464077,28.65071378516199,51.60000000000002,ok
398.6,51.749000000000024,398.58,0.020000000000038654,11.06171508718707,27.9964701570391,1.6204914080047832,-7.517332034200769e-09,-0.0002883615999886771,347636.29150390625,4846.15428411696,28.650779219898006,51.69999999999999,ok
398.7,51.84899999999999,398.68,0.01999999999998181,11.061661245198296,27.996449526501294,1.6205047759859503,-7.056619840545286e-09,2.845327345385134e-05,347636.29150390625,4855.810847769849,28.65083687905899,51.80000000000001,ok
398.8,51.94900000000001,398.78,0.020000000000038654,11.061266645305576,28.002563796122413,1.6232962054938262,-6.624143159775914e-09,0.00027191731704443963,346719.05517578125,4865.454672029286,28.656963868701144,51.89999999999998,ok
398.9,52.04899999999998,398.88,0.01999999999998181,11.061124229823816,28.004046646697898,1.6240006501667426,-6.218171531499617e-09,-6.409564662354436e-05,346719.05517578125,4875.0857568952815,28.658453542490488,52.0,ok
399.0,52.149,398.98,0.01999999999998181,11.061087441218037,28.00403240241383,1.6239906152993553,-5.837080549811469e-09,-0.0002085169000386602,346719.05517578125,4884.7168417612775,28.6584929924733,52.10000000000002,ok
399.1,52.249000000000024,399.08,0.020000000000038654,11.061055021763995,28.004019850491616,1.623980189357458,-5.479345362418425e-09,-0.0002735670262485522,346719.05517578125,4894.347926627268,28.658527756991873,52.19999999999999,ok
399.2,52.34899999999999,399.18,0.01999999999998181,11.061026453631497,28.004008789918696,1.6239739437637875,-5.1435345704842206e-09,0.0002736088074795015,346719.05517578125,4903.979011493264,28.658558391522515,52.30000000000001,ok
399.3,52.44900000000001,399.28,0.020000000000038654,11.06100127965171,28.003999043520164,1.6239662659329526,-4.828304501873493e-09,-8.05266388881275e-05,346719.05517578125,4913.610096359254,28.658585386365406,52.39999999999998,ok
399.4,52.54899999999998,399.38,0.01999999999998181,11.060979095322892,28.003990455084608,1.6239591678098915,-4.532393831774284e-09,8.525967641929765e-05,346719.05517578125,4923.24118122525,28.658609175137347,52.5,ok
399.5,52.649,399.48,0.01999999999998181,11.060959546995239,28.003982887109732,1.6239643648651303,-4.254618539423216e-09,-0.0003014051908409823,346719.05517578125,4932.872266091246,28.658630137278404,52.60000000000002,ok
399.604,52.752999999999986,399.58,0.02400000000000091,11.060942321065513,28.003976218325853,1.6239645373415366,-3.993867167539911e-09,0.00012667749882453697,346719.05517578125,4942.503350957237,28.658648609022592,52.69999999999999,ok
399.7,52.84899999999999,399.68,0.01999999999998181,11.060927142746696,28.003970341954986,1.6239792313062542,-3.749096377314923e-09,0.00012634256226489793,346719.05517578125,4952.134435823233,28.658664885173756,52.80000000000001,ok
399.802,52.95100000000002,399.78,0.022000000000048203,11.060913768970584,28.003965163856684,1.6239826340978816,-3.519326771846132e-09,-0.000445679867123992,346719.05517578125,4961.765520689223,28.6586792263937,52.89999999999998,ok
399.9,53.04899999999998,399.88,0.01999999999998181,11.060901983614713,28.003960600973002,1.6239768109253911,-3.3036389786994524e-09,0.0001601426761248163,346719.05517578125,4971.396605555219,28.658691864214738,53.0,ok
400.0,53.149,399.98,0.01999999999998181,11.060891599028043,28.003956580263342,1.6239847704918429,-3.1011699705603413e-09,0.00011437151329608646,346719.05517578125,4981.027690421215,28.658703000001484,53.10000000000002,ok
400.1,53.249000000000024,400.08,0.020000000000038654,11.06088244895889,28.003953037317885,1.6240019892492479,-2.9111096122667185e-09,0.00010520440939013395,346719.05517578125,4990.658775287206,28.65871281204653,53.19999999999999,ok
400.2,53.34899999999999,400.18,0.01999999999998181,11.060874386539282,28.0039499153601,1.6239950950965838,-2.732697419044472e-09,0.00012030966660973451,346719.05517578125,5000.2898601532015,28.658721457810255,53.30000000000001,ok
400.3,53.44900000000001,400.28,0.020000000000038654,11.0608672822033,28.003947164351572,1.6239973088167072,-2.5652195138024803e-09,-0.00011353640995050288,346719.05517578125,5009.920945019192,28.658729076185256,53.39999999999998,ok
400.316,53.464999999999975,400.3,0.01599999999996271,11.060865966002227,28.00394665468683,1.6239950383544246,-2.5329763369240366e-09,1.9434712443072518e-05,346719.05517578125,5011.847161992395,28.658730487618364,53.420000000000016,ok
