t_ros_s,t_elapsed_s,tf_stamp_s,tf_age_s,x_map_m,y_map_m,yaw_rad,v_m_s,w_rad_s,dose_rate_uSv_h,exposure_valid_uSv,path_valid_m,covered_s,status
124.3,0.07899999999999352,124.28,0.01999999999999602,11.472265178052995,1.4771914139098672,1.5153376363104647,-6.4367787808085325e-28,0.00023318577110948075,231830.74951171875,0.0,0.0,0.0,first_sample
124.4,0.17900000000000205,124.38,0.020000000000010232,11.472265178052995,1.4771914139098672,1.5153519281027994,-6.042290089976107e-28,0.00015469327075558786,231830.74951171875,6.439743041991822,0.0,0.09999999999999432,ok
124.5,0.27899999999999636,124.48,0.01999999999999602,11.472265178052995,1.4771914139098672,1.5153550286348916,-5.671978294568626e-28,2.7046555875803746e-05,231830.74951171875,12.879486083984558,0.0,0.20000000000000284,ok
124.6,0.3789999999999907,124.58,0.01999999999999602,11.472265178052995,1.4771914139098672,1.515352282473901,-5.324361673612527e-28,-4.4764475789319436e-05,231830.74951171875,19.319229125976378,0.0,0.29999999999999716,ok
124.7,0.4789999999999992,124.68,0.01999999999999602,11.472265178052995,1.4771914139098672,1.515363911643917,-4.998049314953641e-28,-0.0004805968092777592,231830.74951171875,25.758972167969112,0.0,0.4000000000000057,ok
124.8,0.5789999999999935,124.78,0.01999999999999602,11.472265178052995,1.4771914139098672,1.5153579140163433,-4.691735551877526e-28,0.00012606722813259598,231830.74951171875,32.19871520996094,0.0,0.5,ok
124.9,0.679000000000002,124.88,0.020000000000010232,11.472265178052995,1.4771914139098672,1.515361317219173,-4.404194737331783e-28,-0.0004502214234106281,231830.74951171875,38.638458251952756,0.0,0.5999999999999943,ok
125.0,0.7789999999999964,124.98,0.01999999999999602,11.472265178052995,1.4771914139098672,1.515348886571646,-4.134276339528525e-28,-0.0002619204301117614,231830.74951171875,45.07820129394549,0.0,0.7000000000000028,ok
125.1,0.8789999999999907,125.08,0.01999999999999602,11.472265178052995,1.4771914139098672,1.515323492539498,-3.880900339413796e-28,1.7080756739326197e-06,231830.74951171875,51.517944335937315,0.0,0.7999999999999972,ok
125.2,0.9789999999999992,125.18,0.01999999999999602,11.472265178052995,1.4771914139098672,1.5153260041868644,-3.6430529090801386e-28,0.00017640606098414188,231830.74951171875,57.95768737793005,0.0,0.9000000000000057,ok
125.3,1.0789999999999935,125.28,0.01999999999999602,11.472265178052995,1.4771914139098672,1.515315030072844,-3.419782353724997e-28,8.19330846142766e-05,231830.74951171875,64.39743041992188,0.0,1.0,ok
125.4,1.179000000000002,125.38,0.020000000000010232,11.472265178052995,1.4771914139098672,1.5153131707872824,-3.210195305870207e-28,0.0001923621309902922,231830.74951171875,70.8371734619137,0.0,1.0999999999999943,ok
125.5,1.2789999999999964,125.48,0.01999999999999602,11.472265178052995,1.4771914139098672,1.5153138062783293,-3.013453148567784e-28,5.279148525271979e-05,231830.74951171875,77.27691650390643,0.0,1.2000000000000028,ok
125.6,1.3789999999999907,125.58,0.01999999999999602,11.472265178052995,1.4771914139098672,1.5153194552487317,-2.8287686617145425e-28,-0.0005129236898611871,231830.74951171875,83.71665954589825,0.0,1.2999999999999972,ok
125.7,1.4789999999999992,125.68,0.01999999999999602,11.472265178052995,1.4771914139098672,1.5153039803621486,-2.6554028705517387e-28,-4.037203289218393e-05,231830.74951171875,90.156402587891,0.0,1.4000000000000057,ok
125.8,1.5789999999999935,125.78,0.01999999999999602,11.472265178052995,1.4771914139098672,1.5153026693017266,-2.4926620902371756e-28,0.0002360460508089487,231830.74951171875,96.59614562988281,0.0,1.5,ok
125.9,1.679000000000002,125.88,0.020000000000010232,11.472265178052995,1.4771914139098672,1.5152995781482572,-2.339895149092447e-28,-0.0001571779434091757,231830.74951171875,103.03588867187463,0.0,1.5999999999999943,ok
126.0,1.7789999999999964,125.98,0.01999999999999602,11.472265178052995,1.4771914139098672,1.5152973595504715,-2.196490784177653e-28,-3.569852370815166e-05,231830.74951171875,109.47563171386737,0.0,1.7000000000000028,ok
126.1,1.8789999999999907,126.08,0.01999999999999602,11.472265178052995,1.4771914139098672,1.515300597368715,-2.0618751941472625e-28,0.000244654182034008,231830.74951171875,115.91537475585919,0.0,1.7999999999999972,ok
126.2,1.9789999999999992,126.18,0.01999999999999602,11.472265178052995,1.4771914139098672,1.515296959630685,-1.9355097443324895e-28,0.0001327548251138517,231830.74951171875,122.35511779785193,0.0,1.9000000000000057,ok
126.302,2.081000000000003,126.28,0.02200000000000557,11.472265178052995,1.4771914139098672,1.515299343505639,-1.816888811237304e-28,-8.00102375027637e-07,231830.74951171875,128.79486083984375,0.0,2.0,ok
126.4,2.179000000000002,126.38,0.020000000000010232,11.472265178052995,1.4771914139098672,1.5152927268556355,-1.7055377593951039e-28,0.00016068154262458925,231830.74951171875,135.23460388183557,0.0,2.0999999999999943,ok
126.5,2.2789999999999964,126.48,0.01999999999999602,11.472265178052995,1.4771914139098672,1.515287809453403,-1.601011041769844e-28,0.00023571044936813946,231830.74951171875,141.6743469238283,0.0,2.200000000000003,ok
126.6,2.3789999999999907,126.58,0.01999999999999602,11.472265178052995,1.4771914139098672,1.5153008635767773,-1.5028904179416997e-28,-0.00012456328647279542,231830.74951171875,148.1140899658201,0.0,2.299999999999997,ok
126.7,2.478999999999999,126.68,0.01999999999999602,11.472265178052995,1.4771914139098672,1.515289197002853,-1.4107832796153634e-28,0.0003335952090810885,231830.74951171875,154.55383300781284,0.0,2.4000000000000057,ok
126.8,2.5789999999999935,126.78,0.01999999999999602,11.472265178052995,1.4771914139098672,1.5153019278486382,-1.3243210805122408e-28,-0.0003225323334550745,231830.74951171875,160.99357604980466,0.0,2.5,ok
126.9,2.679000000000002,126.88,0.020000000000010232,11.472265178052995,1.4771914139098672,1.5152820388291177,-1.2431578610074908e-28,7.789427810161778e-05,231830.74951171875,167.43331909179648,0.0,2.5999999999999943,ok
127.0,2.7789999999999964,126.98,0.01999999999999602,11.472265178052995,1.4771914139098672,1.5152756938734002,-1.166968864338076e-28,-0.00016866461992729337,231830.74951171875,173.8730621337892,0.0,2.700000000000003,ok
127.128,2.9069999999999965,127.06,0.06799999999999784,11.472265178052995,1.4771914139098672,1.515255317061417,-1.0954492370937572e-28,-5.1432966727782e-06,231830.74951171875,179.02485656738284,0.0,2.780000000000001,ok
127.2,2.978999999999999,127.18,0.01999999999999602,11.472265178052995,1.4771914139098672,1.5152499338787055,-1.0283128090539584e-28,0.000670365931787361,231830.74951171875,186.75254821777375,0.0,2.9000000000000057,ok
127.3,3.0789999999999935,127.28,0.01999999999999602,11.472496353261665,1.4814150916388114,1.5192690515987288,0.12899992313904526,0.1584430776906572,231830.74951171875,193.19229125976557,0.004229999472231953,3.0,ok
127.4,3.179000000000002,127.38,0.020000000000010232,11.473473957172187,1.5042936191846814,1.5443409527058036,0.32899992784576465,0.3885374241071084,234251.0528564453,199.66564962598972,0.02712940409490726,3.0999999999999943,ok
127.5,3.2789999999999964,127.48,0.01999999999999602,11.473870759819366,1.5471865706029089,1.5907304325076876,0.5289999322632967,0.5070701413978926,234251.0528564453,206.17262331644707,0.07002419088429729,3.200000000000003,ok
127.6,3.3789999999999907,127.58,0.01999999999999602,11.471500234757583,1.605800930790139,1.643192197535151,0.6000000371136038,0.5254242788384523,239097.27478027344,212.74690564473445,0.12868646674559422,3.299999999999997,ok
127.7,3.478999999999999,127.68,0.01999999999999602,11.46598360185867,1.665544959727956,1.685501847596515,0.6000000362999516,0.2857999209564497,241522.24731445312,219.42217678493955,0.18868465198701692,3.4000000000000057,ok
127.8,3.5789999999999935,127.78,0.01999999999999602,11.458509618425193,1.7250806747890057,1.7038712708933517,0.6000000355365097,0.03037852027985695,243947.81494140625,226.16481653849277,0.248687666879557,3.5,ok
127.9,3.679000000000002,127.88,0.020000000000010232,11.450454204433271,1.7845415255806958,1.7056666280904016,0.6000000348195123,-0.01859448770386399,246373.50463867188,232.97483486599347,0.30869168734029684,3.5999999999999943,ok
128.0,3.7789999999999964,127.98,0.01999999999999602,11.442513546355412,1.844017019792045,1.6935990522725948,0.6000000341469792,-0.2740601267984226,250298.00415039062,239.87305026584215,0.3686949244395874,3.700000000000003,ok
128.1,3.8789999999999907,128.08,0.01999999999998181,11.435910562776979,1.9036519613936873,1.6560223558286014,0.6000000335156852,-0.5256281301170386,255171.41723632812,246.89345889621384,0.42869430486945825,3.8000000000000114,ok
128.2,3.978999999999985,128.18,0.01999999999998181,11.432153874642548,1.9635269654971235,1.5974867157701522,0.6000000329223925,-0.5243446419073764,257605.43823242188,254.01535966661274,0.4886870446145796,3.9000000000000057,ok
128.3,4.079000000000008,128.28,0.020000000000010232,11.431695834267149,2.0235208437647265,1.551806644998924,0.600000032365794,-0.5083873211843248,260037.04833984375,261.20483864678266,0.5486826713766485,4.0,ok
128.4,4.179000000000002,128.38,0.020000000000010232,11.422185079692776,2.0859874038242543,1.5066595608875548,0.6000000318429524,-0.6374219035996423,262465.6982421875,268.4618212381994,0.6118691064576416,4.099999999999994,ok
128.5,4.278999999999996,128.48,0.020000000000010232,11.423987671928945,2.14632665142232,1.4509846568186922,0.6000000313528427,-0.4585894826711636,264890.93017578125,275.7862188551152,0.6722352736332255,4.199999999999989,ok
128.6,4.378999999999991,128.58,0.01999999999998181,11.4321546866929,2.2057670732781807,1.4153406829568262,0.6000000308922592,-0.20290633272492964,269729.06494140625,283.2114965650778,0.7322341392938142,4.300000000000011,ok
128.7,4.478999999999985,128.68,0.01999999999998181,11.441831847064034,2.264983907100395,1.4052325427496157,0.60000003046007,0.05222011358420438,272140.9912109375,290.7374695671933,0.792236479587976,4.400000000000006,ok
128.8,4.579000000000008,128.78,0.020000000000010232,11.45149914917075,2.324202002202542,1.42070161972051,0.6000000300543683,0.2962474445916916,272923.6755371094,298.3078121609157,0.8522384755343562,4.5,ok
128.9,4.679000000000002,128.88,0.020000000000010232,11.464914728489923,2.382888322503165,1.434236661418614,0.600000029673353,0.15478519660040635,275312.4694824219,305.92220306396433,0.9124386579169399,4.599999999999994,ok
129.0,4.778999999999996,128.98,0.020000000000010232,11.474020323835076,2.4421495598830036,1.4456792768300073,0.6000000293158556,0.1303581436776398,277695.00732421875,313.6028624640561,0.9723953599808398,4.699999999999989,ok
129.1,4.878999999999991,129.08,0.01999999999998181,11.481181255621223,2.5017211592484827,1.460281333224232,0.6000000289804457,0.18702758180885592,282439.2395019531,321.382504781088,1.0323958132708526,4.800000000000011,ok
129.2,4.978999999999985,129.18,0.01999999999998181,11.487258537068566,2.5614118187822204,1.4855435713056444,0.6000000286652475,0.31141654279516284,284800.0183105469,329.2608278062612,1.0923950481439975,4.900000000000006,ok
129.3,5.079000000000008,129.28,0.020000000000010232,11.491625197139951,2.6212508794854417,1.51737837121039,0.6000000283700665,0.39681195996984986,287152.587890625,337.2046140034993,1.1523932223330746,5.0,ok
129.4,5.179000000000002,129.38,0.020000000000010232,11.493809518146369,2.681207009867384,1.5611116120745303,0.6000000280919429,0.49326774759299535,289496.4294433594,345.2136281331375,1.2123891290987494,5.099999999999994,ok
129.5,5.278999999999996,129.48,0.020000000000010232,11.494025479316901,2.7411949713757338,1.61108193785635,0.6000000278315425,0.362681532254663,291831.11572265625,353.28762181599836,1.2723774793440632,5.199999999999989,ok
129.6,5.378999999999991,129.58,0.01999999999998181,11.49098404602957,2.801102219288278,1.6395515644298673,0.600000027587112,0.13989435026381578,296471.0693359375,361.45848549736957,1.3323618828911212,5.300000000000011,ok
129.7,5.478999999999985,129.68,0.01999999999998181,11.48663961123324,2.8609454564209713,1.6433378463924406,0.6000000273573175,-0.11565431246114319,298775.45166015625,369.72579828898154,1.3923626090885544,5.400000000000006,ok
129.8,5.579000000000008,129.78,0.020000000000010232,11.48262027312706,2.9208108602478866,1.6291830458163692,0.6000000271415955,-0.1346179781867596,301068.78662109375,378.05696826510956,1.4523627895397118,5.5,ok
129.9,5.679000000000002,129.88,0.020000000000010232,11.475258205856779,2.988925275329912,1.6264755395322537,0.6000000269394388,0.09286993536314671,303350.6774902344,386.4516830444331,1.5208739096331576,5.599999999999994,ok
130.002,5.781000000000006,129.98,0.02200000000001978,11.470504017749537,3.0508570503218273,1.6446373630787894,0.6000000267495047,0.2019788688923068,307878.2043457031,394.9409730699317,1.5829878940344846,5.699999999999989,ok
130.1,5.878999999999991,130.08,0.01999999999998181,11.465600644322075,3.1106559883693787,1.6647478949595431,0.6000000265712111,0.2750119380856186,310122.98583984375,403.5243229336218,1.6429875278882344,5.800000000000011,ok
130.2,5.978999999999985,130.18,0.01999999999998181,11.459244533839875,3.1703166789995834,1.695497221806535,0.6000000264040222,0.25283187144271607,312354.55322265625,412.1698443094894,1.702985845755779,5.900000000000006,ok
130.3,6.079000000000008,130.28,0.020000000000010232,11.451259550844822,3.2297827488305244,1.7138586196369434,0.6000000262465577,0.05892903333844057,314572.4792480469,420.87716420491535,1.762985624210117,6.0,ok
130.4,6.179000000000002,130.38,0.020000000000010232,11.442664463115634,3.2891646646975143,1.714031480555736,0.6000000260992547,0.06903925695960095,318594.6960449219,429.67115275065055,1.8229863530815793,6.099999999999994,ok
130.5,6.278999999999996,130.48,0.020000000000010232,11.434190469679766,3.33858379541178,1.719663242914282,0.5691367401459271,0.045773723155544226,320792.5109863281,438.55153062608406,1.8731267464316996,6.199999999999989,ok
130.6,6.378999999999991,130.58,0.01999999999998181,11.425403287360428,3.3952604314492625,1.715816923546027,0.6000000258700053,-0.17391063539995844,322975.2197265625,447.4927491082096,1.9304805226425,6.300000000000011,ok
130.7,6.478999999999985,130.68,0.01999999999998181,11.417222794034197,3.454699407114484,1.6929919112034857,0.6000000257456242,-0.28339374457106037,327293.9147949219,456.5242648654519,1.9904797917979764,6.400000000000006,ok
130.802,6.580999999999989,130.78,0.02199999999999136,11.410703520881158,3.5143413565828134,1.6545145654586038,0.6000000256270897,-0.4980075740080585,329429.1076660156,465.64541795518664,2.0504769838891623,6.5,ok
130.9,6.679000000000002,130.88,0.020000000000010232,11.406755370124538,3.574207225931245,1.6149316377211895,0.6000000255189082,-0.2873247238554384,331547.7600097656,474.82565222846085,2.1104729021439943,6.599999999999994,ok
131.0,6.778999999999996,130.98,0.020000000000010232,11.404797828871018,3.634173476285697,1.5867585692276502,0.6000000254162006,-0.20770582881662164,333649.47509765625,484.06450271606343,2.1704710950278807,6.699999999999989,ok
131.101,6.8799999999999955,131.08,0.020999999999986585,11.404217596211936,3.6941704103341215,1.5754634278855666,0.6000000253196207,-0.08994700232422129,335733.82568359375,493.361493004694,2.2304708347368964,6.800000000000011,ok
131.2,6.978999999999985,131.18,0.01999999999998181,11.404258188902135,3.7541699979484955,1.5594300847906049,0.6000000252287823,-0.19838537221177346,339849.2431640625,502.74459118313314,2.290470436082751,6.900000000000006,ok
131.3,7.079000000000008,131.28,0.020000000000010232,11.405411453144577,3.8141581981778203,1.541731405734427,0.6000000251440331,-0.06805535247231533,341879.638671875,512.2130478752983,2.350469720954876,7.0,ok
131.4,7.179000000000002,131.38,0.020000000000010232,11.407226329371321,3.8741309101149044,1.5423209269626208,0.600000025064322,0.1326022455507958,343891.357421875,521.7376450432665,2.4104698872280363,7.099999999999994,ok
131.5,7.278999999999996,131.48,0.020000000000010232,11.410334395081748,3.942040959737523,1.5624274382776397,0.6000000249887965,0.3115991361002964,345884.033203125,531.3178588019465,2.4784510236719566,7.199999999999989,ok
131.6,7.378999999999991,131.58,0.01999999999998181,11.410579387443782,4.0040147401549975,1.591445715050734,0.6000000249185776,0.1987266982631419,349811.1267089844,540.9802915785058,2.540425288334724,7.300000000000011,ok
131.7,7.478999999999985,131.68,0.01999999999998181,11.408986004983035,4.063993280605517,1.601117088613855,0.6000000248533836,-0.03736194264352021,351744.8425292969,550.7241244845925,2.600424989852655,7.400000000000006,ok
131.8,7.579000000000008,131.78,0.020000000000010232,11.407291020884163,4.1239693046977575,1.5927120752364012,0.6000000247902856,-0.15776513280079435,353658.2946777344,560.521390279134,2.6604249601610515,7.5,ok
131.916,7.694999999999993,131.86,0.055999999999983174,11.406443144520077,4.171961651874568,1.5824334266711755,0.6000000247324103,-0.08394744283899908,355551.1169433594,568.401494852703,2.7084247964302337,7.5800000000000125,ok
132.0,7.778999999999996,131.98,0.020000000000010232,11.40581829290265,4.243958926516144,1.5820197011835337,0.6000000246777486,0.17019703353660823,357422.9736328125,580.2843963623035,2.7804247825091095,7.699999999999989,ok
132.1,7.878999999999991,132.08,0.01999999999998181,11.404614429445882,4.303945416685007,1.609232440712843,0.6000000246253712,0.39677434115888927,361102.60009765625,590.2639182196734,2.8404233515753936,7.800000000000011,ok
132.2,7.978999999999985,132.18,0.01999999999998181,11.401479736648419,4.363861042911329,1.6386814955259081,0.6000000245791581,0.16332297428149473,362909.6984863281,600.3196445888949,2.900420922901463,7.900000000000006,ok
132.3,8.079000000000008,132.28,0.020000000000010232,11.397018035182862,4.4236943433167495,1.655006936959234,0.6000000245325221,0.14578712902059213,366649.10888671875,610.4524058024089,2.960420344710119,8.0,ok
132.401,8.180000000000007,132.38,0.021000000000015007,11.391744161419151,4.483462042652766,1.6603801413231358,0.6000000244904334,0.04337737186849825,368415.4968261719,620.6616364373095,3.020420274946712,8.099999999999994,ok
132.5,8.278999999999996,132.48,0.020000000000010232,11.384526967010197,4.537642540408614,1.667746555945817,0.6000000244505908,-0.016248556977097317,370158.7829589844,630.9196125454362,3.0750793476813283,8.199999999999989,ok
132.6,8.37899999999999,132.58,0.01999999999998181,11.378389913088727,4.5959743521764,1.656594706116731,0.6000000244130124,-0.24035381640223458,371878.60107421875,641.2256873236774,3.13373310881348,8.300000000000011,ok
132.7,8.478999999999985,132.68,0.01999999999998181,11.37382293109128,4.655798935632363,1.6318917273946958,0.6000000243780813,-0.3242772854773308,375246.4904785156,651.6024247063538,3.1937317597170165,8.400000000000006,ok
132.8,8.579000000000008,132.78,0.020000000000010232,11.370958777794986,4.715727861530355,1.5991133101242607,0.6000000243449467,-0.3063642839467703,376893.85986328125,662.0488184611004,3.253729089102513,8.5,ok
132.905,8.683999999999997,132.88,0.025000000000005684,11.369486018003284,4.771231166113765,1.575525426870415,0.46700010107972634,-0.11281178555356908,378516.357421875,672.5406270345047,3.309251929817689,8.599999999999994,ok
133.001,8.780000000000001,132.98,0.021000000000015007,11.369254816145085,4.820774183046069,1.5641680879156539,0.5827999225149896,-0.20346378681017482,380113.6169433594,683.0771544562435,3.358795486220654,8.699999999999989,ok
133.1,8.87899999999999,133.08,0.01999999999998181,11.370135960077727,4.880594223973071,1.5461653082014546,0.6000000244744459,-0.057240086140605606,381685.36376953125,693.6576958550361,3.418622016381931,8.800000000000011,ok
133.2,8.978999999999985,133.18,0.01999999999998181,11.371629048538416,4.940575668873369,1.5506677541405591,0.6000000244357716,0.19725275625781868,383231.201171875,704.2815370347772,3.478622041760917,8.900000000000006,ok
133.3,9.079000000000008,133.28,0.020000000000010232,11.372265471477041,5.000570757926598,1.5765767253771377,0.6000000243987679,0.28371396971443164,386243.95751953125,714.9686920166017,3.5386205062801164,9.0,ok
133.4,9.179000000000002,133.38,0.020000000000010232,11.372890343964308,5.058030111608622,1.6046211186214168,0.6000000243645321,0.3148159011783584,387710.3271484375,725.718057081434,3.5960832576167983,9.099999999999994,ok
133.5,9.278999999999996,133.48,0.020000000000010232,11.37049092018215,5.117322793981442,1.6425559928460167,0.60000002433275,0.531686478242178,389149.6276855469,736.5077786763499,3.655424469413074,9.199999999999989,ok
133.6,9.37899999999999,133.58,0.01999999999998181,11.364910261251167,5.177055827780586,1.6961202931876256,0.600000024303648,0.5371461050572253,390561.6760253906,747.3371023390042,3.715417628030983,9.300000000000011,ok
133.7,9.478999999999985,133.68,0.01999999999998181,11.356222408561402,5.236418027792389,1.741394768301086,0.6000000242739079,0.30419525206878073,391946.22802734375,758.2052676730693,3.7754122075744756,9.400000000000006,ok
133.8,9.579000000000008,133.78,0.020000000000010232,11.345437218979221,5.295439573831767,1.7615691243137521,0.6000000242473245,0.04854007061807911,395286.62109375,769.139057244195,3.835411067656997,9.5,ok
133.9,9.679000000000002,133.88,0.020000000000010232,11.333983054038542,5.354336219776436,1.762460172203562,0.6000000242221926,-0.10487854384760165,397913.63525390625,780.1557274712451,3.895411174307069,9.599999999999994,ok
134.0,9.778999999999996,133.98,0.020000000000010232,11.322919922476819,5.421306737253882,1.7418565742169825,0.6000000241989454,-0.3048290618293068,399184.4482421875,791.226534186468,3.963289323155936,9.699999999999989,ok
134.1,9.87899999999999,134.08,0.01999999999998181,11.313459751527484,5.482553678965865,1.706617179771596,0.6000000241769562,-0.47977144547138556,400426.81884765625,802.3322462293851,4.025262564990308,9.800000000000011,ok
134.2,9.978999999999985,134.18,0.01999999999998181,11.306441841729788,5.542136912316171,1.6626730686041498,0.6000000241563146,-0.3956585170054671,401640.7775878906,813.4720739576559,4.085257671077436,9.900000000000006,ok
134.301,10.079999999999984,134.28,0.020999999999986585,11.30196392456438,5.601964743469094,1.6161379288146274,0.6000000241383592,-0.5258454278215369,403983.7341308594,824.6613032870823,4.145252846905188,10.0,ok
134.4,10.179000000000002,134.38,0.020000000000010232,11.297155407773264,5.656321388170858,1.5774891945649077,0.6000000241191044,-0.2937982089046301,407065.5822753906,835.9258771260573,4.199821763487472,10.099999999999994,ok
134.5,10.278999999999996,134.48,0.020000000000010232,11.296381883435911,5.714887908912623,1.5597599717486592,0.6000000241020301,-0.038222972321762215,408160.8581542969,847.248466576469,4.258393392214153,10.199999999999989,ok
134.6,10.37899999999999,134.58,0.01999999999998181,11.29701353218443,5.7748845666704725,1.5657416498268524,0.6000000240870681,0.1482449300689771,409227.96630859375,858.6010891384561,4.3183933748996,10.300000000000011,ok
134.7,10.478999999999985,134.68,0.01999999999998181,11.296961396613758,5.834884047557395,1.5805645646060025,0.6000000240711344,0.17859345944748511,410267.2119140625,869.9829666137701,4.378392878437695,10.400000000000006,ok
134.834,10.613,134.8,0.033999999999991815,11.295486428215304,5.906866826996849,1.6079056345092493,0.6000000240539366,0.2907623861214198,412263.48876953125,883.6918116251638,4.450390767765129,10.52000000000001,ok
134.9,10.679000000000002,134.88,0.020000000000010232,11.293287249307747,5.9548154178070725,1.630565718536323,0.6000000240433978,0.20921337763544573,413221.3134765625,892.8638649834519,4.498389765135426,10.599999999999994,ok
135.0,10.778999999999996,134.98,0.020000000000010232,11.295733419794464,6.0117797352667095,1.631481425064611,0.6000000240309525,-0.046535465638880606,414152.8015136719,904.3551721360934,4.5554065803191275,10.699999999999989,ok
135.1,10.87899999999999,135.08,0.01999999999998181,11.293821401762736,6.070870688221417,1.6226268984462895,0.6000000240194475,-0.007586286950189376,415058.3801269531,915.871994103327,4.614528458960195,10.800000000000011,ok
135.201,10.97999999999999,135.18,0.020999999999986585,11.29062797682679,6.130785577239368,1.6278142570197933,0.600000024008481,0.00295815112185685,415938.5070800781,927.4136175367573,4.674528391367281,10.900000000000006,ok
135.3,11.079000000000008,135.28,0.020000000000010232,11.28732158731823,6.190694274412168,1.6183451768646395,0.6000000239981864,-0.24101179950745505,416793.5791015625,938.9793409559461,4.734528259771509,11.0,ok
135.4,11.179000000000002,135.38,0.020000000000010232,11.282889078753197,6.255461536827231,1.588205335406325,0.6000000239881675,-0.4338802894252575,418430.3894042969,950.5796738518602,4.799447019871504,11.099999999999994,ok
135.5,11.278999999999996,135.48,0.020000000000010232,11.282204977312288,6.316644550128759,1.5480766493287643,0.6000000239805173,-0.3926482753993512,419212.9821777344,962.2136095682766,4.860633857601823,11.199999999999989,ok
135.6,11.37899999999999,135.58,0.01999999999998181,11.284479691458895,6.376598145540851,1.5133963179034933,0.6000000239720019,-0.2587835356536074,419972.2595214844,973.8689601474351,4.92063059024024,11.300000000000011,ok
135.7,11.478999999999985,135.68,0.01999999999998181,11.288460492978427,6.436464944549331,1.4954570622432368,0.600000023962765,-0.03156476558575564,420708.6181640625,985.5450834486226,4.980629593600793,11.400000000000006,ok
135.8,11.579000000000008,135.78,0.020000000000010232,11.292930240673082,6.496298180209121,1.5025119994021916,0.6000000239550837,0.21819946878341936,421422.4548339844,997.2413483513725,5.0406295497172255,11.5,ok
135.9,11.679000000000002,135.88,0.020000000000010232,11.296500903313667,6.5561907093423715,1.5243692050782314,0.6000000239483952,0.19026380048215433,422784.0576171875,1008.9664388020825,5.100628422020546,11.599999999999994,ok
136.0,11.778999999999996,135.98,0.020000000000010232,11.298589238911097,6.616174458431734,1.5345208898118377,0.6000000239417832,0.06136513408638668,423432.55615234375,1020.7194473266586,5.160648512826735,11.699999999999989,ok
136.1,11.87899999999999,136.08,0.01999999999998181,11.30039643567023,6.676152167614619,1.550965222723973,0.6000000239355764,0.28633046373156834,422311.6760253906,1032.4658949957966,5.22065344228218,11.800000000000011,ok
136.2,11.978999999999985,136.18,0.01999999999998181,11.30089885382691,6.736148102741563,1.5796177955245392,0.6000000239297499,0.2991714013200199,422930.8776855469,1044.2053749084478,5.280651481048132,11.900000000000006,ok
136.3,12.079000000000008,136.28,0.020000000000010232,11.299529489481385,6.796129073030468,1.6187680207368764,0.6000000239242805,0.4040528878890059,425252.86865234375,1055.9857047186956,5.340648080581016,12.0,ok
136.4,12.179000000000002,136.38,0.020000000000010232,11.29580649367975,6.856010864272226,1.6489533935883793,0.6000000239189688,0.14876438477211565,426365.2648925781,1067.8137343512633,5.400645494025768,12.099999999999994,ok
136.5,12.278999999999996,136.48,0.020000000000010232,11.292656323161394,6.914329260891478,1.6517137850404722,0.6000000239139717,-0.009736544698615558,426892.0593261719,1079.6645305209674,5.459048909666765,12.199999999999989,ok
136.601,12.379999999999995,136.58,0.020999999999986585,11.287853599154785,6.974136719592125,1.646944264967363,0.6000000239094475,-0.11590357727688386,427399.59716796875,1091.5296924167221,5.519048895284374,12.300000000000011,ok
136.712,12.490999999999985,136.66,0.0519999999999925,11.284376327077425,7.022010416375322,1.6362573908693427,0.6000000239066218,-0.15392247411054433,427888.2751464844,1101.032890997992,5.567048710542242,12.379999999999995,ok
136.8,12.579000000000008,136.78,0.020000000000010232,11.280125785169979,7.093884326726372,1.6263982215528665,0.6000000239015694,0.08118922206352983,428358.2458496094,1115.3036663479274,5.639048197315814,12.5,ok
136.901,12.680000000000007,136.88,0.021000000000015007,11.276475889148365,7.153772603636235,1.6430953273262896,0.6000000238976495,0.15789231253903435,429243.4997558594,1127.2148017035584,5.699047592747776,12.599999999999994,ok
137.0,12.778999999999996,136.98,0.020000000000010232,11.270430988618376,7.215313834519458,1.6536226910876917,0.6000000238925378,0.04661818051617269,429659.3322753906,1139.1440077039917,5.760884991795922,12.699999999999989,ok
137.1,12.87899999999999,137.08,0.01999999999998181,11.263308872015427,7.277181824713107,1.660044466454243,0.6000000238892402,0.020152790873921828,430057.7087402344,1151.0845221625448,5.82316157451774,12.800000000000011,ok
137.2,12.978999999999985,137.18,0.01999999999998181,11.257488789147445,7.337348120307007,1.6580279668649924,0.6000000238877434,-0.15847631211761537,430438.9343261719,1163.0358644273554,5.883608712498646,12.900000000000006,ok
137.3,13.079000000000008,137.28,0.020000000000010232,11.252739511976031,7.397158721316917,1.6353731098201494,0.60000002388466,-0.27425657020866195,430803.28369140625,1174.997561899821,5.9436075760446965,13.0,ok
137.4,13.179000000000002,137.38,0.020000000000010232,11.249524089784936,7.457070702874522,1.6073198835735503,0.6000000238822876,-0.35758318128602135,433013.5498046875,1186.9950179205994,6.003605779968028,13.099999999999994,ok
137.5,13.278999999999996,137.48,0.020000000000010232,11.250215686525317,7.518800779450896,1.5676032885578737,0.6000000238797271,-0.2889034792996622,431798.1872558594,1199.0062920464395,6.06533973059632,13.199999999999989,ok
137.611,13.389999999999986,137.6,0.01099999999999568,11.251241780087602,7.590791942922424,1.5482035673704,0.600000023877216,0.017739992200979195,432098.20556640625,1213.4045652601444,6.137338206177285,13.319999999999993,ok
137.7,13.478999999999985,137.68,0.01999999999998181,11.252251916085294,7.638781254532908,1.5557085745987569,0.6000000238752448,0.21962282792007265,432382.9345703125,1223.009911261665,6.185338147881229,13.400000000000006,ok
137.801,13.579999999999984,137.78,0.020999999999986585,11.25253399908081,7.698778749017897,1.5840044093145125,0.6000000238725939,0.31407144731498904,432652.7404785156,1235.0242956373424,6.2453363054803805,13.5,ok
137.9,13.679000000000002,137.88,0.020000000000010232,11.250994542834233,7.758756712682274,1.6143178701534766,0.6000000238720267,0.2866230959465973,433148.86474609375,1247.049317932128,6.305334022527452,13.599999999999994,ok
138.0,13.778999999999996,137.98,0.020000000000010232,11.247186318926708,7.816237427939962,1.646240529716526,0.6000000238690946,0.42715312382864623,434812.43896484375,1259.1043360392237,6.3629407512652065,13.699999999999989,ok
138.1,13.87899999999999,138.08,0.01999999999998181,11.241535216996146,7.875964876291307,1.694697058067396,0.6000000238671649,0.41698122658118014,435012.26806640625,1271.1852347479937,6.422934942980674,13.800000000000011,ok
138.2,13.978999999999985,138.18,0.01999999999998181,11.233249696346942,7.935387215906453,1.7261917640731668,0.600000023865165,0.1612718523139344,435198.79150390625,1283.2714994642474,6.482932145396838,13.900000000000006,ok
138.3,14.079000000000008,138.28,0.020000000000010232,11.223701653341344,7.994622444660952,1.732655166795962,0.6000000238637988,0.006477182992583697,435372.49755859375,1295.3627673678925,6.542931957486831,14.0,ok
138.4,14.179000000000002,138.38,0.020000000000010232,11.2139442810616,8.053823692002926,1.7374147248356964,0.6000000238623496,0.06557509107925681,435682.6477050781,1307.460755496554,6.602931907492236,14.099999999999994,ok
138.5,14.278999999999996,138.48,0.020000000000010232,11.203466001837048,8.10913996061672,1.7444844362507665,0.6000000238608116,0.031909255039968054,435819.82421875,1319.5649564954954,6.659231853396838,14.199999999999989,ok
138.6,14.37899999999999,138.58,0.01999999999998181,11.193032980272863,8.167285342213685,1.7398579249685446,0.6000000238597123,-0.1054325117377363,437274.169921875,1331.6912619696734,6.718305818390018,14.300000000000011,ok
138.7,14.478999999999985,138.68,0.01999999999998181,11.183193394947637,8.226472747863648,1.729572298324798,0.6000000238588687,-0.02838735469479168,437375.0,1343.8391671074764,6.778305538613913,14.400000000000006,ok
138.8,14.579000000000008,138.78,0.020000000000010232,11.173652565877125,8.28570925493662,1.7363590596229597,0.6000000238575659,0.09423721655014686,437465.2404785156,1355.9897260030107,6.8383054651935264,14.5,ok
138.9,14.679000000000002,138.88,0.020000000000010232,11.163630666874111,8.344866304854845,1.7387224365381702,0.6000000238565095,-0.10030919395283978,437545.10498046875,1368.142647467718,6.898305423648962,14.599999999999994,ok
139.0,14.778999999999996,138.98,0.020000000000010232,11.151736362842284,8.401857017087842,1.726675548797738,0.6000000238567614,-0.12867019884863282,437675.4455566406,1380.2984884473994,6.956524112651943,14.699999999999989,ok
139.1,14.87899999999999,139.08,0.01999999999998181,11.142702813338001,8.46117278001766,1.7165837270981863,0.6000000238544095,-0.06966404447979004,438959.89990234375,1392.4739793565548,7.016523818889497,14.800000000000011,ok
139.2,14.978999999999985,139.18,0.01999999999998181,11.134151511403033,8.520560167643906,1.7096510156084566,0.6000000238521147,-0.06889592263488131,438988.4338378906,1404.6677062140573,7.076523707004833,14.900000000000006,ok
139.3,15.079000000000008,139.28,0.020000000000010232,11.125937371716837,8.579995220176066,1.7102839164357435,0.6000000238512945,0.11729817668928934,439008.60595703125,1416.8621095445417,7.136523686673872,15.0,ok
139.4,15.179000000000002,139.38,0.020000000000010232,11.119798729496132,8.639166167115947,1.7129403604922593,0.6000000238521233,0.017117423942936964,439020.751953125,1429.0569617377375,7.196012205650865,15.099999999999994,ok
139.522,15.300999999999988,139.48,0.04200000000000159,11.112012591984028,8.698505646372746,1.703432443765149,0.6000000238525048,-0.1734390019906818,439025.2380371094,1441.2520449320457,7.2558603278922975,15.199999999999989,ok
139.6,15.37899999999999,139.58,0.01999999999998181,11.10449115030964,8.758031619311923,1.686057576671959,0.6000000238508997,-0.1912732491473463,439012.87841796875,1453.4470187717022,7.315859607381445,15.300000000000011,ok
139.7,15.478999999999985,139.68,0.01999999999998181,11.098161230995906,8.817695126741848,1.659077256005157,0.6000000238502629,-0.2751108905706322,440120.8190917969,1465.6572090148927,7.375857957336748,15.400000000000006,ok
139.8,15.579000000000008,139.78,0.020000000000010232,11.093509086776239,8.877512828518588,1.6333049588561468,0.6000000238493097,-0.2064180714002345,440084.8388671875,1477.8822875976557,7.435856289744338,15.5,ok
139.9,15.679000000000002,139.88,0.020000000000010232,11.09024729936637,8.937423147445761,1.6150381241654614,0.6000000238487485,-0.11416081138171755,440043.0908203125,1490.1062866210925,7.4958553361622835,15.599999999999994,ok
140.0,15.778999999999996,139.98,0.020000000000010232,11.087717674847461,8.999649493362623,1.6058736411176642,0.6000000238483993,0.018859927092647437,439996.0021972656,1502.3290518018916,7.558133077983673,15.699999999999989,ok
140.1,15.87899999999999,140.08,0.01999999999998181,11.0854199419528,9.06017517404921,1.6143034747023024,0.6000000238480824,0.02897184979588361,439887.26806640625,1514.5496527777786,7.618702357317588,15.800000000000011,ok
140.2,15.978999999999985,140.18,0.01999999999998181,11.082814353906457,9.120118555682575,1.6108592464805704,0.6000000238472629,-0.09362069500829921,439826.3244628906,1526.7678971184625,7.67870234140684,15.900000000000006,ok
140.3,16.079000000000008,140.28,0.020000000000010232,11.080656633195932,9.177300376533728,1.6088318888468924,0.5657364717893913,0.025848339116740462,439761.474609375,1538.9843943277988,7.735924857906186,16.0,ok
140.4,16.179000000000002,140.38,0.020000000000010232,11.078220746077875,9.238421419541202,1.601630574550038,0.6000000238962785,-0.1404126304001279,439693.05419921875,1551.1990405612507,7.7970944209614625,16.099999999999994,ok
140.5,16.278999999999996,140.48,0.020000000000010232,11.076704317412196,9.298844165985225,1.5852430426594941,0.6000000238928387,-0.1696018198803453,439621.39892578125,1563.4117412990972,7.8575361933025905,16.19999999999999,ok
140.6,16.37899999999999,140.58,0.01999999999998181,11.076173380830523,9.35884145565497,1.5746712540284442,0.6000000238924519,-0.04971676616272194,439469.8181152344,1575.6213415357809,7.917535832146246,16.30000000000001,ok
140.7,16.478999999999985,140.68,0.01999999999998181,11.075971272499888,9.418841104349585,1.57801967023789,0.6000000238865787,0.14350861543985227,439390.56396484375,1587.8277357313368,7.977535821240034,16.400000000000006,ok
140.8,16.579000000000008,140.78,0.020000000000010232,11.075193675858307,9.478835577640126,1.5918009390765053,0.6000000238837334,0.06412832240255142,439309.38720703125,1600.0319017198344,8.037535333587606,16.5,ok
140.9,16.679000000000002,140.88,0.020000000000010232,11.073901708362522,9.538821646021002,1.588734448777291,0.6000000238812401,-0.07439994342825662,439226.6540527344,1612.233791181775,8.097535313419314,16.599999999999994,ok
141.0,16.778999999999996,140.98,0.020000000000010232,11.073046501426049,9.596218519874295,1.585189002155407,0.600000023879266,0.045696791680131396,439142.6696777344,1624.4333651224752,8.154938558162403,16.69999999999999,ok
141.101,16.879999999999995,141.08,0.020999999999986585,11.071972061986305,9.65555212384763,1.59634495495951,0.6000000238769124,0.23064984683151418,438972.1374511719,1636.6294041103795,8.214281889553336,16.80000000000001,ok
141.2,16.978999999999985,141.18,0.01999999999998181,11.069769503067869,9.715509475077424,1.6265935201687112,0.6000000238743478,0.25686394170414384,438886.1999511719,1648.8218810187448,8.274279683115116,16.900000000000006,ok
141.3,17.079000000000008,141.28,0.020000000000010232,11.06593061600405,9.77538574080539,1.6428149084611285,0.6000000238719185,0.09044387254009605,438800.1708984375,1661.0119695027665,8.334278885204935,17.0,ok
141.4,17.179000000000002,141.38,0.020000000000010232,11.061376893784832,9.835212420241172,1.6542688948907591,0.6000000238699718,0.14283283534692057,438714.3859863281,1673.199671681721,8.394278618190686,17.099999999999994,ok
141.5,17.278999999999996,141.48,0.020000000000010232,11.056530841557787,9.89975390722315,1.6656796578105106,0.6000000238681442,0.09721276794907949,438629.0283203125,1685.3849968804236,8.459001780690924,17.19999999999999,ok
141.6,17.37899999999999,141.58,0.01999999999998181,11.050710669440956,9.95947090937832,1.6666060709078356,0.6000000238664287,-0.14034191816352382,438460.9375,1697.566801961264,8.519001736939826,17.30000000000001,ok
141.7,17.478999999999985,141.68,0.01999999999998181,11.045334883015341,10.019229012329086,1.6509710887309672,0.600000023864996,-0.18048672930413492,439180.8166503906,1709.7562707689076,8.579001153170054,17.400000000000006,ok
141.8,17.579000000000008,141.78,0.020000000000010232,11.040996995967326,10.079071033962201,1.630945110316212,0.6000000238633066,-0.17188757156461743,439088.5314941406,1721.9544561598032,8.639000193305538,17.5,ok
141.9,17.679000000000002,141.88,0.020000000000010232,11.037698329945442,10.13897998791889,1.619067084504315,0.6000000238618876,-0.13637261156742175,438998.10791015625,1734.1501039293066,8.698999892985693,17.599999999999994,ok
142.0,17.778999999999996,141.98,0.020000000000010232,11.033619361847563,10.195084623071509,1.6060694718752961,0.6000000238605555,-0.2536507021476921,438909.8815917969,1746.3432704501663,8.755252609065469,17.69999999999999,ok
142.1,17.87899999999999,142.08,0.01999999999998181,11.031722745097506,10.254095914785516,1.5810204790964735,0.6000000238596603,-0.15818473418877102,438740.78369140625,1758.532863023547,8.814294371444756,17.80000000000001,ok
142.2,17.978999999999985,142.18,0.01999999999998181,11.031444578386607,10.314094880434869,1.5707683649543862,0.6000000238586641,0.03457828753925415,438660.3698730469,1770.7189901563859,8.874293981907751,17.900000000000006,ok
142.3,18.079000000000008,142.28,0.020000000000010232,11.031376261751213,10.374094828814295,1.5731144780647277,0.6000000238570294,0.016042128924695382,438583.0383300781,1782.9029263814286,8.93429396918022,18.0,ok
142.4,18.179000000000002,142.38,0.020000000000010232,11.031111047909208,10.434094113924495,1.5810677329797913,0.6000000238588372,0.11649284038231214,438508.97216796875,1795.0847598605676,8.994293840447725,18.099999999999994,ok
142.5,18.278999999999996,142.48,0.020000000000010232,11.032097288711373,10.496560100895584,1.5992481083210097,0.6000000238557347,0.2934426593581178,438438.3544921875,1807.264583841958,9.056767612538035,18.19999999999999,ok
142.6,18.37899999999999,142.58,0.01999999999998181,11.032162340438298,10.559562747714752,1.6312416108716234,0.6000000238541128,0.28555292238917573,438308.3190917969,1819.4416209750716,9.11977029294092,18.30000000000001,ok
142.7,18.478999999999985,142.68,0.01999999999998181,11.02849621589113,10.620022247726787,1.653246262228609,0.6000000238532571,0.25122846260158255,438249.267578125,1831.616031901042,9.18034084363101,18.400000000000006,ok
142.8,18.579000000000008,142.78,0.020000000000010232,11.023044052405226,10.679773108639559,1.6707163415054103,0.600000023852454,0.10766334351452138,438194.3664550781,1843.7888601515026,9.240339939178313,18.5,ok
142.9,18.679000000000002,142.88,0.020000000000010232,11.01686895633168,10.739454394938543,1.6743204435995267,0.6000000238517001,-0.10967121755625489,438143.9208984375,1855.960225253634,9.300339837060049,18.599999999999994,ok
143.0,18.778999999999996,142.98,0.020000000000010232,11.011088523171484,10.795355235769376,1.653151160739259,0.6000000238515253,-0.3645837656899993,438098.0224609375,1868.1302522447359,9.356538746418805,18.69999999999999,ok
143.1,18.87899999999999,143.08,0.01999999999998181,11.007155132993823,10.854266974676792,1.6066492539038166,0.6000000238499728,-0.5594361558849681,438020.5078125,1880.298565165203,9.415581650644336,18.80000000000001,ok
143.2,18.978999999999985,143.18,0.01999999999998181,11.006224108249075,10.914254137495249,1.5609342887595996,0.600000023850415,-0.38043641078140217,437989.1662597656,1892.4653661939838,9.475576037965846,18.900000000000006,ok
143.3,19.079000000000008,143.28,0.020000000000010232,11.007846379486736,10.974227258899841,1.5144886705682248,0.6000000238492966,-0.4962422754065719,437962.9821777344,1904.631368255615,9.535571096553854,19.0,ok
143.4,19.179000000000002,143.38,0.020000000000010232,11.012288596939797,11.034058336694457,1.4750943632297864,0.6000000238487472,-0.24070325910788953,437942.1081542969,1916.796716732448,9.59556685612039,19.099999999999994,ok
143.5,19.278999999999996,143.48,0.020000000000010232,11.01675694539583,11.097802015582559,1.4640419096831623,0.6000000238482313,0.014835917543208517,437926.6662597656,1928.9615608215315,9.659466955776917,19.19999999999999,ok
143.6,19.37899999999999,143.58,0.01999999999998181,11.02250851222557,11.158483685344887,1.4753632819894449,0.6000000238475695,0.16652161796590817,437912.5671386719,1941.1259946187347,9.720420590337469,19.30000000000001,ok
143.7,19.478999999999985,143.68,0.01999999999998181,11.027833548810014,11.218246290948905,1.4900613776792375,0.6000000238476478,0.041237052044252605,437914.1540527344,1953.2902546352814,9.780419965694275,19.400000000000006,ok
143.8,19.579000000000008,143.78,0.020000000000010232,11.032692541693116,11.27804917825355,1.485540264344971,0.6000000238466882,-0.09810547165445652,437921.69189453125,1965.4546413845483,9.840419925209346,19.5,ok
143.9,19.679000000000002,143.88,0.020000000000010232,11.041328047625454,11.322916440706086,1.4739754865472994,0.600000023846643,0.06770502744046215,437935.1501464844,1977.6193197462283,9.886110659529251,19.599999999999994,ok
144.0,19.778999999999996,143.98,0.020000000000010232,11.04775134105649,11.378870541708928,1.4815132091658456,0.6000000238459117,0.04185008339644937,437954.833984375,1989.7844584147117,9.942432237255176,19.69999999999999,ok
144.1,19.87899999999999,144.08,0.01999999999998181,11.052993448384674,11.438641057530544,1.4861230152268203,0.6000000238455587,0.047570305381601036,437437.3474121094,2001.9426831563324,10.002432189345344,19.80000000000001,ok
144.2,19.978999999999985,144.18,0.01999999999998181,11.058023008823707,11.498429877734717,1.4860416932346978,0.6000000238452273,-0.02479391365730404,437475.7385253906,2014.0942537943524,10.062432185175483,19.900000000000006,ok
144.302,20.08099999999999,144.28,0.02199999999999136,11.063106853598258,11.558214107003021,1.48742190446587,0.6000000238449164,0.06668195241124075,437571.0754394531,2026.2476817660856,10.122432181399624,20.0,ok
144.4,20.179000000000002,144.38,0.020000000000010232,11.067937903370211,11.618019183157523,1.4947430969290003,0.6000000238449796,0.1374882567609843,437628.1433105469,2038.403226470946,10.182432066197387,20.099999999999994,ok
144.5,20.278999999999996,144.48,0.020000000000010232,11.068930954590869,11.691104841011597,1.5223520531571935,0.600000023844528,0.22972974226371173,437691.71142578125,2050.5604466756167,10.255524470280777,20.19999999999999,ok
144.601,20.379999999999995,144.58,0.020999999999986585,11.070514997128178,11.75431941044019,1.53631758701092,0.6000000238444484,-0.025700784491483296,437838.2873535156,2062.720585547554,10.318758883212363,20.30000000000001,ok
144.7,20.478999999999985,144.68,0.01999999999998181,11.072767937776632,11.81427682520299,1.523495278632334,0.6000000238438515,-0.28205168150372273,437921.5087890625,2074.8839160495336,10.378758610933446,20.400000000000006,ok
144.801,20.579999999999984,144.78,0.020999999999986585,11.076299326490737,11.87417083027887,1.4956668640166617,0.6000000238436249,-0.25525861146369777,438011.3830566406,2087.049650658501,10.438756632153147,20.5,ok
144.9,20.679000000000002,144.88,0.020000000000010232,11.08139916702966,11.933952253084406,1.4713326894108125,0.6000000238434121,-0.23545750319773598,438108.0322265625,2099.217975870767,10.49875518952061,20.599999999999994,ok
145.0,20.778999999999996,144.98,0.020000000000010232,11.088447572359971,11.984804963419025,1.448800393622063,0.6000000238432123,-0.20367744888979497,438211.48681640625,2111.3890803019185,10.55009404581949,20.69999999999999,ok
145.1,20.87899999999999,145.08,0.01999999999998181,11.096207667993488,12.044300204733545,1.4327090579053068,0.6000000238428471,-0.03022387547680965,438321.83837890625,2123.563154262967,10.61009323600831,20.80000000000001,ok
145.2,20.978999999999985,145.18,0.01999999999998181,11.104578572855425,12.10371331394166,1.4259700647267923,0.6000000238428488,-0.09825654781483563,438073.0285644531,2135.7353051927353,10.67009314929144,20.900000000000006,ok
145.3,21.079000000000008,145.28,0.020000000000010232,11.113471174746701,12.16305043695406,1.416152189107808,0.6000000238428612,-0.08256805296945495,438206.48193359375,2147.905853949652,10.73009292042255,21.0,ok
145.4,21.179000000000002,145.38,0.020000000000010232,11.12278744523172,12.222322729972563,1.418116010059268,0.600000023842706,0.17291405162560847,438346.7712402344,2160.0802046881763,10.790092900551056,21.099999999999994,ok
145.5,21.278999999999996,145.48,0.020000000000010232,11.131803707109249,12.285560774045434,1.4416674395743405,0.6000000238422052,0.23361208945151185,438493.8049316406,2172.258546023896,10.85397046465933,21.19999999999999,ok
145.6,21.37899999999999,145.58,0.01999999999998181,11.139207157299143,12.346078238664383,1.4559543899489882,0.6000000238429567,0.14648870828371904,438647.64404296875,2184.4410661485463,10.914939100847292,21.30000000000001,ok
145.7,21.478999999999985,145.68,0.01999999999998181,11.145611177947671,12.405734276437423,1.4799864507787786,0.6000000238421178,0.3089686737819526,438975.89111328125,2196.6302819146044,10.974937886862053,21.400000000000006,ok
145.8,21.579000000000008,145.78,0.020000000000010232,11.150313147148271,12.465547458703568,1.5115441490315826,0.6000000238428855,0.3915676814351169,438660.7360839844,2208.819679514566,11.034935597544766,21.5,ok
145.9,21.679000000000002,145.88,0.020000000000010232,11.152807729494613,12.525490333919864,1.5592794565957337,0.6000000238424172,0.46972717408407494,438842.0104980469,2221.0072176615377,11.09493035756828,21.599999999999994,ok
146.0,21.778999999999996,145.98,0.020000000000010232,11.152376421506782,12.58022609832384,1.5960570412946171,0.6000000238417782,0.21442665381737563,439029.78515625,2233.199881490069,11.1496678212606,21.69999999999999,ok
146.1,21.87899999999999,146.08,0.01999999999998181,11.15046943455607,12.640195311760076,1.607512329792388,0.6000000238416786,0.02228454299853244,439224.2126464844,2245.3978536817763,11.20966734758699,21.80000000000001,ok
146.2,21.978999999999985,146.18,0.01999999999998181,11.148216606957574,12.700152996501526,1.6081351458070992,0.600000023841585,-0.09491697205076541,440127.38037109375,2257.6110702514643,11.26966734085152,21.900000000000006,ok
146.301,22.079999999999984,146.28,0.020999999999986585,11.146254455766899,12.760120552193614,1.596515635552611,0.6000000238443394,-0.10773885781151035,440343.81103515625,2269.8398367987725,11.329666988958644,22.0,ok
146.4,22.179000000000002,146.38,0.020000000000010232,11.143755371726828,12.822740474119184,1.5838654492354247,0.6000000238414148,-0.23344443590110714,440567.2302246094,2282.0747123718243,11.392336758728478,22.099999999999994,ok
146.5,22.278999999999996,146.48,0.020000000000010232,11.143090216480202,12.883388325492028,1.5696073635577008,0.6000000238413374,-0.04652203696711522,440797.6989746094,2294.315891944035,11.452988257536378,22.19999999999999,ok
146.6,22.37899999999999,146.58,0.01999999999998181,11.143180693416532,12.943388238517665,1.573452562596475,0.6000000238416201,0.18588601740533417,441035.15625,2306.5635704888236,11.512988238779375,22.30000000000001,ok
146.7,22.478999999999985,146.68,0.01999999999998181,11.142518919768131,13.003383458215525,1.5951658732178458,0.6000000238413743,0.24013243023183325,441531.0974121094,2318.821435123019,11.57298710819336,22.400000000000006,ok
146.8,22.579000000000008,146.78,0.020000000000010232,11.140422843151198,13.063345053289558,1.6218966800659547,0.6000000238416656,0.2039074821423065,441789.5202636719,2331.089777035182,11.632985328342013,22.5,ok
146.9,22.679000000000002,146.88,0.020000000000010232,11.136992186087802,13.123246486530743,1.632056788886868,0.600000023840895,-0.05171806555931195,442054.8400878906,2343.3653931511753,11.692984920942587,22.599999999999994,ok
147.0,22.778999999999996,146.98,0.020000000000010232,11.134081036968283,13.183232392755652,1.6175969412041515,0.6000000238415492,-0.12300820873684117,442327.0568847656,2355.648475053573,11.753041425459747,22.69999999999999,ok
147.1,22.87899999999999,147.08,0.01999999999998181,11.132136420251813,13.243273047555745,1.613514353857151,0.6000000238409633,-0.025920847838431085,442606.14013671875,2367.939213901096,11.813113563452312,22.80000000000001,ok
147.2,22.978999999999985,147.18,0.01999999999998181,11.129906798545969,13.303244590840166,1.6005125901462527,0.6000000238416242,-0.2822488349249038,443184.4787597656,2380.241861385769,11.873126538856523,22.900000000000006,ok
147.3,23.079000000000008,147.28,0.020000000000010232,11.128881526791458,13.363233248814419,1.5676236777411054,0.600000023840867,-0.3437239417685083,443483.6730957031,2392.5566968282055,11.933123957698692,23.0,ok
147.4,23.179000000000002,147.38,0.020000000000010232,11.12993873727343,13.423220701414882,1.5309103385147218,0.6000000238408232,-0.3731263459487679,443789.306640625,2404.879932657876,11.993120725640773,23.099999999999994,ok
147.5,23.278999999999996,147.48,0.020000000000010232,11.133024122234847,13.475191018820752,1.5011928590385835,0.600000023841315,-0.15112915810123456,444101.4404296875,2417.2117485894073,12.0451825493855,23.19999999999999,ok
147.6,23.37899999999999,147.58,0.01999999999998181,11.13750205640003,13.535023342986507,1.4892253298516118,0.6000000238407436,-0.11143379270832363,444419.7998046875,2429.552321370443,12.105182206963388,23.30000000000001,ok
147.7,23.478999999999985,147.68,0.01999999999998181,11.142600900821902,13.594806146719492,1.481289164827314,0.6000000238410625,-0.055417812429748387,444744.32373046875,2441.9018230862084,12.165182055601655,23.400000000000006,ok
147.8,23.579000000000008,147.78,0.020000000000010232,11.14797401122389,13.654565045769633,1.4851654047905298,0.6000000238412062,0.09263923504321521,445411.2243652344,2454.265094587537,12.225182025027289,23.5,ok
147.9,23.679000000000002,147.88,0.020000000000010232,11.152998495632218,13.714354272161396,1.4865252370265587,0.6000000238409967,-0.03137583066410131,445115.8142089844,2466.6335256788448,12.285182000328074,23.599999999999994,ok
148.0,23.778999999999996,147.98,0.020000000000010232,11.158726257682849,13.783404025831695,1.4827115060096387,0.6000000238409667,-0.005681846897855343,445450.01220703125,2479.002495490178,12.354468909192864,23.69999999999999,ok
148.101,23.879999999999995,148.08,0.020999999999986585,11.164056150437874,13.845496073387137,1.4921919575560587,0.6000000238404057,0.2498553247963591,445788.75732421875,2491.3808117336703,12.416789292105738,23.80000000000001,ok
148.2,23.978999999999985,148.18,0.01999999999998181,11.168127250026162,13.905356002981645,1.5195267270508417,0.600000023840557,0.2793410339910999,446478.82080078125,2503.7734169854057,12.476787500603303,23.900000000000006,ok
148.3,24.079000000000008,148.28,0.020000000000010232,11.17056105416289,13.965305023296578,1.543024566768113,0.6000000238410651,0.10342413341679202,446829.6203613281,2516.180478668212,12.536785904242869,24.0,ok
148.4,24.179000000000002,148.38,0.020000000000010232,11.172056648080307,14.025286289134137,1.5498923670425369,0.6000000238405089,0.07819189197035059,447183.77685546875,2528.5973314073335,12.596785813014813,24.099999999999994,ok
148.5,24.278999999999996,148.48,0.020000000000010232,11.173100167133429,14.06279265748358,1.5580801492804424,0.600000023840487,0.08307982237628218,447540.9851074219,2541.024064212373,12.634306695184325,24.19999999999999,ok
148.6,24.37899999999999,148.58,0.01999999999998181,11.17372348268038,14.122789362774956,1.5628415912826188,0.6000000238433087,0.035647754968137046,447900.87890625,2553.4607567681214,12.694306638251724,24.30000000000001,ok
148.7,24.478999999999985,148.68,0.01999999999998181,11.174215380748752,14.182787310857348,1.5574408448624066,0.6000000238408026,-0.2044565894679,448263.0615234375,2565.9074781629774,12.75430660273344,24.400000000000006,ok
148.8,24.579000000000008,148.78,0.020000000000010232,11.17545681842048,14.242773747758585,1.5405110122366916,0.6000000238402516,-0.17490907945041823,448627.1057128906,2578.364286041259,12.814305884225796,24.5,ok
148.9,24.679000000000002,148.88,0.020000000000010232,11.177695249265017,14.302731236351615,1.5229118985573122,0.6000000238404123,-0.15341236601816474,449358.94775390625,2590.836314561631,12.874305142646456,24.599999999999994,ok
149.0,24.778999999999996,148.98,0.020000000000010232,11.179015059806554,14.366298891869677,1.5206087069556355,0.600000023841107,0.10240578827834704,449725.76904296875,2603.32360229492,12.937886497837491,24.69999999999999,ok
149.1,24.87899999999999,149.08,0.01999999999998181,11.181153023333325,14.42713637584262,1.540611723550281,0.6000000238403814,0.19906030630065813,450092.5598144531,2615.821079084609,12.998761536598874,24.80000000000001,ok
149.2,24.978999999999985,149.18,0.01999999999998181,11.182584825290265,14.487118801936358,1.5558328317288879,0.6000000238403674,0.1769718391916446,450458.740234375,2628.3287360297313,13.058761049071348,24.900000000000006,ok
149.3,25.079000000000008,149.28,0.020000000000010232,11.183067674653529,14.547116174476741,1.570956811461828,0.6000000238412424,0.03639952990124853,450823.6999511719,2640.8465476989745,13.118760364527919,25.0,ok
149.4,25.179000000000002,149.38,0.020000000000010232,11.183087547923174,14.607116127421582,1.5674285362000355,0.6000000238403419,0.010595517395891443,451547.8210449219,2653.3794854905864,13.178760320763987,25.099999999999994,ok
149.5,25.278999999999996,149.48,0.020000000000010232,11.185084550893611,14.667437939064477,1.5710823352227417,0.6000000238403304,0.16845345815795876,451905.70068359375,2665.9274510701484,13.239115179563795,25.19999999999999,ok
149.6,25.37899999999999,149.58,0.01999999999998181,11.185166402293527,14.727498722357277,1.5856228614143848,0.6000000238403194,0.10836597203179774,452259.9182128906,2678.485306888158,13.299176018630497,25.30000000000001,ok
149.7,25.478999999999985,149.68,0.01999999999998181,11.184017603067447,14.787487446870715,1.5963954705210068,0.6000000238431513,0.10719482811286038,452609.86328125,2691.0529427422425,13.359175742033285,25.400000000000006,ok
149.8,25.579000000000008,149.78,0.020000000000010232,11.182200998683708,14.847459561281175,1.6104236440021398,0.6000000238402996,0.190228596018983,452954.8645019531,2703.6302306281195,13.419175363351659,25.5,ok
149.9,25.679000000000002,149.88,0.020000000000010232,11.180954425995415,14.911501442398727,1.6264062176844136,0.6000000238402906,0.10044196445117802,453627.3193359375,2716.2216498480893,13.483229375564337,25.599999999999994,ok
150.0,25.778999999999996,149.98,0.020000000000010232,11.177720711253142,14.972417503511313,1.641704292036859,0.6000000238409927,0.2871487704518748,453953.3996582031,2728.826937611896,13.544231206786904,25.69999999999999,ok
150.101,25.879999999999995,150.08,0.020999999999986585,11.172788969097095,15.032212646274735,1.6666580828948068,0.6000000238404518,0.11219243528810077,454271.8505859375,2741.441177198623,13.604229383249125,25.80000000000001,ok
150.2,25.978999999999985,150.18,0.01999999999998181,11.166900175018554,15.091922914441046,1.6676611638868792,0.6000000238407996,-0.1431933647518239,454581.8786621094,2754.0641456604008,13.664229333417373,25.900000000000006,ok
150.301,26.079999999999984,150.28,0.020999999999986585,11.161562208898811,15.151683807114217,1.6431100383509414,0.600000023840615,-0.39781887908945845,455174.4384765625,2766.699650065104,13.724228151533982,26.0,ok
150.4,26.179000000000002,150.38,0.020000000000010232,11.158274806254903,15.211588731370988,1.5979030565871069,0.6000000238430954,-0.45628416412349465,455455.62744140625,2779.3472898695195,13.784223209383379,26.099999999999994,ok
150.5,26.278999999999996,150.48,0.020000000000010232,11.157730573734426,15.28757728154113,1.5526418977378726,0.6000000238406022,-0.4116402595925343,455725.9216308594,2792.002589162189,13.860213708434225,26.19999999999999,ok
150.6,26.37899999999999,150.58,0.01999999999998181,11.159797061872228,15.351536595592417,1.5136352084208329,0.6000000238402412,-0.2811509273778892,456231.5368652344,2804.6686649746375,13.924206397291115,26.30000000000001,ok
150.7,26.478999999999985,150.68,0.01999999999998181,11.163775786431321,15.411403506531459,1.4957457780426853,0.6000000238402358,-0.0253424072054117,456465.8203125,2817.345017157661,13.984205374569902,26.400000000000006,ok
150.8,26.579000000000008,150.78,0.020000000000010232,11.16831742550079,15.471231358188527,1.4911642611860407,0.6000000238402307,-0.1739584351339171,456687.07275390625,2830.0276962280273,14.04420536056438,26.5,ok
150.903,26.681999999999988,150.88,0.022999999999996135,11.173617381730548,15.499615584029623,1.468154837495626,0.6000000238402259,-0.3086510235814268,456687.07275390625,2842.7134482489682,14.07308015602055,26.599999999999994,ok
151.0,26.778999999999996,150.98,0.020000000000010232,11.180475938893236,15.551375743727254,1.442660128755653,0.6000000238405767,-0.11693763790122408,457088.9587402344,2855.4047820197193,14.125292740119388,26.69999999999999,ok
151.1,26.87899999999999,151.08,0.01999999999998181,11.188418668221862,15.61084735903179,1.430563172867021,0.6000000238402172,-0.128527683672287,457268.8293457031,2868.104195743138,14.185292406586116,26.80000000000001,ok
151.2,26.978999999999985,151.18,0.01999999999998181,11.197007564365244,15.67022932356934,1.4268978415458193,0.6000000238402132,0.10016879709612055,457434.2346191406,2880.8084049648714,14.245292296996853,26.900000000000006,ok
151.3,27.079000000000008,151.28,0.020000000000010232,11.205373777453184,15.729642940754612,1.4369104416732754,0.6000000238405648,0.06348155912996595,456264.9841308594,2893.498671891954,14.305292058900305,27.0,ok
151.4,27.179000000000002,151.38,0.020000000000010232,11.213231409732982,15.789126099581486,1.4437437335098757,0.600000023840206,0.13795470514451097,456391.4489746094,2906.174455685085,14.36529196364246,27.099999999999994,ok
151.5,27.278999999999996,151.48,0.020000000000010232,11.222144139885748,15.863103922232918,1.4649711887519092,0.6000000238405581,0.3931800698066728,456602.6916503906,2918.8549298604316,14.43980474780077,27.19999999999999,ok
151.6,27.37899999999999,151.58,0.01999999999998181,11.227892598718563,15.926444522847268,1.5125561006636097,0.6000000238401997,0.5455945345017751,456687.3474121094,2931.5395137363025,14.503405663400619,27.30000000000001,ok
151.7,27.478999999999985,151.68,0.01999999999998181,11.230076376487583,15.986397614883419,1.5667869887281125,0.6000000238401968,0.47705803821140397,456758.11767578125,2944.226256306967,14.56339851405834,27.400000000000006,ok
151.8,27.579000000000008,151.78,0.020000000000010232,11.22929457531706,16.04638865207941,1.6042797846788985,0.6000000238409047,0.22130882492642867,456815.0634765625,2956.91477271186,14.623394645241286,27.5,ok
151.9,27.679000000000002,151.88,0.020000000000010232,11.22687182913354,16.106339166375033,1.6182114139662525,0.6000000238401916,0.09319773107909146,456888.0920410156,2969.6050943162704,14.68339409410025,27.599999999999994,ok
152.0,27.778999999999996,151.98,0.020000000000010232,11.223190484931653,16.156716568833826,1.6208243645909384,0.6000000238401891,-0.055435658494640536,456904.5715332031,2982.2966590881338,14.733905825149858,27.69999999999999,ok
152.1,27.87899999999999,152.08,0.01999999999998181,11.220307005518714,16.216647191808544,1.616165556992387,0.6000000238401869,-0.044356138345950945,456908.02001953125,2994.9885006374802,14.793905775347026,27.80000000000001,ok
152.201,27.97999999999999,152.18,0.020999999999986585,11.217763365168093,16.276593032513127,1.6043591533575885,0.6000000238408953,-0.20295752455734994,456898.8037109375,3007.6802620781805,14.853905558046737,27.900000000000006,ok
152.3,28.079000000000008,152.28,0.020000000000010232,11.216114422908369,16.33656996667778,1.59380770458121,0.6000000238408933,-0.0579331892326245,456877.0751953125,3020.3715937296556,14.913905155065107,28.0,ok
152.4,28.179000000000002,152.38,0.020000000000010232,11.214873613746,16.39655705603064,1.5879736657751908,0.6000000238405363,-0.022622606073430328,456843.3532714844,3033.062155236138,14.973905075868435,28.099999999999994,ok
152.5,28.278999999999996,152.48,0.020000000000010232,11.212032401287948,16.453333071741163,1.5960558448835234,0.6000000238401793,0.07860894771459502,456741.27197265625,3045.7508305867505,15.0307521377819,28.19999999999999,ok
152.6,28.37899999999999,152.58,0.01999999999998181,11.207808970046166,16.509104231507017,1.6067996745259008,0.6000000238401776,-0.003248062472228107,456673.7060546875,3058.437149726022,15.086682984665194,28.30000000000001,ok
152.701,28.47999999999999,152.68,0.020999999999986585,11.205111894930296,16.568199611177025,1.6069896737377718,0.6000000238405313,0.07457224825569247,456595.6726074219,3071.121446651884,15.14583987870573,28.400000000000006,ok
152.801,28.579999999999984,152.78,0.020999999999986585,11.202674499958796,16.62814968871672,1.621366503965874,0.60000002384053,0.2687292010514104,456507.62939453125,3083.803436957466,15.205839484464956,28.5,ok
152.9,28.679000000000002,152.88,0.020000000000010232,11.202251237137514,16.698707085579674,1.6442857163943334,0.6000000238401733,0.1769616532083162,456410.0036621094,3096.4828485276967,15.276398150860318,28.599999999999994,ok
153.0,28.778999999999996,152.98,0.020000000000010232,11.198404609876809,16.76111619675661,1.6503309378533046,0.600000023840172,-0.07880805188815304,457501.46484375,3109.176063368055,15.338925694384576,28.69999999999999,ok
153.1,28.87899999999999,153.08,0.01999999999998181,11.193818447414447,16.82094053453437,1.642885633162953,0.6000000238401708,-0.07354815627837555,457369.5983886719,3121.882605912953,15.398925563356753,28.80000000000001,ok
153.2,28.978999999999985,153.18,0.01999999999998181,11.189699865136678,16.880798824988084,1.6340355365901573,0.600000023840525,-0.07186072989346144,457229.6142578125,3134.5853727552644,15.458925377156632,28.900000000000006,ok
153.3,29.079000000000008,153.28,0.020000000000010232,11.18605680284284,16.940688042560968,1.628143128226457,0.6000000238401687,-0.08101194023602849,457081.9396972656,3147.284144337973,15.518925296192986,29.0,ok
153.4,29.179000000000002,153.38,0.020000000000010232,11.18281869102351,17.000600430770916,1.6196838838475383,0.600000023840523,-0.11624800302735808,456765.4113769531,3159.9764686584476,15.578925126435863,29.099999999999994,ok
153.5,29.278999999999996,153.48,0.020000000000010232,11.18026982386313,17.052088478240044,1.6005433754797647,0.6000000238401668,-0.226974398554003,456597.4426269531,3172.6620638529457,15.630476224930312,29.19999999999999,ok
153.6,29.37899999999999,153.58,0.01999999999998181,11.179028003176617,17.10996010844474,1.5778359360753975,0.6000000238401659,-0.19131943883805175,456423.52294921875,3185.342910597062,15.688361177216432,29.30000000000001,ok
153.7,29.478999999999985,153.68,0.01999999999998181,11.178942245652154,17.16995971178298,1.5680659468980198,0.600000023840165,-0.02934979529849707,456244.1711425781,3198.018850792781,15.748360841841322,29.400000000000006,ok
153.8,29.579000000000008,153.78,0.020000000000010232,11.17918384027844,17.229959197095834,1.562990989294693,0.6000000238401643,-0.10715175255270722,456059.6618652344,3210.6897373623333,15.808360813556073,29.5,ok
153.9,29.679000000000002,153.88,0.020000000000010232,11.179899547912115,17.289954693915078,1.554935980491406,0.6000000238405189,0.0359456998239045,455870.3918457031,3223.355432552762,15.86836057918899,29.599999999999994,ok
154.0,29.778999999999996,153.98,0.020000000000010232,11.180744621021937,17.346285666758863,1.5581132982277044,0.6000000238401629,0.028482774842788973,455676.7272949219,3236.015809207492,15.924697890538468,29.69999999999999,ok
154.1,29.87899999999999,154.08,0.01999999999998181,11.181391998847856,17.405366346967774,1.566250086171762,0.6000000238408728,0.21709690776458673,455277.40478515625,3248.6679499308293,15.983782117469156,29.80000000000001,ok
154.2,29.978999999999985,154.18,0.01999999999998181,11.181098834936593,17.46536428810334,1.5876252976776708,0.600000023840517,0.09223323530766522,455072.3876953125,3261.311697048613,16.043780774834016,29.900000000000006,ok
154.3,30.079000000000008,154.28,0.020000000000010232,11.179912296867068,17.525352446746144,1.5943704894136403,0.6000000238401612,0.06109846813012956,454864.1052246094,3273.9497038947225,16.10378066691679,30.0,ok
154.4,30.179000000000002,154.38,0.020000000000010232,11.18032576570716,17.58581181436308,1.6028283524018707,0.6000000238401606,0.09222508289971365,454652.89306640625,3286.5818844265414,16.164241448330213,30.099999999999994,ok
154.5,30.278999999999996,154.48,0.020000000000010232,11.178596406542368,17.645889914833685,1.6204595463320148,0.6000000238401602,0.32527029656212564,454438.8732910156,3299.2081589592826,16.224344433607794,30.19999999999999,ok
154.6,30.37899999999999,154.58,0.01999999999998181,11.174917079386374,17.70577519118741,1.645204331619773,0.6000000238401597,0.12350245079820632,454003.35693359375,3311.8254121568493,16.284342631683092,30.30000000000001,ok
154.7,30.478999999999985,154.68,0.01999999999998181,11.170283048818925,17.765595898640807,1.6484392912490111,0.6000000238401593,-0.026388423148010057,453782.2265625,3324.433545260961,16.34434255901242,30.400000000000006,ok
154.8,30.579000000000008,154.78,0.020000000000010232,11.165692620070246,17.825420025967084,1.6453145023274518,0.6000000238405141,-0.10077014643007264,453559.08203125,3337.035507880318,16.40434254439948,30.5,ok
154.9,30.679000000000002,154.88,0.020000000000010232,11.161573122408319,17.88527778571408,1.628786015460372,0.6000000238430007,-0.18375556101815235,453334.04541015625,3349.631245761448,16.464341891586894,30.599999999999994,ok
155.0,30.778999999999996,154.98,0.020000000000010232,11.158403365082174,17.945340961098715,1.6132829942478655,0.600000023840158,-0.18193137971223658,453107.2082519531,3362.2207076178656,16.524488648762922,30.69999999999999,ok
155.1,30.87899999999999,155.08,0.01999999999998181,11.156209299258824,18.00531501943883,1.5939362527627787,0.6000000238401577,-0.2465997101706693,452648.6511230469,3374.800650109188,16.58450282707622,30.80000000000001,ok
155.2,30.978999999999985,155.18,0.01999999999998181,11.155404994347128,18.065308246380543,1.5716195506335267,0.600000023840868,-0.11182111373867695,452417.1142578125,3387.3710079616994,16.6445014452709,30.900000000000006,ok
155.3,31.079000000000008,155.28,0.020000000000010232,11.155500630003765,18.125308121462965,1.5706724160791916,0.6000000238408677,0.14184129967200582,452184.14306640625,3399.934914313424,16.70450139657159,31.0,ok
155.4,31.179000000000002,155.38,0.020000000000010232,11.155046015121725,18.185305241196875,1.5949820583017462,0.6000000238401568,0.35367461460133964,451949.7985839844,3412.492330169679,16.764500238652552,31.099999999999994,ok
155.5,31.278999999999996,155.48,0.020000000000010232,11.15509596384773,18.245533663286263,1.6345024431742399,0.532556234154273,0.5508298139430771,451714.111328125,3425.0432178073465,16.824728681453713,31.19999999999999,ok
155.6,31.37899999999999,155.58,0.01999999999998181,11.15093500499764,18.30168594693698,1.6862892266285339,0.5588352075132336,0.4586904252024519,451238.8916015625,3437.5842317369284,16.881034920341982,31.30000000000001,ok
155.7,31.478999999999985,155.68,0.01999999999998181,11.143212237562992,18.359986371206283,1.7236480159172354,0.6000000239891848,0.2390223396854516,452097.10693359375,3450.1305650499157,16.93984461857986,31.400000000000006,ok
155.8,31.579000000000008,155.78,0.020000000000010232,11.13363077120571,18.419215762643354,1.7373333097032577,0.6000000239803847,-0.016547989998282643,451853.21044921875,3462.685430569121,16.999843996139642,31.5,ok
155.9,31.679000000000002,155.88,0.020000000000010232,11.123844675214878,18.478412116138827,1.725449464897971,0.6000000239717903,-0.27206722832624813,451608.3984375,3475.2335084703245,17.059843795655162,31.599999999999994,ok
156.0,31.778999999999996,155.98,0.020000000000010232,11.117326382957055,18.536238459720543,1.6940159107615267,0.6000000239644332,-0.21632086408249535,451362.6708984375,3487.774773322212,17.11803635657139,31.69999999999999,ok
156.1,31.87899999999999,156.08,0.01999999999998181,11.11091137690792,18.595417221137296,1.6773971235205003,0.6000000239565048,-0.20402171510876876,451116.02783203125,3500.3091996934713,17.177561797396567,31.80000000000001,ok
156.2,31.978999999999985,156.18,0.01999999999998181,11.105126085482198,18.655135871072925,1.6489985893780235,0.6000000239493957,-0.3916765723785725,450619.7814941406,3512.833308156334,17.237560020262038,31.900000000000006,ok
156.3,32.07900000000001,156.28,0.020000000000010232,11.101488086817765,18.715020390901792,1.6032724797059414,0.6000000239423671,-0.4500585028367794,450370.1171875,3525.347056749134,17.297554942959014,32.0,ok
156.4,32.179,156.38,0.020000000000010232,11.097300505716666,18.77360228021929,1.5690604975558013,0.6000000239364579,-0.2609109061497754,451207.6416015625,3537.868970065648,17.356286310995916,32.099999999999994,ok
156.5,32.278999999999996,156.48,0.020000000000010232,11.096959873830087,18.83315564467033,1.5519036313928085,0.6000000239302222,-0.14933110388839008,450954.8645019531,3550.399004872641,17.415840649607983,32.19999999999999,ok
156.6,32.37899999999999,156.58,0.01999999999998181,11.098467389024405,18.89313611745906,1.5361001762965056,0.6000000239247021,-0.15993563939295563,450701.171875,3562.922005377879,17.475840063921964,32.30000000000001,ok
156.7,32.478999999999985,156.68,0.01999999999998181,11.100909017706938,18.95308591559874,1.5214624295035033,0.6000000239198756,-0.12388495535820332,449103.6682128906,3575.4192948235436,17.53583956264997,32.400000000000006,ok
156.8,32.57900000000001,156.78,0.020000000000010232,11.104043413986435,19.013003928183338,1.5192419787763178,0.600000023914301,0.10943585986740911,448846.2829589844,3587.890821923152,17.59583950158431,32.5,ok
156.9,32.679,156.88,0.020000000000010232,11.110414345781754,19.07334815575357,1.5246488912225813,0.6000000239108007,0.1910352609207856,448587.40234375,3600.355178663467,17.656519107490983,32.599999999999994,ok
157.0,32.778999999999996,156.98,0.020000000000010232,11.113514640763242,19.133293376576123,1.5522993973571055,0.6000000239065144,0.4431837173296215,448326.96533203125,3612.8123226589632,17.71654444654406,32.69999999999999,ok
157.1,32.87899999999999,157.08,0.01999999999998181,11.113443758297405,19.193286935935564,1.6047894352957048,0.6000000239021356,0.5122993179575442,448064.8193359375,3625.2622085571325,17.776538047777347,32.80000000000001,ok
157.2,32.978999999999985,157.18,0.01999999999998181,11.110298719851615,19.253199872946322,1.6458088528083301,0.6000000238983586,0.2568732276964954,447535.15625,3637.7010971069362,17.836533475003765,32.900000000000006,ok
157.3,33.07900000000001,157.28,0.020000000000010232,11.105309733273677,19.312991299447145,1.6612757690908266,0.6000000238944578,0.0012381822341161475,447267.4865722656,3650.128911590578,17.896532680582492,33.0,ok
157.4,33.179,157.38,0.020000000000010232,11.100003056976718,19.372756030347244,1.6529137139397514,0.6000000238911297,-0.13432460101497146,446997.8332519531,3662.5492632548026,17.956532546189692,33.099999999999994,ok
157.5,33.278999999999996,157.48,0.020000000000010232,11.096983081921653,19.438689929901855,1.6483674918609563,0.6000000238883607,0.09515350573191825,447827.4841308594,3674.9773926628964,18.022535571573464,33.19999999999999,ok
157.6,33.37899999999999,157.58,0.01999999999998181,11.092106669626023,19.498491232299568,1.6577175228341086,0.6000000238847175,0.11263219828882765,447556.33544921875,3687.4132790459557,18.082535364617602,33.30000000000001,ok
157.7,33.478999999999985,157.68,0.01999999999998181,11.086559945685934,19.558233751513182,1.6728175039097144,0.6000000238819645,0.12198990555715024,447007.8430175781,3699.8377815246604,18.142534820852276,33.400000000000006,ok
157.8,33.57900000000001,157.78,0.020000000000010232,11.080278927777496,19.617904019471894,1.676252642480804,0.6000000238797355,-0.011362670858459004,446730.28564453125,3712.2508110894114,18.20253475472083,33.5,ok
157.9,33.679,157.88,0.020000000000010232,11.07399033746277,19.677573558996652,1.6750932928760651,0.6000000238773096,-0.01315640934196835,446450.439453125,3724.656098937989,18.262534757347858,33.599999999999994,ok
158.0,33.778999999999996,157.98,0.020000000000010232,11.066263645417399,19.732880295063463,1.6757384217126314,0.6000000238750324,-0.09236498002193998,446168.15185546875,3737.05357937283,18.318378618463722,33.69999999999999,ok
158.1,33.87899999999999,158.08,0.01999999999998181,11.058145845986534,19.786927202510785,1.6594222043844407,0.6000000238732499,-0.34749250684868244,445883.3923339844,3749.443184153242,18.373031769079393,33.80000000000001,ok
158.201,33.97999999999999,158.18,0.020999999999986585,11.053301809702866,19.845606676235278,1.6160088341089915,0.600000023870888,-0.5096885742715516,445596.0998535156,3761.8248437669563,18.43191084281617,33.900000000000006,ok
158.3,34.07900000000001,158.28,0.020000000000010232,11.05179307746436,19.905581835784474,1.5687116341347482,0.6000000238690043,-0.39762426181270455,445013.427734375,3774.1944205390096,18.491904976162015,34.0,ok
158.405,34.184,158.38,0.025000000000005684,11.052786340573702,19.965570807340693,1.5371315845844586,0.6000000238676062,-0.25932671961464493,444717.9260253906,3786.5518004523387,18.55190217009621,34.099999999999994,ok
158.5,34.278999999999996,158.48,0.020000000000010232,11.057695781314964,20.032920010450386,1.5041223231301555,0.6000000238659315,-0.2855293345777284,444419.5861816406,3798.9009325663246,18.619430073720583,34.19999999999999,ok
158.6,34.37899999999999,158.58,0.01999999999998181,11.062253874637685,20.092745563427325,1.4858154451692447,0.6000000238647286,-0.029557719224957972,444118.2556152344,3811.2417359246174,18.679429015409042,34.30000000000001,ok
158.7,34.478999999999985,158.68,0.01999999999998181,11.06729547182562,20.152533306809236,1.4930643817626283,0.6000000238625555,0.2258314727503486,443506.4392089844,3823.569856686064,18.73942894841656,34.400000000000006,ok
158.8,34.57900000000001,158.78,0.020000000000010232,11.07129264419251,20.212397807591362,1.5257492246861206,0.600000023861893,0.47725996106682683,443195.8923339844,3835.8851668463826,18.799426747049708,34.5,ok
158.9,34.679,158.88,0.020000000000010232,11.072743676687622,20.272373223346428,1.580413513296762,0.6000000238598936,0.5779268629891752,442882.0495605469,3848.1918049282503,18.859419713223208,34.599999999999994,ok
159.0,34.778999999999996,158.98,0.020000000000010232,11.073769746819295,20.32553273766336,1.6319011826609622,0.6000000238593943,0.5202853753066337,442564.94140625,3860.4896798027885,18.91258912907788,34.69999999999999,ok
159.1,34.87899999999999,159.08,0.01999999999998181,11.069754868789111,20.3835782896584,1.6725683608395345,0.6000000238593244,0.2963915868455751,442244.5068359375,3872.7786999172663,18.97077336536234,34.80000000000001,ok
159.2,34.978999999999985,159.18,0.01999999999998181,11.063073377572852,20.443203924081974,1.6920051044744453,0.600000023856482,0.04148063385653478,441920.71533203125,3885.058772447376,19.030772187061494,34.900000000000006,ok
159.3,35.07900000000001,159.28,0.020000000000010232,11.055842150662674,20.502766527153106,1.6858952278361519,0.6000000238554812,-0.21464488085590475,441262.6647949219,3897.325208282472,19.09077213978844,35.0,ok
159.4,35.179,159.38,0.020000000000010232,11.049472862535291,20.56242632901405,1.6624221885695858,0.6000000238545418,-0.3378772873168482,442123.35205078125,3909.5944585164393,19.15077097135487,35.099999999999994,ok
159.5,35.278999999999996,159.48,0.020000000000010232,11.042735061381714,20.62108175236194,1.6265627113277745,0.6000000238536599,-0.43898623395277964,441790.2526855469,3921.871036359999,19.209812115081135,35.19999999999999,ok
159.6,35.37899999999999,159.58,0.01999999999998181,11.039835555086151,20.680704132581052,1.5853440380021064,0.6000000238535426,-0.3166006119227134,441453.61328125,3934.138312276207,19.269504956860956,35.30000000000001,ok
159.7,35.478999999999985,159.68,0.01999999999998181,11.039616795367024,20.740702178788712,1.5590241634374271,0.6000000238527655,-0.33636466428029166,441113.28125,3946.3961858113626,19.329503401878732,35.400000000000006,ok
159.801,35.579999999999984,159.78,0.020999999999986585,11.041116572128525,20.80068094610242,1.5288991482269616,0.6000000238513256,-0.23389711203288194,440421.3562011719,3958.639722442628,19.389500917317342,35.5,ok
159.9,35.679,159.88,0.020000000000010232,11.044159921283718,20.86060264029517,1.509031773040716,0.6000000238506408,-0.1588516842684278,440069.7021484375,3970.8687649197054,19.449499845716186,35.599999999999994,ok
160.0,35.778999999999996,159.98,0.020000000000010232,11.044865056678729,20.910247226714674,1.5002363018965914,0.6000000238503532,0.01496240972384378,439714.2333984375,3983.0879862467445,19.499149439638884,35.69999999999999,ok
160.1,35.87899999999999,160.08,0.01999999999998181,11.048043655322841,20.967531580381888,1.5126578701416367,0.6000000238493945,0.25454090648450106,439354.8278808594,3995.2972787645153,19.556521912693572,35.80000000000001,ok
160.2,35.978999999999985,160.18,0.01999999999998181,11.050975786105106,21.027458726156315,1.5343762958615013,0.6000000238491835,0.2203955813027063,437752.3498535156,4007.479322899714,19.61652074761221,35.900000000000006,ok
160.3,36.07900000000001,160.28,0.020000000000010232,11.052617966798188,21.087435002954432,1.5566201315371857,0.6000000238482965,0.15072655357519543,437380.2490234375,4019.63394232856,19.67651950206589,36.0,ok
160.4,36.179,160.38,0.020000000000010232,11.053107094099671,21.147432468107176,1.57179426107014,0.6000000238477974,0.15633365368175928,437004.1809082031,4031.778170522054,19.73651896098238,36.099999999999994,ok
160.5,36.278999999999996,160.48,0.020000000000010232,11.055938516974313,21.20574697354262,1.5817450219032734,0.6000000238480394,0.07250362683111186,436240.0817871094,4043.9065630594882,19.794902164899906,36.19999999999999,ok
160.6,36.37899999999999,160.58,0.01999999999998181,11.056078983507767,21.26523902719915,1.5783321444616816,0.600000023846889,-0.08960210917609807,435851.98974609375,4056.0189529418967,19.854394384383788,36.30000000000001,ok
160.7,36.478999999999985,160.68,0.01999999999998181,11.0558418581331,21.32523836874494,1.5701424865091822,0.6000000238464762,-0.00017003351240840042,435459.89990234375,4068.120506964791,19.914394194503252,36.400000000000006,ok
160.8,36.57900000000001,160.78,0.020000000000010232,11.055771867570474,21.385238214566055,1.5771052435864064,0.6000000238460886,0.09407708182020066,435063.720703125,4080.2111128065326,19.97439408114678,36.5,ok
160.9,36.679,160.88,0.020000000000010232,11.055162549060732,21.445234891290518,1.5874150841048031,0.6000000238457248,0.1188265471538338,434663.51318359375,4092.2906577216254,20.03439385187156,36.599999999999994,ok
161.0,36.778999999999996,160.98,0.020000000000010232,11.050252997875518,21.52408789920565,1.6007259142092187,0.6000000238457386,-0.05246931600849826,433850.6774902344,4104.353354814317,20.113399551350167,36.69999999999999,ok
161.1,36.87899999999999,161.08,0.01999999999998181,11.0487060268803,21.584067533335418,1.5852566556114234,0.6000000238450628,-0.30791184358104623,434728.94287109375,4116.416960652671,20.17339913159537,36.80000000000001,ok
161.204,36.983000000000004,161.2,0.004000000000019099,11.048913850411207,21.656061802117257,1.5417442124932415,0.6000000238447039,-0.4024157868886998,433900.2990722656,4130.8941146850575,20.245393700335324,36.91999999999999,ok
161.3,37.07900000000001,161.28,0.020000000000010232,11.050887614663242,21.704019257785777,1.5095217184088368,0.6000000238444794,-0.44125393263987756,432175.6591796875,4140.517180887859,20.293391755499265,37.0,ok
161.4,37.179,161.38,0.020000000000010232,11.05725519267182,21.765210475264524,1.457206733523927,0.6000000238449247,-0.49386503599816106,431746.5515136719,4152.5161004808215,20.354913387030187,37.099999999999994,ok
161.5,37.278999999999996,161.48,0.020000000000010232,11.06552474934895,21.82500563245208,1.4173607104118364,0.6000000238439652,-0.23817594506431838,431313.29345703125,4164.50304277208,20.415277667782306,37.19999999999999,ok
161.6,37.37899999999999,161.58,0.01999999999998181,11.075138309894136,21.884229800276326,1.4037620718597854,0.6000000238437316,-0.03856173108400395,430875.8544921875,4176.477892049155,20.47527702278576,37.30000000000001,ok
161.7,37.478999999999985,161.68,0.01999999999998181,11.085296163856313,21.943363488259976,1.3942510254638496,0.6000000238435123,-0.11686904719695393,430434.326171875,4188.440533447267,20.535276814882604,37.400000000000006,ok
161.8,37.57900000000001,161.78,0.020000000000010232,11.096109910594315,22.002380638147095,1.3832344181997434,0.6000000238433063,-0.032858937270446115,429538.6962890625,4200.384603203668,20.59527649070933,37.5,ok
161.9,37.679,161.88,0.020000000000010232,11.107254326213738,22.061336504629434,1.3901973524147078,0.6000000238434683,0.22257195173948321,427749.6643066406,4212.291385989719,20.655276425644146,37.599999999999994,ok
162.0,37.778999999999996,161.98,0.020000000000010232,11.118582478409127,22.100243034352125,1.418479413830997,0.6000000238429316,0.3483327433457436,427287.53662109375,4224.16690266927,20.695798581154737,37.69999999999999,ok
162.1,37.87899999999999,162.08,0.01999999999998181,11.126833701102942,22.15966969739608,1.4574241618844648,0.6000000238427613,0.4863139117450614,426821.2890625,4236.029525248211,20.75579533903783,37.80000000000001,ok
162.2,37.978999999999985,162.18,0.01999999999998181,11.132474423581284,22.219398495359773,1.5048413385779367,0.6000000238454436,0.4659227353316984,426350.9521484375,4247.879139709474,20.815789897593298,37.900000000000006,ok
162.3,38.07900000000001,162.28,0.020000000000010232,11.13525169557801,22.279328015973075,1.5565563301493743,0.6000000238424513,0.5566284317529027,425876.5563964844,4259.715632883708,20.87578373628265,38.0,ok
162.4,38.179,162.38,0.020000000000010232,11.13484167001376,22.3393204001533,1.6048441564606688,0.600000023843021,0.33674789574724867,425398.01025390625,4271.538890753852,20.935777521632392,38.099999999999994,ok
162.5,38.278999999999996,162.48,0.020000000000010232,11.131058889201618,22.403185633551793,1.6417637630052038,0.6000000238421782,0.37761029811089447,424428.7414550781,4283.342040083143,20.999754685274716,38.19999999999999,ok
162.6,38.37899999999999,162.58,0.01999999999998181,11.124687191408928,22.467817395918992,1.6744059067417962,0.6000000238420541,0.24077006554393565,423937.98828125,4295.124911329483,21.064699763913914,38.30000000000001,ok
162.7,38.478999999999985,162.68,0.01999999999998181,11.117565028531901,22.528383790274127,1.7037486256775933,0.6000000238422928,0.29736195687547046,423443.17626953125,4306.894094170466,21.12568347755312,38.400000000000006,ok
162.8,38.57900000000001,162.78,0.020000000000010232,11.109026545254563,22.587771937812622,1.723248231768826,0.6000000238418282,0.04166513026470961,422944.3054199219,4318.649475860597,21.18568229224751,38.5,ok
162.9,38.679,162.88,0.020000000000010232,11.099937156584259,22.647079418214037,1.71779577478858,0.6000000238417255,-0.13277370725304102,423816.5283203125,4330.410042995877,21.245682244063858,38.599999999999994,ok
163.0,38.778999999999996,162.98,0.020000000000010232,11.088885877889686,22.69217486023576,1.7061839513016506,0.6000000238419844,-0.25719806161343184,423312.8356933594,4342.175728607177,21.292112079858523,38.69999999999999,ok
163.1,38.87899999999999,163.08,0.01999999999998181,11.080676399689928,22.748067658780744,1.6790868286741458,0.6000000238418939,-0.37548220416921746,422805.0537109375,4353.927365960017,21.34860456131847,38.80000000000001,ok
163.2,38.978999999999985,163.18,0.01999999999998181,11.075080507138894,22.80780286260444,1.6439004930106809,0.6000000238421642,-0.23990170801321153,421777.3132324219,4365.657676612007,21.408601299473982,38.900000000000006,ok
163.3,39.07900000000001,163.28,0.020000000000010232,11.07122295793103,22.86767759385973,1.6199917426835295,0.6000000238420844,-0.35708434297814046,421257.26318359375,4377.36649017334,21.46860016720317,39.0,ok
163.4,39.179,163.38,0.020000000000010232,11.06917526114565,22.927639216870134,1.5838405500467492,0.600000023841299,-0.3169098445362242,420733.21533203125,4389.0608023749455,21.528596744573605,39.099999999999994,ok
163.501,39.28,163.48,0.021000000000015007,11.070214844704058,22.999142026487966,1.551554274595943,0.6000000238412287,-0.2985986254480644,420205.1086425781,4400.740501319036,21.600107111075385,39.19999999999999,ok
163.6,39.37899999999999,163.58,0.01999999999998181,11.072348223054577,23.061977183876788,1.5255350210204957,0.6000000238411628,-0.16313994772517157,419136.6882324219,4412.398026275636,21.66297847424865,39.30000000000001,ok
163.7,39.478999999999985,163.68,0.01999999999998181,11.075424614085588,23.12189778258806,1.5137095998842667,0.6000000238414562,0.013623053127657679,418596.435546875,4424.033208550348,21.7229779936775,39.400000000000006,ok
163.8,39.57900000000001,163.78,0.020000000000010232,11.078844686671863,23.181800222431676,1.5116404461814834,0.6000000238410428,-0.056636006747374734,418052.1545410156,4435.653327857123,21.78297798697511,39.5,ok
163.9,39.679,163.88,0.020000000000010232,11.0824841690056,23.2416897170739,1.5087674135768017,0.6000000238413435,0.011044588992204805,417503.90625,4447.258273145887,21.84297796530976,39.599999999999994,ok
164.001,39.78,163.98,0.021000000000015007,11.089349623402397,23.30025760700802,1.508902428263032,0.6000000238412923,0.09472610704699708,416395.263671875,4458.840206061468,21.901946874027914,39.69999999999999,ok
164.1,39.87899999999999,164.08,0.01999999999998181,11.093668452895834,23.359729471902376,1.5175614246117362,0.6000000238408889,0.08741792013773121,415834.9304199219,4470.3989587571905,21.961575348787928,39.80000000000001,ok
164.2,39.978999999999985,164.18,0.01999999999998181,11.096764089456384,23.419649540881036,1.5188463998526691,0.6000000238408438,-0.01980791416189225,415270.6604003906,4481.942091963027,22.02157532905561,39.900000000000006,ok
164.305,40.084,164.28,0.025000000000005684,11.099920451926382,23.479566458353162,1.5189363240384437,0.6000000238408014,0.057506829452538724,414702.3620605469,4493.469495052762,22.081575325917306,40.0,ok
164.4,40.179,164.38,0.020000000000010232,11.102890076464742,23.539492840789105,1.5251428254159647,0.6000000238407617,0.06892833428079924,412703.9489746094,4504.961249372694,22.141575242431898,40.099999999999994,ok
164.501,40.28,164.48,0.021000000000015007,11.103694061403713,23.59878518674653,1.5299036738851115,0.6000000238407244,-0.06500366689270441,412125.3967285156,4516.417212507458,22.20087303902601,40.19999999999999,ok
164.603,40.382000000000005,164.58,0.022999999999996135,11.105837852523852,23.65853679339348,1.5217572554148506,0.6000000238413998,-0.06924474541064504,410956.5734863281,4527.848906538223,22.260663091185705,40.30000000000001,ok
164.701,40.47999999999999,164.68,0.020999999999986585,11.108822160550288,23.718462509040986,1.5250676144519766,0.6000000238410117,0.18552443780752845,410366.3330078125,4539.256169128418,22.32066307027122,40.400000000000006,ok
164.8,40.57900000000001,164.78,0.020000000000010232,11.111044466553329,23.778420096587187,1.5476928809878472,0.6000000238406256,0.23291110166705764,409772.15576171875,4550.646981472439,22.380661828161124,40.5,ok
164.9,40.679,164.88,0.020000000000010232,11.111695812511643,23.839393360716986,1.5702647503808724,0.6000000238405966,0.22004076165444209,409174.1027832031,4562.02123506334,22.441638571188278,40.599999999999994,ok
165.001,40.78,164.98,0.021000000000015007,11.11115178332548,23.899635199976945,1.5923807493435322,0.6000000238405694,0.22154774078941245,408572.1740722656,4573.378822241888,22.501882866894828,40.69999999999999,ok
165.1,40.87899999999999,165.08,0.01999999999998181,11.109269569980546,23.9596040676096,1.6187828064178984,0.6000000238405439,0.2898470763345129,407356.6589355469,4584.7111671447765,22.56188126530861,40.80000000000001,ok
165.2,40.978999999999985,165.18,0.01999999999998181,11.10577540912289,24.01950086723041,1.6399928062896554,0.6000000238408751,0.10052731739696338,406743.10302734375,4596.01810828315,22.621879896667288,40.900000000000006,ok
165.3,41.07900000000001,165.28,0.020000000000010232,11.101324391804123,24.079335105008692,1.6534974658656625,0.6000000238404973,0.14822245217240101,406125.7019042969,4607.307952796088,22.68187945971303,41.0,ok
165.4,41.179,165.38,0.020000000000010232,11.09601393668602,24.13909910969815,1.6679497960650465,0.6000000238408315,0.07940895403205621,406955.078125,4618.600741407606,22.741878936294775,41.099999999999994,ok
165.5,41.278999999999996,165.48,0.020000000000010232,11.089942848684647,24.193959119714293,1.66566834128341,0.6000000238411669,-0.1763663632649879,406331.6650390625,4629.896390618217,22.797073852804285,41.19999999999999,ok
165.6,41.37899999999999,165.58,0.01999999999998181,11.084757037027133,24.252524393103386,1.6378359056862564,0.6000000238411483,-0.43032415199106255,405073.0285644531,4641.165900251602,22.85586827337024,41.30000000000001,ok
165.7,41.478999999999985,165.68,0.01999999999998181,11.081808418567704,24.31244711322367,1.5955535302744315,0.6000000238407756,-0.29843495386560265,404437.8967285156,4652.409107547337,22.91586349599199,41.400000000000006,ok
165.8,41.57900000000001,165.78,0.020000000000010232,11.08093477698655,24.372439423497383,1.5739487683127809,0.6000000238404039,-0.14248981482868667,403798.8586425781,4663.634618038602,22.97586216715719,41.5,ok
165.9,41.679,165.88,0.020000000000010232,11.081112814890147,24.432438529515743,1.5555577778413332,0.6000000238403885,-0.3136779819131945,403155.8837890625,4674.842322794596,23.035861537324696,41.599999999999994,ok
166.0,41.778999999999996,165.98,0.020000000000010232,11.08047291972699,24.48830111859889,1.5174278370959484,0.6000000238414398,-0.5694717965351453,402509.033203125,4686.032113308375,23.091727791225352,41.69999999999999,ok
166.1,41.87899999999999,166.08,0.01999999999998181,11.084958609262832,24.54812675079989,1.4682506005576945,0.6000000238403604,-0.34443253588995437,401858.2458496094,4697.203881072999,23.15172135487064,41.80000000000001,ok
166.2,41.978999999999985,166.18,0.01999999999998181,11.091948735589723,24.607714898194047,1.4288961015905801,0.600000023840703,-0.5132816505849533,400545.0744628906,4708.348371632895,23.21171809791502,41.900000000000006,ok
166.3,42.07900000000001,166.28,0.020000000000010232,11.101530109558047,24.666940279597835,1.3877805558199576,0.6000000238410463,-0.2579459477644527,398415.8630371094,4719.445051320394,23.271713502151886,42.0,ok
166.4,42.179,166.38,0.020000000000010232,11.112937251633968,24.72584512013538,1.3722226060911134,0.6000000238406799,-0.002190735037233403,397748.4130859375,4730.502888488769,23.331712694888903,42.099999999999994,ok
166.5,42.278999999999996,166.48,0.020000000000010232,11.128801260874448,24.78465646317399,1.375944098424753,0.6000000238406693,0.25326465108760754,397077.08740234375,4741.542131551106,23.392626083065785,42.19999999999999,ok
166.6,42.37899999999999,166.58,0.01999999999998181,11.140761975269783,24.843476866520955,1.408708531915985,0.6000000238403042,0.4064943508303668,396401.91650390625,4752.562673272028,23.452650232695298,42.30000000000001,ok
166.7,42.478999999999985,166.68,0.01999999999998181,11.149470847868285,24.902837302817517,1.4512428163742954,0.6000000238402948,0.461797212132286,395040.10009765625,4763.554923502605,23.512646114714443,42.400000000000006,ok
166.801,42.579999999999984,166.78,0.020999999999986585,11.155541531825614,24.962524517293662,1.4960048104759627,0.6000000238402861,0.4377507688553312,392877.9296875,4774.498229471842,23.572641254314508,42.5,ok
166.9,42.679,166.88,0.020000000000010232,11.158955270562643,25.022422368670128,1.5435245650370122,0.600000023840278,0.5646423652266453,392186.5539550781,4785.401902855766,23.632636305874463,42.599999999999994,ok
167.0,42.778999999999996,166.98,0.020000000000010232,11.1575296436318,25.099144044007787,1.5986384803965787,0.6000000238406256,0.3959745072585329,391491.39404296875,4796.286318800183,23.709371225427187,42.69999999999999,ok
167.1,42.87899999999999,167.08,0.01999999999998181,11.155032339923817,25.159089582081354,1.6280147891742915,0.6000000238402631,0.14044560220281685,390089.6911621094,4807.141611650256,23.769368759215997,42.80000000000001,ok
167.2,42.978999999999985,167.18,0.01999999999998181,11.151318222805038,25.21897419757795,1.6416561007220842,0.600000023839901,0.2443291376529048,389383.1787109375,4817.967623731825,23.829368441208047,42.900000000000006,ok
167.3,43.07900000000001,167.28,0.020000000000010232,11.146567143757105,25.278784910075508,1.6581328017454642,0.6000000238402499,0.04621884473315922,390152.8015136719,4828.794512346056,23.8893675585481,43.0,ok
167.4,43.179,167.38,0.020000000000010232,11.141223324084832,25.338546417389804,1.6621300786066564,0.600000023840244,-0.035868876587019094,389439.2395019531,4839.622179582383,23.949367509924464,43.099999999999994,ok
167.5,43.278999999999996,167.48,0.020000000000010232,11.132343605015004,25.397583149048096,1.664335894821575,0.6000000238402383,0.044721067070045514,388721.8933105469,4850.429973093667,24.00906830636515,43.19999999999999,ok
167.6,43.37899999999999,167.58,0.01999999999998181,11.125497550214469,25.45698596792732,1.6790355300015873,0.6000000238405884,0.12908058428684696,387275.6652832031,4861.207716963027,24.068864320924064,43.30000000000001,ok
167.7,43.478999999999985,167.68,0.01999999999998181,11.118829873039902,25.516614248324338,1.6817246312967864,0.6000000238402282,-0.12646658011014394,386546.7834472656,4871.955250973172,24.128864235440748,43.400000000000006,ok
167.8,43.57900000000001,167.78,0.020000000000010232,11.11260713481075,25.576289712983254,1.6609450999322417,0.6000000238402236,-0.23932032736972622,385814.0869140625,4882.682485283745,24.188863265043953,43.5,ok
167.9,43.679,167.88,0.020000000000010232,11.107772444599998,25.63609328539896,1.638943179195694,0.6000000238409298,-0.11426357825755717,385077.5451660156,4893.389313507079,24.248861944222035,43.599999999999994,ok
168.0,43.778999999999996,167.98,0.020000000000010232,11.105649907164,25.692181213823332,1.6324409387016787,0.6000000238402151,0.0014880444409865834,384337.1887207031,4904.075629255505,24.304990019907066,43.69999999999999,ok
168.1,43.87899999999999,168.08,0.01999999999998181,11.102419543927706,25.75109178321052,1.6342649849114181,0.6000000238402112,0.08068614591524438,382844.970703125,4914.730937025283,24.36398909135875,43.80000000000001,ok
168.2,43.978999999999985,168.18,0.01999999999998181,11.098427412803767,25.81095869261909,1.6401985975871638,0.600000023840563,-0.04978622090497035,383574.1882324219,4925.375647566054,24.423988957633973,43.900000000000006,ok
168.3,44.07900000000001,168.28,0.020000000000010232,11.094456529936421,25.870826916408735,1.6281405250443912,0.6000000238405596,-0.2152289916774801,382818.5119628906,4936.0199906243215,24.48398872538747,44.0,ok
168.4,44.179,168.38,0.020000000000010232,11.091613448644216,25.93090818019951,1.6011315908803332,0.6000000238402011,-0.30144591569812335,382058.9904785156,4946.64328926934,24.544137219715513,44.099999999999994,ok
168.5,44.278999999999996,168.48,0.020000000000010232,11.090439269571478,25.990932797489357,1.5787582200527568,0.6000000238409087,-0.12221990721796959,381295.59326171875,4957.245436265732,24.604173320332453,44.19999999999999,ok
168.6,44.37899999999999,168.58,0.01999999999998181,11.090374888374617,26.050931819963726,1.5578517893365178,0.6000000238405506,-0.23703133709768598,379757.2021484375,4967.815613979764,24.664172377348528,44.30000000000001,ok
168.7,44.478999999999985,168.68,0.01999999999998181,11.091597672331282,26.110918721871876,1.544373429565774,0.6000000238405481,-0.047861994638246516,378982.2082519531,4978.353661346436,24.724171740688007,44.400000000000006,ok
168.8,44.57900000000001,168.78,0.020000000000010232,11.093408405416387,26.170891067931898,1.5323898362837642,0.6000000238405455,-0.13545203555443208,378203.3386230469,4988.870127275254,24.78417141607253,44.5,ok
168.9,44.679,168.88,0.020000000000010232,11.095915138552563,26.230838577299785,1.5290386959222009,0.6000000238405433,0.09436643169192306,377420.59326171875,4999.364904106987,24.844171312659352,44.599999999999994,ok
169.0,44.778999999999996,168.98,0.020000000000010232,11.098335417685963,26.301016596411984,1.529374547479632,0.6000000238408963,-0.002637904837722152,375843.56689453125,5009.826906331378,24.914391054310798,44.69999999999999,ok
169.1,44.87899999999999,169.08,0.01999999999998181,11.10080368003208,26.36352252840159,1.5308955123193169,0.6000000238401838,0.035167080152539214,373570.5871582031,5020.2354362487795,24.976945701243686,44.80000000000001,ok
169.2,44.978999999999985,169.18,0.01999999999998181,11.103113012538834,26.423478043040696,1.5339374459059933,0.6000000238401819,-0.039078672354872335,372772.9797363281,5030.601319122314,25.036945674179236,44.900000000000006,ok
169.3,45.07900000000001,169.28,0.020000000000010232,11.105467590550235,26.483431726235963,1.5292329226007153,0.6000000238408906,0.05874326327093785,371971.5576171875,5040.944993252223,25.09694557556491,45.0,ok
169.4,45.179,169.38,0.020000000000010232,11.10893193340331,26.53523679636104,1.5431788641913322,0.6000000238408889,0.311884238581147,371166.32080078125,5051.266352674694,25.148866351387962,45.099999999999994,ok
169.5,45.278999999999996,169.48,0.020000000000010232,11.110058012235207,26.59317115157453,1.5818806252719548,0.6000000238401768,0.4374880711605397,370357.2998046875,5061.565291849769,25.206811649450344,45.19999999999999,ok
169.6,45.37899999999999,169.58,0.01999999999998181,11.108383390187532,26.653143775140055,1.6202504373893107,0.6000000238430175,0.2897367913862142,368727.96630859375,5071.830364990234,25.266807648786422,45.30000000000001,ok
169.7,45.478999999999985,169.68,0.01999999999998181,11.104734495622298,26.713030810284216,1.6482836808560637,0.6000000238401739,0.2742237732951713,367907.65380859375,5082.061415269638,25.326805743838733,45.400000000000006,ok
169.8,45.57900000000001,169.78,0.020000000000010232,11.099523795592994,26.77280298491679,1.6674329063270055,0.6000000238401726,0.09901613307652982,368556.7932128906,5092.290088144936,25.386804612620587,45.5,ok
169.9,45.679,169.88,0.020000000000010232,11.092681128238013,26.84180152777467,1.6771810485534682,0.6000000238401714,0.07931964262155117,367728.02734375,5102.516266208222,25.456141623033798,45.599999999999994,ok
170.0,45.778999999999996,169.98,0.020000000000010232,11.085951824209292,26.903763396841587,1.6802541772997597,0.6000000238401703,-0.007467865284877435,366059.14306640625,5112.70775468614,25.518467835424545,45.69999999999999,ok
170.1,45.87899999999999,170.08,0.01999999999998181,11.079488601795196,26.963414198434666,1.6744927120673503,0.6000000238401691,-0.10068559079650824,365219.0246582031,5122.864395904539,25.57846776354676,45.80000000000001,ok
170.2,45.978999999999985,170.18,0.01999999999998181,11.07351832879887,27.023116182859287,1.664336135825767,0.6000000238401682,-0.10522805560039217,364375.1525878906,5132.99764836629,25.638467522745348,45.900000000000006,ok
170.3,46.07900000000001,170.28,0.020000000000010232,11.068165360641203,27.08287665647862,1.653413299846372,0.6000000238401672,-0.13139120301711,363527.4353027344,5143.107406531437,25.698467260038974,46.0,ok
170.402,46.18099999999998,170.38,0.02199999999999136,11.063527817673567,27.142696754148346,1.6403470790057146,0.6000000238401663,-0.1298298915603763,362675.9948730469,5153.193565283877,25.758466850787514,46.099999999999994,ok
170.5,46.278999999999996,170.48,0.020000000000010232,11.058764645292475,27.183972279980875,1.6295062676967056,0.6000000238401655,-0.11124477198957024,361820.80078125,5163.256020779076,25.800016301372132,46.19999999999999,ok
170.6,46.37899999999999,170.58,0.01999999999998181,11.055254722284857,27.23922401554559,1.6200334044156328,0.6000000238401647,-0.07419151934841965,360961.8835449219,5173.294669172497,25.855379410410848,46.30000000000001,ok
170.7,46.478999999999985,170.68,0.01999999999998181,11.052478602733807,27.299159630610134,1.6128004169924994,0.6000000238401639,-0.06930519309319079,360099.2126464844,5183.3094066196,25.915379283685102,46.400000000000006,ok
170.8,46.57900000000001,170.78,0.020000000000010232,11.050101752307544,27.359112467049886,1.6079067728174992,0.6000000238401633,-0.03421234975886497,358362.73193359375,5193.288044738767,25.975379217144404,46.5,ok
170.9,46.679,170.88,0.020000000000010232,11.048796317032917,27.431367634518644,1.6043349856399984,0.6000000238401626,-0.008405189581267403,358944.6716308594,5203.25064756605,26.047646176311055,46.599999999999994,ok
171.0,46.778999999999996,170.98,0.020000000000010232,11.04702260157488,27.494399976147783,1.6042063826854742,0.6000000238401619,0.010225746806020824,358065.7043457031,5213.2091250101685,26.1107034689724,46.69999999999999,ok
171.1,46.87899999999999,171.08,0.01999999999998181,11.044961086113837,27.554364520126818,1.608535378567003,0.6000000238401614,0.07481705878054884,356296.5393066406,5223.130822838675,26.170703438810808,46.80000000000001,ok
171.2,46.978999999999985,171.18,0.01999999999998181,11.04258309488797,27.614287365541266,1.6112401392507287,0.5970000297929009,-0.01276880155194085,355406.43310546875,5233.015586344398,26.230673450023364,46.900000000000006,ok
171.3,47.07900000000001,171.28,0.020000000000010232,11.040398667513337,27.669724252066246,1.6079493770815816,0.5295419776943794,-0.06989531946587697,354512.63427734375,5242.87557339138,26.28615335729202,47.0,ok
171.4,47.179,171.38,0.020000000000010232,11.03921331733193,27.72521715415767,1.599062211724638,0.5031596570855797,-0.06241191347153033,353615.1428222656,5252.710681406652,26.3416589177124,47.099999999999994,ok
171.5,47.278999999999996,171.48,0.020000000000010232,11.038169698232696,27.772814764739543,1.5921537125678267,0.44870058129043827,-0.05937604954959016,352713.9892578125,5262.520808241097,26.38926796804874,47.19999999999999,ok
171.601,47.379999999999995,171.58,0.020999999999986585,11.037385679030063,27.814723560921585,1.5856788204410763,0.4007632926601255,-0.04374456210649021,351809.2346191406,5272.305853017168,26.431184097206117,47.30000000000001,ok
171.7,47.478999999999985,171.68,0.01999999999998181,11.036934767518801,27.85054983822916,1.5810479125664996,0.3063698365169792,-0.04235728837620349,350900.7568359375,5282.065714009599,26.46701321199996,47.400000000000006,ok
171.8,47.57900000000001,171.78,0.020000000000010232,11.03670862072376,27.878635317348188,1.576795072106153,0.24073406376243373,-0.00021715643443508473,350900.7568359375,5291.8129572550415,26.49509960158136,47.5,ok
171.9,47.679,171.88,0.020000000000010232,11.036669286522034,27.892711083653737,1.5767934405957114,0.04073406172902646,-4.9799726803720725e-05,350900.7568359375,5301.560200500484,26.509175422845775,47.599999999999994,ok
172.0,47.778999999999996,171.98,0.020000000000010232,11.03513395075877,27.883308864933525,1.5802782105808195,-1.2329106728603545e-08,-1.4395071446335691e-05,350900.7568359375,5311.307443745926,26.518702173223982,47.69999999999999,ok
172.1,47.87899999999999,172.08,0.01999999999998181,11.035127192504063,27.883308447897747,1.5802829282263637,-1.15734969212411e-08,2.4962372073016192e-05,350900.7568359375,5321.054686991371,26.518708944333603,47.80000000000001,ok
172.2,47.978999999999985,172.18,0.01999999999998181,11.035121237775396,27.883308080417592,1.5802735615519663,-1.0864195917892339e-08,0.000397068821641799,350900.7568359375,5330.801930236814,26.51871491039052,47.900000000000006,ok
172.3,48.07900000000001,172.28,0.020000000000010232,11.035115990475802,27.883307756599127,1.5802694858454913,-1.0198365605999793e-08,4.67110670032659e-05,350900.7568359375,5340.549173482256,26.518720167672274,48.0,ok
172.401,48.18000000000001,172.38,0.021000000000015007,11.035381771625294,27.88323445377476,1.578882230316576,-9.573341811994207e-09,-3.663723190015639e-05,350900.7568359375,5350.296416727699,26.518995872085526,48.099999999999994,ok
172.503,48.28199999999998,172.5,0.002999999999985903,11.03544118464617,27.88320740392376,1.5785463068723768,-8.873667500450266e-09,-9.831986956537858e-05,350900.7568359375,5361.9931086222305,26.519061153028296,48.22,ok
172.6,48.37899999999999,172.58,0.01999999999998181,11.035438350302169,27.883207233900848,1.5785374893481816,-8.435863467839977e-09,0.0001359921494334949,350900.7568359375,5369.790903218586,26.519063992467274,48.30000000000001,ok
172.7,48.478999999999985,172.68,0.01999999999998181,11.035435187821856,27.883207044194467,1.578549102872099,-7.91885754799354e-09,0.00018817509593148948,350900.7568359375,5379.538146464029,26.519067160632396,48.400000000000006,ok
172.8,48.57900000000001,172.78,0.020000000000010232,11.035432402085236,27.88320687703583,1.5785469794875935,-7.433537195945111e-09,-0.00041720723871522224,350900.7568359375,5389.285389709471,26.519069951379702,48.5,ok
172.9,48.679,172.88,0.020000000000010232,11.035429945340782,27.883206729722744,1.578536980382205,-6.977960508459252e-09,-9.957316527545247e-05,350900.7568359375,5399.032632954913,26.51907241253684,48.599999999999994,ok
173.0,48.778999999999996,172.98,0.020000000000010232,11.035427779604147,27.883206599905805,1.578522045255794,-6.550304595606682e-09,0.00031208955160941135,350900.7568359375,5408.779876200356,26.51907458216068,48.69999999999999,ok
173.1,48.87899999999999,173.08,0.01999999999998181,11.03542587061747,27.883206485508644,1.5785326771449522,-6.148858286685738e-09,3.0177674129778048e-06,350900.7568359375,5418.527119445801,26.519076494571944,48.80000000000001,ok
173.2,48.978999999999985,173.18,0.01999999999998181,11.035424188860198,27.883206384706778,1.5785244404651957,-5.772015281967774e-09,9.670974308198627e-05,350900.7568359375,5428.274362691243,26.51907817934746,48.900000000000006,ok
173.3,49.07900000000001,173.28,0.020000000000010232,11.035422706025736,27.883206295874732,1.5785175980053416,-5.418267727715087e-09,-0.00017908438584276348,350900.7568359375,5438.021605936686,26.519079664840365,49.0,ok
173.4,49.179,173.38,0.020000000000010232,11.035421398812575,27.883206217592914,1.578520924402414,-5.0862001806442625e-09,0.00012382507529842577,350900.7568359375,5447.768849182128,26.51908097439536,49.099999999999994,ok
173.5,49.278999999999996,173.48,0.020000000000010232,11.035420247493882,27.883206148616566,1.5785275142129422,-4.774483945355068e-09,-9.92701515468741e-06,350900.7568359375,5457.516092427571,26.519082127778415,49.19999999999999,ok
173.6,49.37899999999999,173.58,0.01999999999998181,11.035419233261898,27.88320608783787,1.578518276749757,-4.481871757403e-09,-8.54304796092141e-05,350900.7568359375,5467.263335673016,26.519083143829874,49.30000000000001,ok
173.7,49.478999999999985,173.68,0.01999999999998181,11.035418338618374,27.883206034273453,1.5785270446081638,-4.2071927942345655e-09,0.0002487487523423622,350900.7568359375,5477.010578918458,26.519084040075477,49.400000000000006,ok
173.8,49.57900000000001,173.78,0.020000000000010232,11.035417551531134,27.883205987082977,1.5785306203804084,-3.949347988398133e-09,3.0360092048550355e-05,350900.7568359375,5486.7578221639005,26.51908482857612,49.5,ok
173.9,49.679,173.88,0.020000000000010232,11.035416858166554,27.883205945500972,1.578539303773372,-3.7073056298030788e-09,2.0226445475155427e-05,350900.7568359375,5496.505065409343,26.519085523186444,49.599999999999994,ok
174.0,49.778999999999996,173.98,0.020000000000010232,11.035416247836412,27.883205908864525,1.5785495683190818,-3.4800972396799995e-09,0.000311569294648777,350900.7568359375,5506.252308654785,26.51908613461519,49.69999999999999,ok
174.1,49.87899999999999,174.08,0.01999999999998181,11.035415711184985,27.883205876589987,1.5785605596568715,-3.2668136936905845e-09,4.04041823196647e-05,350900.7568359375,5515.9995519002305,26.519086672236245,49.80000000000001,ok
174.2,49.978999999999985,174.18,0.01999999999998181,11.035415238862853,27.883205848154486,1.5785663071416027,-3.0666015844293265e-09,0.00012832857789319205,350900.7568359375,5525.746795145673,26.51908714541356,49.900000000000006,ok
174.3,50.07900000000001,174.28,0.020000000000010232,11.035414822908201,27.883205823099424,1.578558284168761,-2.8786598070540403e-09,2.6745004167167915e-05,350900.7568359375,5535.494038391115,26.519087562122127,50.0,ok
174.402,50.18099999999998,174.38,0.02199999999999136,11.03541445629421,27.883205801020587,1.578565882305179,-2.7022363541674005e-09,0.00014049273512189948,350900.7568359375,5545.241281636558,26.51908792940035,50.099999999999994,ok
174.5,50.278999999999996,174.48,0.020000000000010232,11.035414133380913,27.8832057815661,1.5785662851614564,-2.5366253060717103e-09,-0.0002994910282767158,350900.7568359375,5554.988524882,26.519088252899152,50.19999999999999,ok
174.601,50.379999999999995,174.58,0.020999999999986585,11.03541384872706,27.883205764422197,1.57856258787433,-2.3811640062054024e-09,-0.00012154546552818252,350900.7568359375,5564.735768127445,26.519088538068804,50.30000000000001,ok
174.7,50.478999999999985,174.68,0.01999999999998181,11.035413597421257,27.883205749311514,1.5785543256972872,-2.2352304107024074e-09,0.0001248351128288007,350900.7568359375,5574.483011372888,26.51908878982849,50.400000000000006,ok
174.8,50.57900000000001,174.78,0.020000000000010232,11.035413376020102,27.883205735996516,1.5785630033363125,-2.0982405981966046e-09,0.00023803470570137413,350900.7568359375,5584.23025461833,26.519089011629664,50.5,ok
174.9,50.679,174.88,0.020000000000010232,11.03541318122903,27.883205724265842,1.5785656058890039,-1.969646434233502e-09,0.00012164863408847544,350900.7568359375,5593.977497863772,26.519089206773636,50.599999999999994,ok
175.0,50.778999999999996,174.98,0.020000000000010232,11.035413009783149,27.88320571393047,1.578564122518325,-1.8489333772787192e-09,7.882025927290684e-05,350900.7568359375,5603.724741109215,26.51908937853076,50.69999999999999,ok
175.1,50.87899999999999,175.08,0.01999999999998181,11.035412858310012,27.88320570481995,1.5785547202367092,-1.7356184209022657e-09,-5.84247262575119e-05,350900.7568359375,5613.47198435466,26.519089530277633,50.80000000000001,ok
175.2,50.978999999999985,175.18,0.01999999999998181,11.035412724664296,27.883205696790537,1.578564430917001,-1.6292481599955444e-09,-0.00019385113383154587,350900.7568359375,5623.219227600102,26.519089664164333,50.900000000000006,ok
175.3,51.07900000000001,175.28,0.020000000000010232,11.03541260714378,27.883205689717006,1.5785643367143414,-1.5293969773347987e-09,0.0002775022724308576,350900.7568359375,5632.966470845545,26.519089781897534,51.0,ok
175.4,51.179,175.38,0.020000000000010232,11.035412503949699,27.88320568348669,1.5785824393231684,-1.43566534051634e-09,8.133189163507263e-05,350900.7568359375,5642.713714090987,26.51908988527952,51.099999999999994,ok
175.5,51.278999999999996,175.48,0.020000000000010232,11.035412413396312,27.883205677999534,1.578581593290272,-1.347678202866763e-09,-2.4591893966841826e-05,350900.7568359375,5652.46095733643,26.519089975999005,51.19999999999999,ok
175.6,51.37899999999999,175.58,0.01999999999998181,11.035412333700885,27.883205673165076,1.5785986358750692,-1.2650835033408206e-09,-0.00010733307351952904,350900.7568359375,5662.208200581875,26.51909005584093,51.30000000000001,ok
175.7,51.478999999999985,175.68,0.01999999999998181,11.03541226590275,27.8832054010628,1.578598739911264,-1.1875544430207247e-09,-0.0002813299623195054,350900.7568359375,5671.955443827317,26.51909033626246,51.400000000000006,ok
175.8,51.57900000000001,175.78,0.020000000000010232,11.035412204159346,27.883205411865575,1.5785906387931758,-1.1147727861258658e-09,0.0002927925508786173,350900.7568359375,5681.7026870727595,26.51909039894378,51.5,ok
175.9,51.679,175.88,0.020000000000010232,11.035412149569021,27.883205421383323,1.5785873357160665,-1.0464517448101687e-09,-5.346889686116008e-05,350900.7568359375,5691.449930318202,26.5190904543576,51.599999999999994,ok
176.0,51.778999999999996,175.98,0.020000000000010232,11.035412101347934,27.883205429769244,1.5785799181565916,-9.82317930340107e-10,6.0644958179938765e-05,350900.7568359375,5701.197173563644,26.519090503302436,51.69999999999999,ok
176.1,51.87899999999999,176.08,0.01999999999998181,11.035412058810488,27.883205437158367,1.5785844818955117,-9.221147116819824e-10,-0.00011575426383398305,350900.7568359375,5710.9444168090895,26.51909054647689,51.80000000000001,ok
176.2,51.978999999999985,176.18,0.01999999999998181,11.035412021275343,27.883205443669098,1.5785752757302478,-8.656011871903749e-10,2.0094317637944133e-05,350900.7568359375,5720.691660054532,26.519090584572513,51.900000000000006,ok
176.3,52.07900000000001,176.28,0.020000000000010232,11.035411988097101,27.883205449405406,1.5785683841592983,-8.125512210776717e-10,0.00012081175499966404,350900.7568359375,5730.438903299974,26.51909061824299,52.0,ok
176.4,52.179,176.38,0.020000000000010232,11.035411958807781,27.88320545445969,1.578570562365983,-7.627525376173623e-10,0.00042061357775513076,350900.7568359375,5740.186146545417,26.519090647965207,52.099999999999994,ok
176.5,52.278999999999996,176.48,0.020000000000010232,11.035411933015844,27.88320545891354,1.5785597390024368,-7.160058719426869e-10,6.553538443213427e-06,350900.7568359375,5749.933389790859,26.519090674138873,52.19999999999999,ok
176.6,52.37899999999999,176.58,0.01999999999998181,11.035411910115508,27.88320546283683,1.5785646720044257,-6.721241720196273e-10,-4.9382637809145695e-06,350900.7568359375,5759.680633036304,26.51909069737285,52.30000000000001,ok
176.7,52.478999999999985,176.68,0.01999999999998181,11.035411889996375,27.88320546629441,1.5785715526766826,-6.309318505474081e-10,-0.00010815464425721513,350900.7568359375,5769.427876281747,26.519090717786924,52.400000000000006,ok
176.8,52.57900000000001,176.78,0.020000000000010232,11.035411872317248,27.88320546934153,1.5785715290165772,-5.922640817991771e-10,0.00010717446800369863,350900.7568359375,5779.175119527189,26.519090735726724,52.5,ok
176.871,52.650000000000006,176.86,0.01099999999999568,11.035411859734262,27.88320547151666,1.5785660921209528,-5.630432470087043e-10,-0.00023217455598818662,350900.7568359375,5786.972914123545,26.519090748496325,52.58000000000001,ok
