Timestamp,X,Y,Dose
1787079245.640,-0.000,-0.001,0.000
1787079245.893,-0.000,-0.001,0.000
1787079246.141,-0.000,-0.001,0.000
1787079246.385,-0.000,-0.001,0.000
1787079246.619,-0.000,-0.001,0.000
1787079246.878,-0.000,-0.001,0.000
1787079247.125,-0.000,-0.001,0.000
1787079247.374,-0.000,-0.001,0.000
1787079247.627,-0.000,-0.001,0.000
1787079247.880,-0.000,-0.001,0.000
1787079248.131,-0.000,-0.001,0.000
1787079248.378,-0.000,-0.001,0.000
1787079248.627,-0.000,-0.001,0.000
1787079248.901,-0.000,-0.001,234.138
1787079249.151,-0.000,-0.001,234.138
1787079249.411,-0.000,-0.001,234.138
1787079249.653,-0.000,-0.001,234.138
1787079249.901,-0.000,-0.001,234.138
1787079250.148,-0.000,-0.001,234.138
1787079250.392,-0.000,-0.001,234.138
1787079250.634,-0.000,-0.001,234.138
1787079250.872,-0.000,-0.001,234.138
1787079251.129,-0.000,-0.001,234.138
1787079251.386,-0.000,-0.001,234.138
1787079251.635,-0.000,-0.001,234.138
1787079251.883,-0.000,-0.001,234.138
1787079252.165,-0.000,-0.001,234.138
1787079252.445,-0.000,-0.001,234.138
1787079252.696,-0.000,-0.001,234.138
1787079252.997,-0.000,-0.001,234.138
1787079253.244,-0.000,-0.001,234.138
1787079253.502,-0.000,-0.001,234.138
1787079253.768,-0.000,-0.001,234.138
1787079254.064,-0.000,-0.001,234.138
1787079254.330,-0.000,-0.001,234.138
1787079254.586,-0.000,-0.001,234.138
1787079254.836,-0.000,-0.001,234.138
1787079255.097,-0.000,-0.001,234.138
1787079255.344,-0.000,-0.001,234.138
1787079255.611,-0.000,-0.001,234.138
1787079255.868,-0.000,-0.001,234.138
1787079256.127,-0.000,-0.001,234.138
1787079256.396,-0.000,-0.001,234.138
1787079256.649,-0.000,-0.001,234.138
1787079256.901,-0.000,-0.001,234.138
1787079257.150,-0.000,-0.001,234.138
1787079257.401,-0.000,-0.001,234.138
1787079257.653,-0.000,-0.001,234.138
1787079257.914,-0.000,-0.001,234.138
1787079258.211,-0.000,-0.001,234.138
1787079258.460,-0.000,-0.001,234.138
1787079258.704,-0.000,-0.001,234.138
1787079258.958,-0.000,-0.001,234.138
1787079259.192,-0.000,-0.001,234.138
1787079259.477,-0.000,-0.001,234.138
1787079259.735,-0.000,-0.001,234.138
1787079259.995,-0.000,-0.001,234.138
1787079260.248,-0.000,-0.001,234.138
1787079260.506,-0.000,-0.001,234.138
1787079260.754,-0.000,-0.001,234.138
1787079261.005,-0.000,-0.001,234.138
1787079261.296,-0.000,-0.001,234.138
1787079261.594,-0.000,-0.001,234.138
1787079261.841,-0.000,-0.001,234.138
1787079262.102,-0.000,-0.001,234.138
1787079262.358,-0.000,-0.001,234.138
1787079262.599,-0.000,-0.001,234.138
1787079262.843,-0.000,-0.001,234.138
1787079263.095,-0.000,-0.001,234.138
1787079263.366,-0.000,-0.001,234.138
1787079263.641,0.012,-0.001,232.093
1787079263.891,0.006,-0.001,232.093
1787079264.139,0.019,-0.003,232.093
1787079264.401,0.041,-0.012,232.093
1787079264.649,0.070,-0.029,230.045
1787079264.912,0.110,-0.063,229.054
1787079265.177,0.155,-0.112,228.043
1787079265.426,0.199,-0.172,229.080
1787079265.698,0.236,-0.235,228.037
1787079265.954,0.266,-0.301,227.976
1787079266.213,0.292,-0.361,228.962
1787079266.473,0.318,-0.426,227.860
1787079266.725,0.347,-0.499,228.819
1787079266.987,0.379,-0.580,228.620
1787079267.263,0.417,-0.672,228.365
1787079267.536,0.462,-0.779,228.055
1787079267.786,0.505,-0.878,227.691
1787079268.044,0.540,-0.962,229.288
1787079268.322,0.570,-1.040,228.048
1787079268.584,0.608,-1.141,227.544
1787079268.852,0.658,-1.265,227.660
1787079269.107,0.716,-1.395,227.029
1787079269.377,0.775,-1.524,226.919
1787079269.657,0.837,-1.655,226.199
1787079269.930,0.879,-1.745,225.478
1787079270.180,0.918,-1.827,224.780
1787079270.444,0.954,-1.904,224.132
1787079270.692,0.997,-1.981,224.505
1787079270.946,1.041,-2.048,223.570
1787079271.204,1.082,-2.098,222.770
1787079271.477,1.115,-2.131,222.130
1787079271.744,1.137,-2.149,222.130
1787079271.992,1.150,-2.157,222.530
1787079272.246,1.154,-2.159,221.680
1787079272.496,1.155,-2.159,221.680
1787079272.739,1.155,-2.159,221.680
1787079272.991,1.154,-2.159,221.680
1787079273.242,1.154,-2.159,221.680
1787079273.489,1.154,-2.159,221.680
1787079273.745,1.154,-2.159,221.680
1787079274.006,1.154,-2.159,221.680
1787079274.264,1.154,-2.159,221.680
1787079274.515,1.154,-2.159,221.680
1787079274.757,1.154,-2.159,221.680
1787079275.048,1.154,-2.159,221.680
1787079275.310,1.154,-2.159,221.680
1787079275.579,1.154,-2.159,221.680
1787079275.818,1.154,-2.159,221.680
1787079276.078,1.154,-2.159,221.680
1787079276.332,1.154,-2.159,221.680
1787079276.590,1.154,-2.159,221.680
1787079276.908,1.154,-2.159,221.680
1787079277.159,1.154,-2.159,221.680
1787079277.419,1.154,-2.159,221.680
1787079277.677,1.154,-2.159,221.680
1787079277.958,1.154,-2.159,221.680
1787079278.222,1.154,-2.159,221.680
1787079278.475,1.154,-2.159,221.680
1787079278.719,1.154,-2.159,221.680
1787079278.978,1.154,-2.159,221.680
1787079279.234,1.154,-2.159,221.680
1787079279.491,1.154,-2.159,221.680
1787079279.752,1.169,-2.167,221.680
1787079280.021,1.194,-2.179,221.680
1787079280.272,1.247,-2.198,220.941
1787079280.523,1.326,-2.216,220.520
1787079280.780,1.421,-2.226,220.137
1787079281.030,1.530,-2.226,220.327
1787079281.297,1.624,-2.219,221.057
1787079281.557,1.705,-2.212,222.223
1787079281.818,1.775,-2.206,222.914
1787079282.071,1.846,-2.199,221.181
1787079282.325,1.901,-2.193,222.078
1787079282.584,1.956,-2.183,222.420
1787079282.842,2.020,-2.168,222.641
1787079283.097,2.070,-2.153,222.709
1787079283.361,2.124,-2.132,219.085
1787079283.622,2.182,-2.105,218.631
1787079283.893,2.232,-2.077,214.544
1787079284.164,2.289,-2.038,210.423
1787079284.422,2.367,-1.985,205.135
1787079284.679,2.454,-1.924,199.741
1787079284.930,2.545,-1.859,195.884
1787079285.177,2.626,-1.801,190.948
1787079285.439,2.717,-1.739,184.601
1787079285.699,2.834,-1.660,180.757
1787079285.963,2.958,-1.578,175.210
1787079286.206,3.080,-1.499,171.394
1787079286.478,3.185,-1.429,169.282
1787079286.728,3.283,-1.364,167.536
1787079286.983,3.363,-1.311,166.124
1787079287.256,3.434,-1.267,165.045
1787079287.504,3.512,-1.224,164.085
1787079287.764,3.587,-1.189,163.234
1787079288.022,3.638,-1.169,163.372
1787079288.287,3.681,-1.154,163.561
1787079288.560,3.710,-1.147,162.877
1787079288.819,3.713,-1.148,162.877
1787079289.061,3.713,-1.148,162.877
1787079289.309,3.713,-1.148,162.877
1787079289.563,3.713,-1.148,162.877
1787079289.824,3.713,-1.147,162.877
1787079290.082,3.713,-1.147,162.877
1787079290.329,3.713,-1.147,162.877
1787079290.571,3.713,-1.147,162.877
1787079290.817,3.713,-1.147,162.877
1787079291.072,3.713,-1.147,162.877
1787079291.326,3.713,-1.147,162.877
1787079291.571,3.713,-1.147,162.877
1787079291.822,3.713,-1.147,162.877
1787079292.086,3.713,-1.147,162.877
1787079292.344,3.713,-1.147,162.877
1787079292.596,3.713,-1.147,162.877
1787079292.838,3.713,-1.147,162.877
1787079293.086,3.713,-1.147,162.877
1787079293.337,3.713,-1.147,162.877
1787079293.580,3.713,-1.147,162.877
1787079293.828,3.713,-1.147,162.877
1787079294.065,3.713,-1.147,162.877
1787079294.327,3.713,-1.147,162.877
1787079294.572,3.713,-1.147,162.877
1787079294.809,3.713,-1.147,162.877
1787079295.054,3.713,-1.147,162.877
1787079295.309,3.713,-1.147,162.877
1787079295.574,3.694,-1.150,163.561
1787079295.835,3.678,-1.152,163.561
1787079296.102,3.672,-1.152,163.561
1787079296.359,3.680,-1.154,163.561
1787079296.596,3.676,-1.152,163.561
1787079296.839,3.677,-1.153,163.561
1787079297.096,3.679,-1.156,163.561
1787079297.365,3.682,-1.163,163.561
1787079297.610,3.685,-1.180,163.561
1787079297.864,3.684,-1.195,163.561
1787079298.120,3.679,-1.212,164.494
1787079298.386,3.666,-1.237,164.494
1787079298.646,3.645,-1.266,165.249
1787079298.904,3.609,-1.302,166.202
1787079299.169,3.556,-1.343,166.073
1787079299.441,3.500,-1.379,166.968
1787079299.693,3.440,-1.408,168.030
1787079299.951,3.372,-1.440,168.154
1787079300.219,3.305,-1.469,169.400
1787079300.483,3.235,-1.497,170.002
1787079300.739,3.169,-1.526,171.550
1787079301.011,3.107,-1.557,173.250
1787079301.273,3.033,-1.595,174.491
1787079301.516,2.969,-1.629,176.567
1787079301.779,2.904,-1.669,178.844
1787079302.039,2.843,-1.708,182.379
1787079302.298,2.785,-1.751,185.231
1787079302.552,2.727,-1.795,186.421
1787079302.786,2.667,-1.842,189.637
1787079303.041,2.608,-1.888,193.131
1787079303.308,2.547,-1.937,198.344
1787079303.573,2.492,-1.979,202.442
1787079303.839,2.434,-2.023,206.791
1787079304.092,2.373,-2.067,211.361
1787079304.360,2.309,-2.112,216.104
1787079304.627,2.246,-2.152,221.725
1787079304.881,2.176,-2.192,222.270
1787079305.137,2.101,-2.230,226.395
1787079305.405,2.032,-2.261,229.724
1787079305.661,1.966,-2.289,229.014
1787079305.939,1.908,-2.317,231.517
1787079306.211,1.840,-2.352,231.853
1787079306.473,1.766,-2.393,230.243
1787079306.726,1.691,-2.439,229.350
1787079306.987,1.615,-2.494,229.635
1787079307.263,1.534,-2.556,229.406
1787079307.521,1.452,-2.626,229.034
1787079307.782,1.379,-2.692,227.311
1787079308.048,1.323,-2.746,227.008
1787079308.304,1.282,-2.790,226.744
1787079308.572,1.240,-2.834,226.541
1787079308.827,1.192,-2.882,226.412
1787079309.074,1.140,-2.929,226.362
1787079309.333,1.085,-2.972,226.386
1787079309.571,1.029,-3.008,226.475
1787079309.835,0.977,-3.037,226.514
1787079310.089,0.923,-3.060,226.736
1787079310.343,0.869,-3.080,227.014
1787079310.615,0.809,-3.099,227.432
1787079310.861,0.743,-3.117,228.331
1787079311.135,0.645,-3.138,228.999
1787079311.376,0.558,-3.153,230.096
1787079311.678,0.475,-3.164,231.824
1787079311.937,0.397,-3.172,233.771
1787079312.201,0.332,-3.178,234.810
1787079312.476,0.290,-3.183,235.884
1787079312.740,0.251,-3.183,235.884
1787079313.034,0.203,-3.190,236.990
1787079313.321,0.160,-3.198,238.121
1787079313.585,0.115,-3.209,238.294
1787079313.859,0.078,-3.219,239.429
1787079314.112,0.035,-3.231,240.583
1787079314.377,-0.020,-3.250,241.753
1787079314.639,-0.071,-3.269,241.788
1787079314.897,-0.115,-3.286,242.956
1787079315.180,-0.149,-3.300,242.956
1787079315.466,-0.179,-3.313,242.901
1787079315.735,-0.208,-3.325,244.073
1787079316.007,-0.238,-3.338,244.073
1787079316.279,-0.273,-3.351,243.943
1787079316.528,-0.307,-3.364,245.128
1787079316.804,-0.334,-3.374,245.128
1787079317.063,-0.365,-3.384,246.335
1787079317.329,-0.396,-3.393,246.335
1787079317.599,-0.427,-3.404,246.159
1787079317.862,-0.466,-3.414,247.402
1787079318.135,-0.508,-3.423,248.677
1787079318.395,-0.551,-3.431,249.988
1787079318.656,-0.589,-3.438,249.988
1787079318.908,-0.643,-3.447,251.339
1787079319.166,-0.712,-3.457,252.724
1787079319.440,-0.806,-3.467,255.842
1787079319.695,-0.922,-3.478,259.306
1787079319.955,-1.059,-3.486,265.400
1787079320.221,-1.200,-3.489,270.281
1787079320.489,-1.347,-3.485,279.353
1787079320.759,-1.481,-3.476,291.401
1787079321.034,-1.603,-3.462,307.817
1787079321.314,-1.714,-3.448,322.132
1787079321.577,-1.802,-3.439,339.708
1787079321.841,-1.873,-3.435,350.152
1787079322.110,-1.965,-3.433,375.141
1787079322.370,-2.087,-3.435,406.915
1787079322.635,-2.224,-3.437,471.737
1787079322.914,-2.366,-3.433,565.252
1787079323.211,-2.504,-3.421,699.073
1787079323.486,-2.625,-3.404,816.868
1787079323.742,-2.726,-3.385,967.261
1787079324.006,-2.814,-3.362,1149.468
1787079324.286,-2.896,-3.340,1265.295
1787079324.541,-2.971,-3.321,1508.342
1787079324.828,-3.036,-3.305,1636.416
1787079325.082,-3.088,-3.293,1814.307
1787079325.338,-3.110,-3.288,1960.931
1787079325.593,-3.110,-3.288,1960.931
1787079325.848,-3.110,-3.288,1960.931
1787079326.100,-3.110,-3.288,1960.931
1787079326.369,-3.110,-3.288,1960.931
1787079326.625,-3.110,-3.288,1960.931
1787079326.876,-3.110,-3.288,1960.931
1787079327.125,-3.110,-3.288,1960.931
1787079327.390,-3.110,-3.288,1960.931
1787079327.654,-3.110,-3.288,1960.931
1787079327.905,-3.110,-3.288,1960.931
1787079328.145,-3.110,-3.288,1960.931
1787079328.405,-3.110,-3.288,1960.931
1787079328.651,-3.110,-3.288,1960.931
1787079328.885,-3.110,-3.288,1960.931
1787079329.140,-3.110,-3.288,1960.931
1787079329.400,-3.110,-3.288,1960.931
1787079329.651,-3.110,-3.288,1960.931
1787079329.913,-3.110,-3.288,1960.931
1787079330.167,-3.110,-3.288,1960.931
1787079330.418,-3.110,-3.288,1960.931
1787079330.667,-3.110,-3.288,1960.931
1787079330.917,-3.110,-3.288,1960.931
1787079331.174,-3.110,-3.288,1960.931
1787079331.432,-3.110,-3.288,1960.931
1787079331.691,-3.110,-3.288,1960.931
1787079331.933,-3.110,-3.288,1960.931
1787079332.192,-3.110,-3.288,1960.931
1787079332.446,-3.110,-3.288,1960.931
1787079332.693,-3.110,-3.288,1960.931
1787079333.011,-3.110,-3.288,1960.931
1787079333.292,-3.110,-3.288,1960.931
1787079333.542,-3.110,-3.288,1960.931
1787079333.790,-3.110,-3.288,1960.931
1787079334.026,-3.110,-3.288,1960.931
1787079334.275,-3.110,-3.288,1960.931
1787079334.525,-3.110,-3.288,1960.931
1787079334.771,-3.110,-3.288,1960.931
1787079335.023,-3.110,-3.288,1960.931
1787079335.270,-3.110,-3.288,1960.931
1787079335.523,-3.110,-3.288,1960.931
1787079335.793,-3.110,-3.288,1960.931
1787079336.047,-3.110,-3.288,1960.931
1787079336.305,-3.110,-3.288,1960.931
1787079336.543,-3.110,-3.288,1960.931
1787079336.808,-3.110,-3.288,1960.931
1787079337.070,-3.110,-3.288,1960.931
1787079337.325,-3.110,-3.288,1960.931
1787079337.585,-3.110,-3.288,1960.931
1787079337.836,-3.110,-3.288,1960.931
1787079338.073,-3.110,-3.288,1960.931
1787079338.323,-3.110,-3.288,1960.931
1787079338.576,-3.110,-3.288,1960.931
1787079338.832,-3.110,-3.288,1960.931
1787079339.087,-3.110,-3.288,1960.931
1787079339.339,-3.110,-3.288,1960.931
1787079339.600,-3.110,-3.288,1960.931
1787079339.854,-3.110,-3.288,1960.931
1787079340.099,-3.110,-3.288,1960.931
1787079340.359,-3.110,-3.288,1960.931
1787079340.621,-3.110,-3.288,1960.931
1787079340.885,-3.110,-3.288,1960.931
1787079341.130,-3.110,-3.288,1960.931
1787079341.415,-3.110,-3.288,1960.931
1787079341.701,-3.110,-3.288,1960.931
1787079341.965,-3.110,-3.288,1960.931
1787079342.225,-3.110,-3.288,1960.931
1787079342.485,-3.110,-3.288,1960.931
1787079342.751,-3.110,-3.288,1960.931
1787079342.993,-3.110,-3.288,1960.931
1787079343.254,-3.110,-3.288,1960.931
1787079343.521,-3.110,-3.288,1960.931
1787079343.787,-3.110,-3.288,1960.931
1787079344.050,-3.110,-3.288,1960.931
1787079344.319,-3.110,-3.288,1960.931
1787079344.598,-3.110,-3.288,1960.931
1787079344.880,-3.110,-3.288,1960.931
1787079345.153,-3.110,-3.288,1960.931
1787079345.439,-3.110,-3.288,1960.931
1787079345.700,-3.110,-3.288,1960.931
1787079345.961,-3.110,-3.288,1960.931
1787079346.243,-3.110,-3.288,1960.931
1787079346.500,-3.110,-3.288,1960.931
1787079346.747,-3.110,-3.288,1960.931
1787079347.012,-3.110,-3.288,1960.931
1787079347.289,-3.110,-3.288,1960.931
1787079347.584,-3.110,-3.288,1960.931
1787079347.872,-3.110,-3.288,1960.931
1787079348.156,-3.110,-3.288,1960.931
1787079348.444,-3.110,-3.288,1960.931
1787079348.702,-3.110,-3.288,1960.931
1787079348.938,-3.110,-3.288,1960.931
1787079349.183,-3.110,-3.288,1960.931
1787079349.434,-3.110,-3.288,1960.931
1787079349.695,-3.110,-3.288,1960.931
1787079349.950,-3.110,-3.288,1960.931
1787079350.192,-3.110,-3.288,1960.931
1787079350.452,-3.110,-3.288,1960.931
1787079350.704,-3.110,-3.288,1960.931
1787079350.972,-3.110,-3.288,1960.931
1787079351.215,-3.110,-3.288,1960.931
1787079351.477,-3.110,-3.288,1960.931
1787079351.739,-3.110,-3.288,1960.931
1787079352.031,-3.110,-3.288,1960.931
1787079352.278,-3.110,-3.288,1960.931
1787079352.531,-3.110,-3.288,1960.931
1787079352.799,-3.110,-3.288,1960.931
1787079353.050,-3.110,-3.288,1960.931
1787079353.304,-3.110,-3.288,1960.931
1787079353.559,-3.110,-3.288,1960.931
1787079353.904,-3.110,-3.288,1960.931
1787079354.224,-3.110,-3.288,1960.931
1787079354.484,-3.110,-3.288,1960.931
1787079354.765,-3.110,-3.288,1960.931
1787079355.053,-3.110,-3.288,1960.931
1787079355.300,-3.110,-3.288,1960.931
1787079355.546,-3.110,-3.288,1960.931
1787079355.780,-3.110,-3.288,1960.931
1787079356.078,-3.110,-3.288,1960.931
1787079356.332,-3.110,-3.288,1960.931
1787079356.584,-3.110,-3.288,1960.931
1787079356.826,-3.110,-3.288,1960.931
1787079357.083,-3.110,-3.288,1960.931
1787079357.341,-3.110,-3.288,1960.931
1787079357.607,-3.110,-3.288,1960.931
1787079357.854,-3.110,-3.288,1960.931
1787079358.101,-3.110,-3.288,1960.931
1787079358.353,-3.110,-3.288,1960.931
1787079358.600,-3.110,-3.288,1960.931
1787079358.868,-3.110,-3.288,1960.931
1787079359.116,-3.110,-3.288,1960.931
1787079359.380,-3.110,-3.288,1960.931
1787079359.636,-3.110,-3.288,1960.931
1787079359.888,-3.110,-3.288,1960.931
1787079360.153,-3.110,-3.288,1960.931
1787079360.412,-3.110,-3.288,1960.931
1787079360.666,-3.110,-3.288,1960.931
1787079360.916,-3.110,-3.288,1960.931
1787079361.164,-3.110,-3.288,1960.931
1787079361.421,-3.110,-3.288,1960.931
1787079361.674,-3.110,-3.288,1960.931
1787079361.930,-3.110,-3.288,1960.931
1787079362.186,-3.110,-3.288,1960.931
1787079362.512,-3.110,-3.288,1960.931
1787079362.780,-3.110,-3.288,1960.931
1787079363.038,-3.110,-3.288,1960.931
1787079363.301,-3.110,-3.288,1960.931
1787079363.562,-3.110,-3.288,1960.931
1787079363.819,-3.110,-3.288,1960.931
1787079364.085,-3.100,-3.290,1960.931
1787079364.345,-3.063,-3.297,1814.307
1787079364.599,-3.022,-3.306,1636.416
1787079364.854,-2.985,-3.313,1508.342
1787079365.100,-2.956,-3.318,1508.342
1787079365.356,-2.935,-3.322,1383.563
1787079365.602,-2.902,-3.329,1383.563
1787079365.853,-2.881,-3.336,1265.295
1787079366.108,-2.869,-3.341,1265.295
1787079366.368,-2.844,-3.357,1149.468
1787079366.635,-2.834,-3.367,1149.468
1787079366.887,-2.828,-3.377,1149.468
1787079367.142,-2.827,-3.383,1149.468
1787079367.385,-2.827,-3.377,1149.468
1787079367.647,-2.822,-3.371,1149.468
1787079367.910,-2.814,-3.361,1149.468
1787079368.156,-2.796,-3.347,1054.992
1787079368.427,-2.753,-3.329,1054.992
1787079368.687,-2.688,-3.315,882.655
1787079368.942,-2.618,-3.311,810.049
1787079369.218,-2.545,-3.315,688.696
1787079369.497,-2.478,-3.330,638.459
1787079369.813,-2.416,-3.342,594.204
1787079370.072,-2.345,-3.354,526.322
1787079370.328,-2.286,-3.361,495.573
1787079370.591,-2.239,-3.368,468.449
1787079370.843,-2.181,-3.375,444.516
1787079371.146,-2.129,-3.382,423.392
1787079371.431,-2.068,-3.392,404.733
1787079371.698,-2.020,-3.402,390.069
1787079371.969,-1.977,-3.410,375.141
1787079372.233,-1.940,-3.417,361.903
1787079372.497,-1.898,-3.424,350.152
1787079372.761,-1.849,-3.432,339.708
1787079373.020,-1.801,-3.438,339.708
1787079373.338,-1.756,-3.443,330.414
1787079373.599,-1.710,-3.448,322.132
1787079373.854,-1.663,-3.452,314.586
1787079374.109,-1.608,-3.456,307.817
1787079374.375,-1.541,-3.461,296.303
1787079374.632,-1.465,-3.468,291.401
1787079374.883,-1.393,-3.475,282.980
1787079375.170,-1.311,-3.482,279.353
1787079375.439,-1.228,-3.488,273.041
1787079375.701,-1.144,-3.493,267.743
1787079375.960,-1.060,-3.495,265.400
1787079376.230,-0.976,-3.494,261.201
1787079376.494,-0.893,-3.492,257.525
1787079376.756,-0.809,-3.486,255.842
1787079377.013,-0.726,-3.475,252.724
1787079377.300,-0.644,-3.460,249.869
1787079377.569,-0.563,-3.439,249.988
1787079377.838,-0.484,-3.412,247.402
1787079378.093,-0.408,-3.380,247.565
1787079378.365,-0.346,-3.344,246.467
1787079378.642,-0.275,-3.304,245.262
1787079378.962,-0.204,-3.261,245.336
1787079379.339,-0.134,-3.215,244.136
1787079379.639,-0.066,-3.169,244.058
1787079379.921,-0.002,-3.122,243.903
1787079380.195,0.051,-3.074,242.410
1787079380.459,0.109,-3.013,242.070
1787079380.710,0.166,-2.950,241.648
1787079380.975,0.218,-2.889,241.898
1787079381.244,0.272,-2.827,241.252
1787079381.512,0.328,-2.767,240.528
1787079381.783,0.386,-2.712,239.728
1787079382.036,0.449,-2.660,238.855
1787079382.328,0.514,-2.612,236.524
1787079382.597,0.579,-2.568,235.518
1787079382.870,0.642,-2.529,234.454
1787079383.118,0.696,-2.502,233.118
1787079383.384,0.767,-2.474,230.756
1787079383.679,0.846,-2.446,229.638
1787079383.932,0.926,-2.419,227.400
1787079384.200,1.004,-2.395,225.392
1787079384.471,1.082,-2.370,224.570
1787079384.731,1.157,-2.344,222.933
1787079385.033,1.232,-2.317,222.431
1787079385.289,1.310,-2.287,221.206
1787079385.565,1.388,-2.256,221.057
1787079385.841,1.466,-2.225,220.161
1787079386.094,1.544,-2.194,219.108
1787079386.385,1.622,-2.161,219.485
1787079386.643,1.699,-2.127,218.110
1787079386.929,1.775,-2.092,216.563
1787079387.193,1.851,-2.057,216.703
1787079387.464,1.923,-2.020,214.279
1787079387.766,1.994,-1.985,211.619
1787079388.026,2.068,-1.949,208.145
1787079388.295,2.143,-1.913,207.430
1787079388.567,2.215,-1.879,203.162
1787079388.814,2.278,-1.852,202.120
1787079389.091,2.328,-1.830,198.597
1787079389.340,2.349,-1.821,198.597
1787079389.613,2.349,-1.821,198.597
1787079389.891,2.349,-1.820,198.597
1787079390.147,2.349,-1.820,198.597
1787079390.405,2.349,-1.820,198.597
1787079390.654,2.349,-1.820,198.597
1787079390.915,2.349,-1.820,198.597
1787079391.162,2.349,-1.820,198.597
1787079391.411,2.349,-1.820,198.597
1787079391.669,2.349,-1.820,198.597
1787079391.913,2.349,-1.820,198.597
1787079392.161,2.349,-1.820,198.597
1787079392.418,2.349,-1.820,198.597
1787079392.670,2.349,-1.820,198.597
1787079392.910,2.349,-1.820,198.597
1787079393.149,2.349,-1.820,198.597
1787079393.409,2.349,-1.820,198.597
1787079393.667,2.349,-1.820,198.597
1787079393.912,2.349,-1.820,198.597
1787079394.161,2.349,-1.820,198.597
1787079394.413,2.349,-1.820,198.597
1787079394.654,2.349,-1.820,198.597
1787079394.905,2.349,-1.820,198.597
1787079395.164,2.349,-1.820,198.597
1787079395.468,2.349,-1.820,198.597
1787079395.726,2.349,-1.820,198.597
1787079396.031,2.349,-1.820,198.597
1787079396.299,2.349,-1.820,198.597
1787079396.544,2.349,-1.820,198.597
1787079396.791,2.349,-1.820,198.597
1787079397.046,2.349,-1.820,198.597
1787079397.299,2.349,-1.820,198.597
1787079397.537,2.349,-1.820,198.597
1787079397.783,2.349,-1.820,198.597
1787079398.032,2.349,-1.820,198.597
1787079398.291,2.349,-1.820,198.597
1787079398.523,2.349,-1.820,198.597
1787079398.766,2.349,-1.820,198.597
1787079399.008,2.349,-1.820,198.597
1787079399.251,2.349,-1.820,198.597
1787079399.498,2.349,-1.820,198.597
1787079399.775,2.349,-1.820,198.597
1787079400.025,2.349,-1.820,198.597
1787079400.293,2.349,-1.820,198.597
1787079400.552,2.349,-1.820,198.597
1787079400.793,2.349,-1.820,198.597
1787079401.048,2.349,-1.820,198.597
1787079401.305,2.349,-1.820,198.597
1787079401.571,2.349,-1.820,198.597
1787079401.861,2.349,-1.820,198.597
1787079402.124,2.349,-1.820,198.597
1787079402.428,2.349,-1.820,198.597
1787079402.738,2.349,-1.820,198.597
1787079403.025,2.349,-1.820,198.597
1787079403.296,2.349,-1.820,198.597
1787079403.560,2.349,-1.820,198.597
1787079403.816,2.349,-1.820,198.597
1787079404.078,2.349,-1.820,198.597
1787079404.329,2.349,-1.820,198.597
1787079404.613,2.349,-1.820,198.597
1787079404.881,2.349,-1.820,198.597
1787079405.137,2.349,-1.820,198.597
1787079405.391,2.349,-1.820,198.597
1787079405.643,2.349,-1.820,198.597
1787079405.891,2.349,-1.820,198.597
1787079406.137,2.349,-1.820,198.597
1787079406.381,2.349,-1.820,198.597
1787079406.634,2.349,-1.820,198.597
1787079406.888,2.349,-1.820,198.597
1787079407.146,2.349,-1.820,198.597
1787079407.410,2.349,-1.820,198.597
1787079407.673,2.349,-1.820,198.597
1787079407.935,2.349,-1.820,198.597
1787079408.183,2.349,-1.820,198.597
1787079408.439,2.349,-1.820,198.597
1787079408.683,2.349,-1.820,198.597
1787079408.933,2.349,-1.820,198.597
1787079409.177,2.349,-1.820,198.597
1787079409.437,2.349,-1.820,198.597
1787079409.702,2.349,-1.820,198.597
1787079409.965,2.349,-1.820,198.597
1787079410.235,2.349,-1.820,198.597
1787079410.496,2.349,-1.820,198.597
1787079410.740,2.349,-1.820,198.597
1787079411.002,2.349,-1.820,198.597
1787079411.274,2.349,-1.820,198.597
1787079411.536,2.349,-1.820,198.597
1787079411.798,2.349,-1.820,198.597
1787079412.063,2.349,-1.820,198.597
1787079412.315,2.349,-1.820,198.597
1787079412.569,2.349,-1.820,198.597
1787079412.826,2.349,-1.820,198.597
1787079413.073,2.349,-1.820,198.597
1787079413.325,2.349,-1.820,198.597
1787079413.566,2.349,-1.820,198.597
1787079413.817,2.349,-1.820,198.597
1787079414.072,2.349,-1.820,198.597
1787079414.326,2.349,-1.820,198.597
1787079414.573,2.349,-1.820,198.597
1787079414.809,2.349,-1.820,198.597
1787079415.059,2.349,-1.820,198.597
1787079415.323,2.349,-1.820,198.597
1787079415.568,2.349,-1.820,198.597
1787079415.827,2.349,-1.820,198.597
1787079416.068,2.349,-1.820,198.597
1787079416.328,2.349,-1.820,198.597
1787079416.578,2.349,-1.820,198.597
1787079416.826,2.349,-1.820,198.597
1787079417.087,2.349,-1.820,198.597
1787079417.341,2.349,-1.820,198.597
1787079417.601,2.349,-1.820,198.597
1787079417.854,2.349,-1.820,198.597
1787079418.107,2.349,-1.820,198.597
1787079418.364,2.349,-1.820,198.597
1787079418.621,2.349,-1.820,198.597
1787079418.884,2.349,-1.820,198.597
1787079419.138,2.349,-1.820,198.597
1787079419.392,2.349,-1.820,198.597
1787079419.655,2.349,-1.820,198.597
1787079419.918,2.349,-1.820,198.597
1787079420.169,2.349,-1.820,198.597
1787079420.440,2.349,-1.820,198.597
1787079420.683,2.349,-1.820,198.597
1787079420.940,2.349,-1.820,198.597
1787079421.182,2.349,-1.820,198.597
1787079421.434,2.349,-1.820,198.597
1787079421.687,2.349,-1.820,198.597
1787079421.936,2.349,-1.820,198.597
1787079422.182,2.349,-1.820,198.597
1787079422.443,2.349,-1.820,198.597
1787079422.691,2.349,-1.820,198.597
1787079422.966,2.349,-1.820,198.597
1787079423.217,2.349,-1.820,198.597
1787079423.481,2.349,-1.820,198.597
1787079423.739,2.349,-1.820,198.597
1787079423.991,2.349,-1.820,198.597
1787079424.248,2.349,-1.820,198.597
1787079424.495,2.349,-1.820,198.597
1787079424.752,2.349,-1.820,198.597
1787079425.004,2.349,-1.820,198.597
1787079425.259,2.349,-1.820,198.597
1787079425.502,2.349,-1.820,198.597
1787079425.773,2.349,-1.820,198.597
1787079426.033,2.349,-1.820,198.597
1787079426.297,2.349,-1.820,198.597
1787079426.550,2.349,-1.820,198.597
1787079426.815,2.349,-1.820,198.597
1787079427.075,2.349,-1.820,198.597
1787079427.345,2.349,-1.820,198.597
1787079427.595,2.349,-1.820,198.597
1787079427.860,2.349,-1.820,198.597
1787079428.124,2.349,-1.820,198.597
1787079428.376,2.349,-1.820,198.597
1787079428.631,2.349,-1.820,198.597
1787079428.893,2.349,-1.820,198.597
1787079429.148,2.349,-1.820,198.597
1787079429.417,2.349,-1.820,198.597
1787079429.691,2.349,-1.820,198.597
1787079429.943,2.349,-1.820,198.597
1787079430.201,2.349,-1.820,198.597
1787079430.466,2.349,-1.820,198.597
1787079430.724,2.349,-1.820,198.597
1787079430.966,2.349,-1.820,198.597
1787079431.226,2.349,-1.820,198.597
1787079431.537,2.349,-1.820,198.597
1787079431.806,2.349,-1.820,198.597
1787079432.076,2.349,-1.820,198.597
1787079432.337,2.349,-1.820,198.597
1787079432.612,2.349,-1.820,198.597
1787079432.875,2.349,-1.820,198.597
1787079433.120,2.349,-1.820,198.597
1787079433.400,2.349,-1.820,198.597
1787079433.675,2.349,-1.820,198.597
1787079433.935,2.349,-1.820,198.597
1787079434.196,2.349,-1.820,198.597
1787079434.464,2.349,-1.820,198.597
1787079434.724,2.349,-1.820,198.597
1787079434.979,2.349,-1.820,198.597
1787079435.258,2.349,-1.820,198.597
1787079435.525,2.349,-1.820,198.597
1787079435.790,2.349,-1.820,198.597
1787079436.054,2.349,-1.820,198.597
1787079436.327,2.349,-1.820,198.597
1787079436.583,2.349,-1.820,198.597
1787079436.838,2.349,-1.820,198.597
1787079437.106,2.349,-1.820,198.597
1787079437.373,2.349,-1.820,198.597
1787079437.644,2.349,-1.820,198.597
1787079437.906,2.349,-1.820,198.597
1787079438.165,2.349,-1.820,198.597
1787079438.413,2.349,-1.820,198.597
1787079438.663,2.349,-1.820,198.597
1787079438.928,2.349,-1.820,198.597
1787079439.184,2.349,-1.820,198.597
1787079439.463,2.349,-1.820,198.597
1787079439.724,2.376,-1.808,197.409
1787079440.046,2.423,-1.782,193.954
1787079440.316,2.479,-1.746,190.656
1787079440.604,2.540,-1.700,187.527
1787079440.896,2.600,-1.649,184.575
1787079441.174,2.659,-1.593,180.724
1787079441.493,2.718,-1.535,178.196
1787079441.787,2.761,-1.489,175.843
1787079442.083,2.797,-1.455,175.843
1787079442.360,2.832,-1.425,173.655
1787079442.647,2.873,-1.397,171.622
1787079442.935,2.915,-1.371,170.903
1787079443.206,2.967,-1.343,169.096
1787079443.495,3.020,-1.314,168.514
1787079443.768,3.078,-1.283,166.917
1787079444.033,3.132,-1.257,166.472
1787079444.307,3.172,-1.239,165.069
1787079444.575,3.211,-1.222,164.756
1787079444.864,3.269,-1.203,164.501
1787079445.115,3.329,-1.188,163.342
1787079445.384,3.386,-1.179,163.210
1787079445.649,3.451,-1.174,163.135
1787079445.918,3.504,-1.173,163.147
1787079446.188,3.575,-1.175,163.234
1787079446.442,3.648,-1.178,163.372
1787079446.725,3.715,-1.181,163.800
1787079447.001,3.794,-1.182,164.087
1787079447.264,3.876,-1.181,164.800
1787079447.559,3.953,-1.180,165.689
1787079447.814,4.027,-1.175,166.195
1787079448.073,4.100,-1.168,167.324
1787079448.336,4.169,-1.157,167.942
1787079448.612,4.228,-1.144,167.608
1787079448.880,4.291,-1.124,168.282
1787079449.146,4.355,-1.099,168.696
1787079449.410,4.422,-1.068,169.442
1787079449.688,4.476,-1.041,169.157
1787079449.982,4.524,-1.011,169.935
1787079450.260,4.572,-0.978,169.642
1787079450.533,4.613,-0.948,169.332
1787079450.827,4.654,-0.915,170.129
1787079451.117,4.692,-0.883,169.000
1787079451.407,4.729,-0.850,168.643
1787079451.688,4.772,-0.809,169.426
1787079451.968,4.811,-0.772,169.029
1787079452.234,4.842,-0.741,167.842
1787079452.500,4.874,-0.712,168.598
1787079452.757,4.901,-0.689,167.393
1787079453.004,4.925,-0.669,168.131
1787079453.269,4.957,-0.644,167.627
1787079453.530,4.984,-0.625,167.627
1787079453.800,5.018,-0.602,168.347
1787079454.046,5.050,-0.583,167.082
1787079454.310,5.082,-0.567,167.777
1787079454.574,5.114,-0.554,168.473
1787079454.831,5.168,-0.537,167.830
1787079455.104,5.221,-0.524,168.494
1787079455.375,5.281,-0.513,169.154
1787079455.654,5.354,-0.503,170.456
1787079455.917,5.434,-0.495,169.627
1787079456.195,5.514,-0.489,170.821
1787079456.466,5.595,-0.482,171.401
1787079456.719,5.675,-0.473,172.519
1787079456.992,5.752,-0.463,173.573
1787079457.262,5.821,-0.453,174.073
1787079457.526,5.888,-0.438,172.852
1787079457.815,5.960,-0.417,173.700
1787079458.099,6.034,-0.388,172.321
1787079458.381,6.107,-0.349,171.174
1787079458.661,6.172,-0.299,169.620
1787079458.928,6.232,-0.243,168.007
1787079459.248,6.290,-0.183,166.335
1787079459.555,6.343,-0.124,164.609
1787079459.838,6.398,-0.066,162.831
1787079460.122,6.450,-0.016,160.995
1787079460.389,6.505,0.034,159.081
1787079460.654,6.550,0.072,157.226
1787079460.936,6.592,0.102,155.280
1787079461.266,6.639,0.135,155.139
1787079461.558,6.682,0.160,153.121
1787079461.840,6.735,0.186,152.914
1787079462.103,6.798,0.212,150.832
1787079462.387,6.864,0.234,150.265
1787079462.694,6.939,0.252,148.090
1787079462.973,7.011,0.265,147.350
1787079463.236,7.091,0.275,146.941
1787079463.577,7.171,0.281,146.044
1787079463.883,7.248,0.282,145.555
1787079464.188,7.317,0.281,144.493
1787079464.486,7.393,0.280,143.920
1787079464.769,7.474,0.277,142.687
1787079465.061,7.535,0.275,142.026
1787079465.339,7.598,0.274,141.337
1787079465.610,7.670,0.272,139.870
1787079465.902,7.743,0.269,139.092
1787079466.173,7.807,0.268,137.447
1787079466.462,7.880,0.267,136.581
1787079466.728,7.968,0.268,134.761
1787079467.067,8.042,0.269,133.807
1787079467.407,8.118,0.272,131.814
1787079467.675,8.178,0.277,130.776
1787079467.932,8.245,0.280,129.710
1787079468.194,8.324,0.283,127.497
1787079468.473,8.401,0.287,125.180
1787079468.716,8.480,0.290,123.984
1787079468.982,8.566,0.291,121.519
1787079469.241,8.646,0.293,120.252
1787079469.550,8.710,0.298,117.651
1787079469.849,8.785,0.298,116.320
1787079470.131,8.861,0.296,113.598
1787079470.434,8.936,0.288,112.210
1787079470.725,9.002,0.276,109.382
1787079470.984,9.066,0.257,107.945
1787079471.274,9.122,0.235,108.025
1787079471.572,9.172,0.211,106.542
1787079471.831,9.220,0.180,106.560
1787079472.098,9.267,0.148,106.542
1787079472.366,9.326,0.105,104.986
1787079472.640,9.369,0.067,104.901
1787079472.909,9.415,0.022,104.776
1787079473.180,9.460,-0.029,104.608
1787079473.451,9.508,-0.092,104.397
1787079473.726,9.550,-0.167,107.286
1787079474.017,9.589,-0.238,106.987
1787079474.287,9.599,-0.261,108.409
1787079474.547,9.597,-0.257,108.409
1787079474.802,9.597,-0.257,108.409
1787079475.055,9.593,-0.253,108.409
1787079475.311,9.593,-0.253,108.409
1787079475.573,9.593,-0.253,108.409
1787079475.842,9.593,-0.253,108.409
1787079476.112,9.593,-0.253,108.409
1787079476.380,9.593,-0.252,108.409
1787079476.645,9.593,-0.252,108.409
1787079476.906,9.593,-0.252,108.409
1787079477.173,9.593,-0.252,108.409
1787079477.434,9.593,-0.252,108.409
1787079477.701,9.593,-0.252,108.409
1787079477.959,9.593,-0.252,108.409
1787079478.208,9.593,-0.252,108.409
1787079478.462,9.593,-0.252,108.409
1787079478.721,9.593,-0.252,108.409
1787079478.975,9.593,-0.252,108.409
1787079479.222,9.593,-0.252,108.409
1787079479.480,9.593,-0.252,108.409
1787079479.739,9.593,-0.252,108.409
1787079480.001,9.593,-0.252,108.409
1787079480.272,9.593,-0.252,108.409
1787079480.522,9.593,-0.252,108.409
1787079480.765,9.593,-0.252,108.409
1787079481.016,9.593,-0.252,108.409
1787079481.270,9.593,-0.252,108.409
1787079481.556,9.593,-0.252,108.409
1787079481.818,9.593,-0.252,108.409
1787079482.075,9.593,-0.252,108.409
1787079482.341,9.593,-0.252,108.409
1787079482.601,9.593,-0.252,108.409
1787079482.857,9.593,-0.252,108.409
1787079483.106,9.593,-0.252,108.409
1787079483.377,9.593,-0.252,108.409
1787079483.629,9.593,-0.252,108.409
1787079483.944,9.593,-0.252,108.409
1787079484.204,9.593,-0.252,108.409
1787079484.452,9.593,-0.252,108.409
1787079484.689,9.593,-0.252,108.409
1787079484.931,9.593,-0.252,108.409
1787079485.188,9.593,-0.252,108.409
1787079485.442,9.593,-0.252,108.409
1787079485.688,9.593,-0.252,108.409
1787079485.930,9.593,-0.252,108.409
1787079486.195,9.593,-0.252,108.409
1787079486.465,9.593,-0.252,108.409
1787079486.732,9.593,-0.252,108.409
1787079486.974,9.593,-0.252,108.409
1787079487.231,9.593,-0.252,108.409
1787079487.485,9.593,-0.252,108.409
1787080344.625,2.637,-2.639,261.772
1787080344.930,2.637,-2.639,261.772
1787080345.265,2.637,-2.639,261.772
1787080505.508,2.219,-2.102,0.000
1787080505.835,2.219,-2.102,0.000
1787080506.138,2.219,-2.103,0.000
1787080506.453,2.219,-2.103,0.000
1787080506.759,2.219,-2.103,0.000
1787080507.064,2.219,-2.103,0.000
1787080507.383,2.219,-2.103,0.000
1787080507.685,2.219,-2.103,0.000
1787080508.008,2.219,-2.103,0.000
1787080508.300,2.219,-2.103,0.000
1787080508.616,2.219,-2.103,0.000
1787080508.943,2.219,-2.103,0.000
1787080510.575,2.219,-2.103,0.000
1787080510.959,2.219,-2.103,0.000
1787080511.450,2.219,-2.103,0.000
1787080511.908,2.219,-2.103,0.000
1787080512.389,2.219,-2.103,0.000
1787080512.796,2.219,-2.103,0.000
1787080513.176,2.219,-2.103,0.000
1787080513.594,2.219,-2.103,0.000
1787080513.997,2.219,-2.103,0.000
1787080514.339,2.219,-2.103,0.000
1787080514.695,2.227,-2.104,0.000
1787080515.071,2.278,-2.117,0.000
1787080515.428,2.324,-2.133,0.000
1787080515.831,2.376,-2.159,0.000
1787080516.253,2.429,-2.197,0.000
1787080516.655,2.484,-2.249,0.000
1787080517.074,2.538,-2.327,0.000
1787080517.480,2.567,-2.413,0.000
1787080517.880,2.569,-2.489,0.000
1787080518.290,2.555,-2.535,0.000
1787080518.652,2.532,-2.559,0.000
1787080519.061,2.525,-2.564,0.000
1787080519.468,2.531,-2.562,0.000
1787080519.886,2.546,-2.559,0.000
1787080520.257,2.560,-2.560,0.000
1787080520.619,2.576,-2.563,0.000
1787080520.987,2.576,-2.563,0.000
1787080521.341,2.576,-2.564,0.000
1787080521.720,2.576,-2.564,0.000
1787080522.049,2.576,-2.564,0.000
1787080522.335,2.576,-2.564,0.000
1787080522.599,2.576,-2.564,0.000
1787080522.873,2.576,-2.564,0.000
1787080523.126,2.576,-2.564,0.000
1787080523.365,2.576,-2.564,0.000
1787080523.594,2.576,-2.564,0.000
1787080523.830,2.576,-2.564,0.000
1787080524.090,2.576,-2.564,0.000
1787080524.330,2.576,-2.564,0.000
1787080524.560,2.576,-2.564,0.000
1787080524.795,2.576,-2.564,0.000
1787080525.031,2.576,-2.564,0.000
1787081898.499,0.076,-0.254,0.000
1787081898.802,0.064,-0.309,0.000
1787081899.091,0.056,-0.375,0.000
1787081899.379,0.049,-0.447,0.000
1787081899.649,0.042,-0.513,0.000
1787081899.920,0.038,-0.568,0.000
1787081900.207,0.037,-0.622,0.000
1787081900.494,0.037,-0.705,0.000
1787081900.757,0.035,-0.786,0.000
1787081901.050,0.031,-0.876,0.000
1787081901.328,0.028,-0.954,0.000
1787081901.601,0.024,-1.036,0.000
1787081901.881,0.022,-1.107,0.000
1787081902.178,0.022,-1.169,0.000
1787081902.469,0.025,-1.231,0.000
1787081902.769,0.032,-1.307,0.000
1787081903.037,0.042,-1.372,0.000
1787081903.317,0.057,-1.444,0.000
1787081903.603,0.076,-1.518,0.000
1787081903.869,0.100,-1.598,0.000
1787081904.146,0.133,-1.709,0.000
1787081904.416,0.180,-1.843,0.000
1787081904.710,0.234,-1.978,0.000
1787081904.981,0.291,-2.108,0.000
1787081905.274,0.347,-2.224,0.000
1787081905.560,0.400,-2.326,0.000
1787081905.841,0.446,-2.411,0.000
1787081906.133,0.492,-2.489,0.000
1787081906.424,0.544,-2.567,0.000
1787081906.698,0.580,-2.613,0.000
1787081906.974,0.614,-2.652,0.000
1787081907.273,0.644,-2.679,0.000
1787081907.552,0.653,-2.687,0.000
1787081907.819,0.653,-2.687,0.000
1787081908.088,0.653,-2.687,0.000
1787081908.354,0.653,-2.687,0.000
1787081908.622,0.649,-2.683,0.000
1787081908.882,0.649,-2.684,0.000
1787081909.159,0.649,-2.684,0.000
1787081909.440,0.649,-2.684,0.000
1787081909.716,0.649,-2.684,0.000
1787081910.003,0.649,-2.684,0.000
1787081910.276,0.649,-2.684,0.000
1787081910.555,0.649,-2.684,0.000
1787081910.820,0.649,-2.684,0.000
1787081911.100,0.649,-2.684,0.000
1787081911.372,0.649,-2.684,0.000
1787081911.627,0.649,-2.684,0.000
1787081911.900,0.649,-2.684,0.000
1787081912.174,0.649,-2.684,0.000
1787081912.436,0.649,-2.684,0.000
1787081912.717,0.649,-2.684,0.000
1787081913.003,0.649,-2.684,0.000
1787081913.277,0.649,-2.684,0.000
1787081913.538,0.649,-2.684,0.000
1787081913.801,0.649,-2.684,0.000
1787081914.080,0.649,-2.684,0.000
1787081914.349,0.649,-2.684,0.000
1787081914.614,0.649,-2.684,0.000
1787081914.907,0.649,-2.684,0.000
1787081915.176,0.649,-2.684,0.000
1787081915.449,0.649,-2.684,0.000
1787081915.726,0.649,-2.684,0.000
1787081915.995,0.649,-2.684,0.000
1787081916.255,0.649,-2.684,0.000
1787081916.538,0.649,-2.684,0.000
1787081916.803,0.649,-2.684,0.000
1787081917.082,0.649,-2.684,0.000
1787081917.366,0.649,-2.684,0.000
1787081917.631,0.649,-2.684,0.000
1787081917.906,0.649,-2.684,0.000
1787081918.186,0.649,-2.684,0.000
1787081918.465,0.649,-2.684,0.000
1787081918.732,0.649,-2.684,0.000
1787081919.001,0.649,-2.684,0.000
1787081919.276,0.649,-2.684,0.000
1787081919.538,0.649,-2.684,0.000
1787081919.814,0.649,-2.684,0.000
1787081920.101,0.649,-2.684,0.000
1787081920.379,0.649,-2.684,0.000
1787081920.698,0.649,-2.684,0.000
1787081920.969,0.649,-2.684,0.000
1787081921.266,0.649,-2.684,0.000
1787081921.506,0.649,-2.684,0.000
1787081921.727,0.649,-2.684,0.000
1787081921.945,0.649,-2.684,0.000
1787081922.179,0.649,-2.684,0.000
1787081922.391,0.649,-2.684,0.000
1787081922.597,0.649,-2.684,0.000
1787081922.802,0.649,-2.684,0.000
1787081923.017,0.649,-2.684,0.000
1787081923.223,0.649,-2.684,0.000
1787081923.428,0.649,-2.684,0.000
1787081923.647,0.649,-2.684,0.000
1787081923.852,0.649,-2.684,0.000
1787081924.065,0.649,-2.684,0.000
1787081924.273,0.649,-2.684,0.000
1787081924.483,0.649,-2.684,0.000
1787081924.695,0.649,-2.684,0.000
1787081924.906,0.649,-2.684,0.000
1787081925.146,0.649,-2.684,0.000
1787081925.364,0.649,-2.684,0.000
1787081925.570,0.649,-2.684,0.000
1787081925.780,0.649,-2.684,0.000
1787081925.985,0.649,-2.684,0.000
1787081926.191,0.649,-2.684,0.000
1787081926.396,0.649,-2.684,0.000
1787081926.634,0.649,-2.684,0.000
1787081926.878,0.649,-2.684,0.000
1787081927.089,0.649,-2.684,0.000
1787081927.292,0.649,-2.684,0.000
1787081927.492,0.649,-2.684,0.000
1787081927.697,0.649,-2.684,0.000
1787081927.895,0.649,-2.684,0.000
1787081928.118,0.649,-2.684,0.000
1787081928.323,0.649,-2.684,0.000
1787081928.525,0.649,-2.684,0.000
1787081928.727,0.649,-2.684,0.000
1787081928.937,0.649,-2.684,0.000
1787081929.157,0.649,-2.684,0.000
1787081929.364,0.649,-2.684,0.000
1787081929.567,0.649,-2.684,0.000
1787081929.769,0.649,-2.684,0.000
1787081929.982,0.649,-2.684,0.000
1787081930.198,0.649,-2.684,0.000
1787081930.402,0.649,-2.684,0.000
1787081930.615,0.649,-2.684,0.000
1787081930.829,0.649,-2.684,0.000
1787081931.041,0.649,-2.684,0.000
1787081931.240,0.649,-2.684,0.000
1787081931.440,0.649,-2.684,0.000
1787081931.644,0.649,-2.684,0.000
1787081931.843,0.649,-2.684,0.000
1787081932.048,0.649,-2.684,0.000
1787081932.255,0.649,-2.684,0.000
1787081932.459,0.649,-2.684,0.000
1787081932.666,0.649,-2.684,0.000
1787081932.877,0.649,-2.684,0.000
1787081933.084,0.649,-2.684,0.000
1787081933.291,0.649,-2.684,0.000
1787081933.499,0.649,-2.684,0.000
1787081933.703,0.649,-2.684,0.000
1787081933.905,0.649,-2.684,0.000
1787081934.111,0.649,-2.684,0.000
1787081934.320,0.649,-2.684,0.000
1787081934.521,0.649,-2.684,0.000
1787081934.724,0.649,-2.684,0.000
1787081934.929,0.649,-2.684,0.000
1787081935.142,0.649,-2.684,0.000
1787081935.353,0.649,-2.684,0.000
1787081935.555,0.649,-2.684,0.000
1787081935.764,0.649,-2.684,0.000
1787081935.991,0.649,-2.684,0.000
1787081936.261,0.649,-2.684,0.000
1787081936.473,0.649,-2.684,0.000
1787081936.681,0.649,-2.684,0.000
1787081936.885,0.649,-2.684,0.000
1787081937.086,0.649,-2.684,0.000
1787081937.291,0.649,-2.684,0.000
1787081937.501,0.649,-2.684,0.000
1787081937.704,0.649,-2.684,0.000
1787081937.904,0.649,-2.684,0.000
1787081938.112,0.649,-2.684,0.000
1787081938.324,0.649,-2.684,0.000
1787081938.525,0.649,-2.684,0.000
1787081938.729,0.649,-2.684,0.000
1787081938.931,0.649,-2.684,0.000
1787081939.136,0.649,-2.684,0.000
1787081939.340,0.649,-2.684,0.000
1787081939.542,0.649,-2.684,0.000
1787081939.749,0.649,-2.684,0.000
1787081939.950,0.649,-2.684,0.000
1787081940.158,0.649,-2.684,0.000
1787081940.369,0.649,-2.684,0.000
1787081940.576,0.649,-2.684,0.000
1787081940.781,0.649,-2.684,0.000
1787081940.987,0.649,-2.684,0.000
1787081941.187,0.649,-2.684,0.000
1787081941.390,0.649,-2.684,0.000
1787081941.597,0.649,-2.684,0.000
1787081941.801,0.649,-2.684,0.000
1787081942.004,0.649,-2.684,0.000
1787081942.206,0.649,-2.684,0.000
1787081942.409,0.649,-2.684,0.000
1787081942.633,0.649,-2.684,0.000
1787081942.855,0.649,-2.684,0.000
1787081943.064,0.649,-2.684,0.000
1787081943.273,0.649,-2.684,0.000
1787081943.482,0.649,-2.684,0.000
1787081943.685,0.649,-2.684,0.000
1787081943.893,0.649,-2.684,0.000
1787081944.100,0.649,-2.684,0.000
1787081944.301,0.649,-2.684,0.000
1787081944.507,0.649,-2.684,0.000
1787081944.711,0.649,-2.684,0.000
1787081944.922,0.649,-2.684,0.000
1787081945.125,0.649,-2.684,0.000
1787081945.333,0.649,-2.684,0.000
1787081945.537,0.649,-2.684,0.000
1787081945.754,0.649,-2.684,0.000
1787081945.960,0.649,-2.684,0.000
1787081946.163,0.649,-2.684,0.000
1787081946.366,0.649,-2.684,0.000
1787081946.572,0.649,-2.684,0.000
1787081946.777,0.649,-2.684,0.000
1787081946.981,0.649,-2.684,0.000
1787081947.184,0.649,-2.684,0.000
1787081947.387,0.649,-2.684,0.000
1787081947.591,0.649,-2.684,0.000
1787081947.795,0.649,-2.684,0.000
1787081947.996,0.649,-2.684,0.000
1787081948.203,0.649,-2.684,0.000
1787081948.411,0.649,-2.684,0.000
1787081948.614,0.649,-2.684,0.000
1787081948.815,0.649,-2.684,0.000
1787081949.027,0.649,-2.684,0.000
1787081949.238,0.649,-2.684,0.000
1787081949.445,0.649,-2.684,0.000
1787081949.651,0.649,-2.684,0.000
1787081949.853,0.649,-2.684,0.000
1787081950.064,0.649,-2.684,0.000
1787081950.272,0.649,-2.684,0.000
1787081950.482,0.649,-2.684,0.000
1787081950.688,0.649,-2.684,0.000
1787081950.890,0.649,-2.684,0.000
1787081951.091,0.649,-2.684,0.000
1787081951.298,0.649,-2.684,0.000
1787081951.497,0.649,-2.684,0.000
1787081951.708,0.649,-2.684,0.000
1787081951.912,0.649,-2.684,0.000
1787081952.121,0.649,-2.684,0.000
1787081952.329,0.649,-2.684,0.000
1787081952.536,0.649,-2.684,0.000
1787081952.742,0.649,-2.684,0.000
1787081952.946,0.649,-2.684,0.000
1787081953.156,0.649,-2.684,0.000
1787081953.366,0.649,-2.684,0.000
1787081953.569,0.649,-2.684,0.000
1787081953.780,0.649,-2.684,0.000
1787081953.986,0.649,-2.684,0.000
1787081954.189,0.649,-2.684,0.000
1787081954.400,0.649,-2.684,0.000
1787081954.603,0.649,-2.684,0.000
1787081954.808,0.649,-2.684,0.000
1787081955.012,0.649,-2.684,0.000
1787081955.222,0.649,-2.684,0.000
1787081955.429,0.649,-2.684,0.000
1787081955.637,0.649,-2.684,0.000
1787081955.842,0.649,-2.684,0.000
1787081956.050,0.649,-2.684,0.000
1787081956.265,0.649,-2.684,0.000
1787081956.470,0.649,-2.684,0.000
1787081956.679,0.649,-2.684,0.000
1787081956.881,0.649,-2.684,0.000
1787081957.084,0.649,-2.684,0.000
1787081957.296,0.649,-2.684,0.000
1787081957.499,0.649,-2.684,0.000
1787081957.701,0.649,-2.684,0.000
1787081957.906,0.649,-2.684,0.000
1787081958.112,0.649,-2.684,0.000
1787081958.313,0.649,-2.684,0.000
1787081958.518,0.649,-2.684,0.000
1787081958.723,0.649,-2.684,0.000
1787081958.926,0.649,-2.684,0.000
1787081959.127,0.649,-2.684,0.000
1787081959.332,0.649,-2.684,0.000
1787081959.534,0.649,-2.684,0.000
1787081959.739,0.649,-2.684,0.000
1787081959.942,0.649,-2.684,0.000
1787081960.142,0.649,-2.684,0.000
1787081960.347,0.649,-2.684,0.000
1787081960.550,0.649,-2.684,0.000
1787081960.753,0.649,-2.684,0.000
1787081960.959,0.649,-2.684,0.000
1787081961.168,0.649,-2.684,0.000
1787081961.371,0.649,-2.684,0.000
1787081961.576,0.649,-2.684,0.000
1787081961.779,0.649,-2.684,0.000
1787081961.988,0.649,-2.684,0.000
1787081962.192,0.649,-2.684,0.000
1787081962.400,0.649,-2.684,0.000
1787081962.620,0.649,-2.684,0.000
1787081962.826,0.649,-2.684,0.000
1787081963.041,0.649,-2.684,0.000
1787081963.242,0.649,-2.684,0.000
1787081963.445,0.649,-2.684,0.000
1787081963.647,0.649,-2.684,0.000
1787081963.853,0.649,-2.684,0.000
1787081964.061,0.649,-2.684,0.000
1787081964.274,0.649,-2.684,0.000
1787081964.481,0.649,-2.684,0.000
1787081964.685,0.649,-2.684,0.000
1787081964.895,0.649,-2.684,0.000
1787081965.109,0.649,-2.684,0.000
1787081965.314,0.649,-2.684,0.000
1787081965.516,0.649,-2.684,0.000
1787081965.724,0.649,-2.684,0.000
1787081965.928,0.649,-2.684,0.000
1787081966.131,0.649,-2.684,0.000
1787081966.338,0.649,-2.684,0.000
1787081966.545,0.649,-2.684,0.000
1787081966.752,0.649,-2.684,0.000
1787081966.956,0.649,-2.684,0.000
1787081967.159,0.649,-2.684,0.000
1787081967.359,0.649,-2.684,0.000
1787081967.565,0.649,-2.684,0.000
1787081967.770,0.649,-2.684,0.000
1787081967.976,0.649,-2.684,0.000
1787081968.183,0.649,-2.684,0.000
1787081968.390,0.649,-2.684,0.000
1787081968.594,0.649,-2.684,0.000
1787081968.796,0.649,-2.684,0.000
1787081968.998,0.649,-2.684,0.000
1787081969.208,0.649,-2.684,0.000
1787081969.415,0.649,-2.684,0.000
1787081969.626,0.649,-2.684,0.000
1787081969.838,0.649,-2.684,0.000
1787081970.050,0.649,-2.684,0.000
1787081970.263,0.649,-2.684,0.000
1787081970.471,0.649,-2.684,0.000
1787081970.677,0.649,-2.684,0.000
1787081970.882,0.649,-2.684,0.000
1787081971.094,0.649,-2.684,0.000
1787081971.297,0.649,-2.684,0.000
1787081971.498,0.649,-2.684,0.000
1787081971.700,0.649,-2.684,0.000
1787081971.908,0.649,-2.684,0.000
1787081972.112,0.649,-2.684,0.000
1787081972.315,0.649,-2.684,0.000
1787081972.524,0.649,-2.684,0.000
1787081972.729,0.649,-2.684,0.000
1787081972.936,0.649,-2.684,0.000
1787081973.148,0.649,-2.684,0.000
1787081973.350,0.649,-2.684,0.000
1787081973.552,0.649,-2.684,0.000
1787081973.754,0.649,-2.684,0.000
1787081973.960,0.649,-2.684,0.000
1787081974.163,0.649,-2.684,0.000
1787081974.367,0.649,-2.684,0.000
1787081974.572,0.649,-2.684,0.000
1787081974.783,0.649,-2.684,0.000
1787081974.993,0.649,-2.684,0.000
1787081975.194,0.649,-2.684,0.000
1787081975.401,0.649,-2.684,0.000
1787081975.608,0.649,-2.684,0.000
1787081975.809,0.649,-2.684,0.000
1787081976.017,0.649,-2.684,0.000
1787081976.218,0.649,-2.684,0.000
1787081976.425,0.649,-2.684,0.000
1787081976.629,0.649,-2.684,0.000
1787081976.839,0.649,-2.684,0.000
1787081977.051,0.649,-2.684,0.000
1787081977.258,0.649,-2.684,0.000
1787081977.461,0.649,-2.684,0.000
1787081977.668,0.649,-2.684,0.000
1787081977.871,0.649,-2.684,0.000
1787081978.079,0.649,-2.684,0.000
1787081978.292,0.649,-2.684,0.000
1787081978.497,0.649,-2.684,0.000
1787081978.699,0.649,-2.684,0.000
1787081978.910,0.649,-2.684,0.000
1787081979.121,0.649,-2.684,0.000
1787081979.324,0.649,-2.684,0.000
1787081979.533,0.649,-2.684,0.000
1787081979.739,0.649,-2.684,0.000
1787081979.948,0.649,-2.684,0.000
1787081980.157,0.649,-2.684,0.000
1787081980.365,0.649,-2.684,0.000
1787081980.578,0.649,-2.684,0.000
1787081980.784,0.649,-2.684,0.000
1787081980.990,0.649,-2.684,0.000
1787081981.194,0.649,-2.684,0.000
1787081981.400,0.649,-2.684,0.000
1787081981.603,0.649,-2.684,0.000
1787081981.811,0.649,-2.684,0.000
1787081982.017,0.649,-2.684,0.000
1787081982.231,0.649,-2.684,0.000
1787081982.429,0.649,-2.684,0.000
1787081982.633,0.649,-2.684,0.000
1787081982.837,0.649,-2.684,0.000
1787081983.044,0.649,-2.684,0.000
1787081983.247,0.649,-2.684,0.000
1787081983.453,0.649,-2.684,0.000
1787081983.661,0.649,-2.684,0.000
1787081983.868,0.649,-2.684,0.000
1787081984.076,0.649,-2.684,0.000
1787081984.280,0.649,-2.684,0.000
1787081984.485,0.649,-2.684,0.000
1787081984.687,0.649,-2.684,0.000
1787081984.889,0.649,-2.684,0.000
1787081985.095,0.649,-2.684,0.000
1787081985.295,0.649,-2.684,0.000
1787081985.505,0.649,-2.684,0.000
1787081985.708,0.649,-2.684,0.000
1787081985.908,0.649,-2.684,0.000
1787081986.112,0.649,-2.684,0.000
1787081986.320,0.649,-2.684,0.000
1787081986.521,0.649,-2.684,0.000
1787081986.722,0.649,-2.684,0.000
1787081986.931,0.649,-2.684,0.000
1787081987.139,0.649,-2.684,0.000
1787081987.339,0.649,-2.684,0.000
1787081987.539,0.649,-2.684,0.000
1787081987.744,0.649,-2.684,0.000
1787081987.950,0.649,-2.684,0.000
1787081988.163,0.649,-2.684,0.000
1787081988.366,0.649,-2.684,0.000
1787081988.572,0.649,-2.684,0.000
1787081988.776,0.649,-2.684,0.000
1787081988.978,0.649,-2.684,0.000
1787081989.183,0.649,-2.684,0.000
1787081989.386,0.649,-2.684,0.000
1787081989.590,0.649,-2.684,0.000
1787081989.802,0.649,-2.684,0.000
1787081990.009,0.649,-2.684,0.000
1787081990.212,0.649,-2.684,0.000
1787081990.419,0.649,-2.684,0.000
1787081990.618,0.649,-2.684,0.000
1787081990.823,0.649,-2.684,0.000
1787081991.033,0.649,-2.684,0.000
1787081991.243,0.649,-2.684,0.000
1787081991.447,0.649,-2.684,0.000
1787081991.650,0.649,-2.684,0.000
1787081991.857,0.649,-2.684,0.000
1787081992.064,0.649,-2.684,0.000
1787081992.268,0.649,-2.684,0.000
1787081992.473,0.649,-2.684,0.000
1787081992.673,0.649,-2.684,0.000
1787081992.875,0.649,-2.684,0.000
1787081993.087,0.649,-2.684,0.000
1787081993.292,0.649,-2.684,0.000
1787081993.498,0.649,-2.684,0.000
1787081993.700,0.649,-2.684,0.000
1787081993.906,0.649,-2.684,0.000
1787081994.115,0.649,-2.684,0.000
1787081994.320,0.649,-2.684,0.000
1787081994.524,0.649,-2.684,0.000
1787081994.726,0.649,-2.684,0.000
1787081994.932,0.649,-2.684,0.000
1787081995.140,0.649,-2.684,0.000
1787081995.339,0.649,-2.684,0.000
1787081995.543,0.649,-2.684,0.000
1787081995.751,0.649,-2.684,0.000
1787081995.952,0.649,-2.684,0.000
1787081996.159,0.649,-2.684,0.000
1787081996.379,0.649,-2.684,0.000
1787081996.653,0.649,-2.684,0.000
1787081996.865,0.649,-2.684,0.000
1787081997.070,0.649,-2.684,0.000
1787081997.275,0.649,-2.684,0.000
1787081997.479,0.649,-2.684,0.000
1787081997.682,0.649,-2.684,0.000
1787081997.893,0.649,-2.684,0.000
1787081998.100,0.649,-2.684,0.000
1787081998.304,0.649,-2.684,0.000
1787081998.502,0.649,-2.684,0.000
1787081998.704,0.649,-2.684,0.000
1787081998.912,0.649,-2.684,0.000
1787081999.115,0.649,-2.684,0.000
1787081999.323,0.649,-2.684,0.000
1787081999.532,0.649,-2.684,0.000
1787081999.738,0.649,-2.684,0.000
1787081999.941,0.649,-2.684,0.000
1787082000.147,0.649,-2.684,0.000
1787082000.355,0.649,-2.684,0.000
1787082000.561,0.649,-2.684,0.000
1787082000.775,0.649,-2.684,0.000
1787082000.975,0.649,-2.684,0.000
1787082001.183,0.649,-2.684,0.000
1787082001.395,0.649,-2.684,0.000
1787082001.609,0.649,-2.684,0.000
1787082001.813,0.649,-2.684,0.000
1787082002.020,0.649,-2.684,0.000
1787082002.227,0.649,-2.684,0.000
1787082002.441,0.649,-2.684,0.000
1787082002.666,0.649,-2.684,0.000
1787082002.867,0.649,-2.684,0.000
1787082003.075,0.649,-2.684,0.000
1787082003.284,0.649,-2.684,0.000
1787082003.486,0.649,-2.684,0.000
1787082003.698,0.649,-2.684,0.000
1787082003.907,0.649,-2.684,0.000
1787082004.115,0.649,-2.684,0.000
1787082004.332,0.649,-2.684,0.000
1787082004.535,0.649,-2.684,0.000
1787082004.743,0.649,-2.684,0.000
1787082004.950,0.649,-2.684,0.000
1787082005.152,0.649,-2.684,0.000
1787082005.358,0.649,-2.684,0.000
1787082005.561,0.649,-2.684,0.000
1787082005.771,0.649,-2.684,0.000
1787082005.973,0.649,-2.684,0.000
1787082006.179,0.649,-2.684,0.000
1787082006.388,0.649,-2.684,0.000
1787082006.594,0.649,-2.684,0.000
1787082006.804,0.649,-2.684,0.000
1787082007.009,0.649,-2.684,0.000
1787082007.220,0.649,-2.684,0.000
1787082007.426,0.649,-2.684,0.000
1787082007.631,0.649,-2.684,0.000
1787082007.840,0.649,-2.684,0.000
1787082008.048,0.649,-2.684,0.000
1787082008.257,0.649,-2.684,0.000
1787082008.460,0.649,-2.684,0.000
1787082008.663,0.649,-2.684,0.000
1787082008.866,0.649,-2.684,0.000
1787082009.076,0.649,-2.684,0.000
1787082009.283,0.649,-2.684,0.000
1787082009.490,0.649,-2.684,0.000
1787082009.693,0.649,-2.684,0.000
1787082009.902,0.649,-2.684,0.000
1787082010.111,0.649,-2.684,0.000
1787082010.316,0.649,-2.684,0.000
1787082010.525,0.649,-2.684,0.000
1787082010.730,0.649,-2.684,0.000
1787082010.936,0.649,-2.684,0.000
1787082011.141,0.649,-2.684,0.000
1787082011.344,0.649,-2.684,0.000
1787082011.546,0.649,-2.684,0.000
1787082011.754,0.649,-2.684,0.000
1787082011.963,0.649,-2.684,0.000
1787082012.169,0.649,-2.684,0.000
1787082012.373,0.649,-2.684,0.000
1787082012.576,0.649,-2.684,0.000
1787082012.780,0.649,-2.684,0.000
1787082012.982,0.649,-2.684,0.000
1787082013.183,0.649,-2.684,0.000
1787082013.388,0.649,-2.684,0.000
1787082013.595,0.649,-2.684,0.000
1787082013.803,0.649,-2.684,0.000
1787082014.006,0.649,-2.684,0.000
1787082014.209,0.649,-2.684,0.000
1787082014.417,0.649,-2.684,0.000
1787082014.615,0.649,-2.684,0.000
1787082014.826,0.649,-2.684,0.000
1787082015.049,0.649,-2.684,0.000
1787082015.257,0.649,-2.684,0.000
1787082015.465,0.649,-2.684,0.000
1787082015.686,0.649,-2.684,0.000
1787082015.903,0.649,-2.684,0.000
1787082016.106,0.649,-2.684,0.000
1787082016.308,0.649,-2.684,0.000
1787082016.510,0.649,-2.684,0.000
1787082016.714,0.649,-2.684,0.000
1787082016.921,0.649,-2.684,0.000
1787082017.125,0.649,-2.684,0.000
1787082017.325,0.649,-2.684,0.000
1787082017.527,0.649,-2.684,0.000
1787082017.731,0.649,-2.684,0.000
1787082017.935,0.649,-2.684,0.000
1787082018.140,0.649,-2.684,0.000
1787082018.350,0.649,-2.684,0.000
1787082018.571,0.649,-2.684,0.000
1787082018.775,0.649,-2.684,0.000
1787082018.988,0.649,-2.684,0.000
1787082019.195,0.649,-2.684,0.000
1787082019.406,0.649,-2.684,0.000
1787082019.620,0.649,-2.684,0.000
1787082019.834,0.649,-2.684,0.000
1787082020.055,0.649,-2.684,0.000
1787082020.276,0.649,-2.684,0.000
1787082020.495,0.649,-2.684,0.000
1787082020.705,0.649,-2.684,0.000
1787082020.913,0.649,-2.684,0.000
1787082021.123,0.649,-2.684,0.000
1787082021.333,0.649,-2.684,0.000
1787082021.546,0.649,-2.684,0.000
1787082021.754,0.649,-2.684,0.000
1787082021.967,0.649,-2.684,0.000
1787082022.177,0.649,-2.684,0.000
1787082022.388,0.649,-2.684,0.000
1787082022.592,0.649,-2.684,0.000
1787082022.805,0.649,-2.684,0.000
1787082023.024,0.649,-2.684,0.000
1787082023.231,0.649,-2.684,0.000
1787082023.445,0.649,-2.684,0.000
1787082023.660,0.649,-2.684,0.000
1787082023.865,0.649,-2.684,0.000
1787082024.070,0.649,-2.684,0.000
1787082024.272,0.649,-2.684,0.000
1787082024.475,0.649,-2.684,0.000
1787082024.678,0.649,-2.684,0.000
1787082024.879,0.649,-2.684,0.000
1787082025.090,0.649,-2.684,0.000
1787082025.287,0.649,-2.684,0.000
1787082025.494,0.649,-2.684,0.000
1787082025.697,0.649,-2.684,0.000
1787082025.899,0.649,-2.684,0.000
1787082026.101,0.649,-2.684,0.000
1787082026.306,0.649,-2.684,0.000
1787082026.540,0.649,-2.684,0.000
1787082026.785,0.649,-2.684,0.000
1787082027.020,0.649,-2.684,0.000
1787082027.231,0.649,-2.684,0.000
1787082027.436,0.649,-2.684,0.000
1787082027.637,0.649,-2.684,0.000
1787082027.850,0.649,-2.684,0.000
1787082028.051,0.649,-2.684,0.000
1787082028.253,0.649,-2.684,0.000
1787082028.457,0.649,-2.684,0.000
1787082028.662,0.649,-2.684,0.000
1787082028.863,0.649,-2.684,0.000
1787082029.065,0.649,-2.684,0.000
1787082029.267,0.649,-2.684,0.000
1787082029.478,0.649,-2.684,0.000
1787082029.739,0.649,-2.684,0.000
1787082029.950,0.649,-2.684,0.000
1787082030.152,0.649,-2.684,0.000
1787082030.357,0.649,-2.684,0.000
1787082030.566,0.649,-2.684,0.000
1787082030.768,0.649,-2.684,0.000
1787082030.970,0.649,-2.684,0.000
1787082031.172,0.649,-2.684,0.000
1787082031.378,0.649,-2.684,0.000
1787082031.580,0.649,-2.684,0.000
1787082031.782,0.649,-2.684,0.000
1787082031.983,0.649,-2.684,0.000
1787082032.187,0.649,-2.684,0.000
1787082032.404,0.649,-2.684,0.000
1787082032.639,0.649,-2.684,0.000
1787082032.865,0.649,-2.684,0.000
1787082033.070,0.649,-2.684,0.000
1787082033.289,0.649,-2.684,0.000
1787082033.517,0.649,-2.684,0.000
1787082033.746,0.649,-2.684,0.000
1787082033.975,0.649,-2.684,0.000
1787082034.180,0.649,-2.684,0.000
1787082034.396,0.649,-2.684,0.000
1787082034.601,0.649,-2.684,0.000
1787082034.812,0.649,-2.684,0.000
1787082035.024,0.649,-2.684,0.000
1787082035.226,0.649,-2.684,0.000
1787082035.430,0.649,-2.684,0.000
1787082035.642,0.649,-2.684,0.000
1787082035.852,0.649,-2.684,0.000
1787082036.062,0.649,-2.684,0.000
1787082036.277,0.649,-2.684,0.000
1787082036.484,0.649,-2.684,0.000
1787082036.692,0.649,-2.684,0.000
1787082036.906,0.649,-2.684,0.000
1787082037.112,0.649,-2.684,0.000
1787082037.313,0.649,-2.684,0.000
1787082037.516,0.649,-2.684,0.000
1787082037.722,0.649,-2.684,0.000
1787082037.946,0.649,-2.684,0.000
1787082038.164,0.649,-2.684,0.000
1787083150.874,0.177,-1.399,338.981
1787083151.141,0.177,-1.399,338.981
1787083151.403,0.177,-1.399,338.981
1787083151.662,0.177,-1.399,338.981
1787083151.906,0.177,-1.399,338.981
1787083152.173,0.177,-1.399,338.981
1787083152.429,0.177,-1.399,338.981
1787083152.691,0.177,-1.399,338.981
1787083152.957,0.177,-1.399,338.981
1787083153.231,0.177,-1.399,338.981
1787083153.508,0.177,-1.399,338.981
1787083153.759,0.177,-1.399,338.981
1787083154.031,0.177,-1.399,338.981
1787083154.293,0.177,-1.399,338.981
1787083154.575,0.177,-1.399,338.981
1787083154.842,0.177,-1.399,338.981
1787083155.103,0.177,-1.399,338.981
1787083155.362,0.177,-1.399,338.981
1787083155.629,0.177,-1.399,338.981
1787083155.905,0.177,-1.399,338.981
1787083156.171,0.177,-1.399,338.981
1787083156.436,0.177,-1.399,338.981
1787083156.725,0.177,-1.399,338.981
1787083156.991,0.177,-1.399,338.981
1787083157.259,0.177,-1.399,338.981
1787083157.527,0.177,-1.399,338.981
1787083157.794,0.178,-1.394,338.981
1787083158.066,0.183,-1.354,338.981
1787083158.342,0.193,-1.317,363.105
1787083158.612,0.214,-1.270,425.044
1787083158.880,0.252,-1.212,495.067
1787083159.140,0.304,-1.153,573.750
1787083159.426,0.363,-1.098,699.904
1787083159.716,0.426,-1.047,801.066
1787083159.987,0.492,-0.998,912.277
1787083160.267,0.560,-0.949,1112.865
1787083160.532,0.623,-0.906,1195.050
1787083160.802,0.689,-0.863,1340.695
1787083161.068,0.750,-0.820,1595.102
1787083161.349,0.816,-0.781,1767.273
1787083161.639,0.885,-0.745,1948.262
1787083161.920,0.963,-0.709,2174.803
1787083162.197,1.039,-0.679,2373.671
1787083162.469,1.116,-0.653,2610.229
1787083162.751,1.196,-0.628,2820.567
1787083163.024,1.268,-0.609,3055.484
1787083163.289,1.328,-0.595,3268.849
1787083163.576,1.395,-0.586,3381.055
1787083163.855,1.469,-0.580,3590.128
1787083164.139,1.542,-0.578,3685.617
1787083164.425,1.619,-0.578,3855.258
1787083164.729,1.692,-0.577,3928.226
1787083165.014,1.764,-0.574,4047.858
1787083165.284,1.837,-0.569,4093.654
1787083165.559,1.911,-0.565,4155.521
1787083165.845,1.983,-0.561,4171.134
1787083166.119,2.055,-0.557,4171.134
1787083166.386,2.127,-0.552,4155.521
1787083166.665,2.195,-0.549,4250.081
1787083166.945,2.260,-0.540,4165.923
1787083167.229,2.308,-0.529,4109.034
1787083167.505,2.346,-0.521,4109.034
1787083167.787,2.388,-0.516,4042.802
1787083168.062,2.446,-0.516,3967.705
1787083168.337,2.501,-0.522,3793.116
1787083168.599,2.555,-0.531,3694.843
1787083168.864,2.611,-0.542,3590.128
1787083169.123,2.654,-0.548,3479.672
1787083169.384,2.701,-0.554,3268.849
1787083169.666,2.757,-0.560,3152.475
1787083169.944,2.828,-0.568,3032.653
1787083170.216,2.896,-0.578,2910.101
1787083170.505,2.977,-0.596,2659.632
1787083170.771,3.037,-0.613,2455.150
1787083171.051,3.103,-0.635,2210.432
1787083171.306,3.163,-0.657,2020.183
1787083171.594,3.220,-0.678,1904.916
1787083171.875,3.271,-0.694,1791.741
1787083172.163,3.323,-0.705,1621.234
1787083172.443,3.383,-0.715,1517.308
1787083172.738,3.438,-0.723,1416.498
1787083173.004,3.492,-0.731,1319.084
1787083173.270,3.550,-0.742,1135.347
1787083173.542,3.648,-0.761,1009.483
1787083173.822,3.770,-0.783,785.204
1787083174.104,3.900,-0.807,573.033
1787083174.384,4.030,-0.833,471.511
1787083174.670,4.153,-0.863,330.611
1787083174.950,4.267,-0.897,265.322
1787083175.227,4.361,-0.933,201.279
1787083175.493,4.434,-0.966,170.237
1787083175.783,4.501,-1.003,126.589
1787083176.086,4.570,-1.038,111.575
1787083176.399,4.633,-1.068,92.962
1787083176.690,4.684,-1.089,81.528
1787083176.968,4.727,-1.104,67.420
1787083177.258,4.739,-1.107,67.420
1787083177.527,4.739,-1.107,67.420
1787083177.793,4.740,-1.107,67.420
1787083178.081,4.740,-1.107,67.420
1787083178.359,4.740,-1.107,67.420
1787083178.635,4.740,-1.107,67.420
1787083178.900,4.740,-1.107,67.420
1787083179.166,4.740,-1.107,67.420
1787083179.429,4.740,-1.107,67.420
1787083179.699,4.740,-1.107,67.420
1787083179.977,4.740,-1.107,67.420
1787083180.240,4.740,-1.107,67.420
1787083180.508,4.740,-1.107,67.420
1787083180.781,4.740,-1.107,67.420
1787083181.047,4.740,-1.107,67.420
1787083181.317,4.740,-1.107,67.420
1787083181.588,4.740,-1.107,67.420
1787083181.850,4.740,-1.107,67.420
1787083182.122,4.740,-1.107,67.420
1787083182.379,4.740,-1.107,67.420
1787083182.642,4.740,-1.107,67.420
1787083182.895,4.740,-1.107,67.420
1787083183.147,4.740,-1.107,67.420
1787083183.412,4.734,-1.105,67.420
1787083183.710,4.711,-1.097,71.321
1787083183.970,4.691,-1.088,81.528
1787083184.238,4.692,-1.088,81.528
1787083184.506,4.689,-1.086,81.528
1787083184.774,4.693,-1.090,81.528
1787083185.040,4.696,-1.096,81.528
1787083185.314,4.698,-1.101,77.068
1787083185.603,4.698,-1.105,77.068
1787083185.874,4.698,-1.108,77.068
1787083186.157,4.697,-1.118,77.068
1787083186.458,4.693,-1.130,77.068
1787083186.748,4.685,-1.143,77.068
1787083187.009,4.676,-1.156,72.671
1787083187.282,4.663,-1.168,72.671
1787083187.572,4.643,-1.181,82.863
1787083187.851,4.621,-1.192,82.863
1787083188.120,4.579,-1.211,88.650
1787083188.419,4.529,-1.236,100.579
1787083188.685,4.462,-1.269,106.798
1787083188.967,4.394,-1.316,127.064
1787083189.245,4.330,-1.363,133.245
1787083189.529,4.269,-1.417,139.030
1787083189.813,4.219,-1.457,144.343
1787083190.092,4.166,-1.497,160.926
1787083190.354,4.110,-1.533,165.827
1787083190.661,4.065,-1.561,170.025
1787083190.949,4.038,-1.573,188.141
1787083191.240,3.999,-1.589,207.669
1787083191.510,3.947,-1.603,210.807
1787083191.822,3.882,-1.615,231.526
1787083192.133,3.807,-1.627,253.647
1787083192.453,3.725,-1.638,302.156
1787083192.786,3.648,-1.652,327.731
1787083193.072,3.577,-1.666,354.583
1787083193.400,3.511,-1.677,382.678
1787083193.736,3.438,-1.686,442.391
1787083194.076,3.358,-1.696,473.875
1787083194.422,3.290,-1.702,495.067
1787083194.725,3.210,-1.710,526.338
1787083195.002,3.127,-1.714,590.484
1787083195.306,3.047,-1.720,655.857
1787083195.595,2.971,-1.724,688.622
1787083195.915,2.877,-1.730,753.473
1787083196.197,2.784,-1.736,816.228
1787083196.475,2.703,-1.743,846.359
1787083196.781,2.629,-1.752,826.494
1787083197.058,2.549,-1.764,873.225
1787083197.351,2.476,-1.774,894.212
1787083197.624,2.411,-1.783,913.418
1787083197.906,2.338,-1.792,945.953
1787083198.185,2.266,-1.796,959.050
1787083198.464,2.202,-1.797,969.900
1787083198.752,2.125,-1.799,984.558
1787083199.038,2.043,-1.801,903.199
1787083199.316,1.943,-1.806,898.695
1787083199.611,1.860,-1.814,893.095
1787083199.881,1.788,-1.824,875.411
1787083200.183,1.721,-1.835,863.456
1787083200.464,1.647,-1.852,759.145
1787083200.755,1.569,-1.873,743.184
1787083201.040,1.491,-1.896,706.938
1787083201.312,1.395,-1.926,604.676
1787083201.608,1.272,-1.967,510.782
1787083201.897,1.136,-2.017,407.868
1787083202.179,0.998,-2.072,317.648
1787083202.468,0.882,-2.121,255.876
1787083202.734,0.806,-2.153,216.414
1787083203.014,0.754,-2.176,203.556
1787083203.290,0.759,-2.174,203.556
1787083203.567,0.768,-2.171,203.556
1787083203.856,0.774,-2.169,203.556
1787083204.136,0.763,-2.170,203.556
1787083204.412,0.752,-2.169,203.556
1787083204.684,0.741,-2.167,190.985
1787083204.976,0.725,-2.161,190.985
1787083205.266,0.665,-2.124,199.276
1787083205.562,0.599,-2.072,192.663
1787083205.844,0.539,-2.012,198.531
1787083206.139,0.486,-1.948,224.684
1787083206.423,0.438,-1.878,228.650
1787083206.712,0.407,-1.798,275.116
1787083207.021,0.372,-1.723,277.187
1787083207.301,0.345,-1.645,302.156
1787083207.592,0.326,-1.563,327.731
1787083207.936,0.311,-1.480,382.678
1787083208.298,0.300,-1.397,442.391
1787083208.681,0.291,-1.314,434.716
1787083208.998,0.283,-1.232,495.067
1787083209.366,0.277,-1.151,526.338
1787083209.719,0.273,-1.069,590.484
1787083210.060,0.268,-0.993,655.857
1787083210.384,0.266,-0.925,688.622
1787083210.736,0.264,-0.873,721.219
1787083211.078,0.264,-0.856,721.219
1787083211.422,0.264,-0.857,721.219
1787083211.785,0.264,-0.857,721.219
1787083212.093,0.264,-0.857,721.219
1787083212.430,0.264,-0.857,721.219
1787083212.763,0.264,-0.857,721.219
1787083213.086,0.264,-0.857,721.219
1787083213.409,0.264,-0.857,721.219
1787083213.722,0.264,-0.857,721.219
1787083214.028,0.264,-0.857,721.219
1787083214.336,0.264,-0.857,721.219
1787083214.670,0.264,-0.857,721.219
1787083215.000,0.264,-0.857,721.219
1787083215.338,0.264,-0.857,721.219
1787083215.675,0.264,-0.857,721.219
1787083216.019,0.264,-0.857,721.219
1787083216.363,0.264,-0.857,721.219
1787083216.703,0.264,-0.857,721.219
1787083217.036,0.264,-0.857,721.219
1787083217.373,0.264,-0.857,721.219
1787083217.716,0.264,-0.857,721.219
1787083218.047,0.264,-0.857,721.219
1787083218.357,0.264,-0.857,721.219
1787083218.685,0.264,-0.857,721.219
1787083219.001,0.264,-0.857,721.219
1787083219.311,0.264,-0.844,753.473
1787083219.637,0.264,-0.836,753.473
1787083219.985,0.268,-0.816,753.473
1787083220.301,0.278,-0.783,785.204
1787083220.659,0.303,-0.733,889.752
1787083221.017,0.347,-0.669,922.598
1787083221.363,0.414,-0.597,1161.181
1787083221.721,0.480,-0.537,1292.965
1787083222.068,0.563,-0.477,1542.166
1787083222.389,0.631,-0.430,1695.856
1787083222.724,0.698,-0.388,1855.562
1787083223.065,0.768,-0.357,2113.167
1787083223.394,0.834,-0.325,2289.167
1787083223.747,0.891,-0.301,2427.685
1787083224.105,0.944,-0.282,2610.229
1787083224.423,1.009,-0.264,2899.209
1787083224.755,1.081,-0.248,3086.192
1787083225.096,1.150,-0.237,3232.281
1787083225.420,1.211,-0.229,3519.039
1787083225.779,1.278,-0.226,3658.078
1787083226.111,1.337,-0.227,3793.116
1787083226.469,1.416,-0.232,4047.858
1787083226.848,1.492,-0.238,4165.923
1787083227.187,1.569,-0.243,4379.515
1787083227.545,1.654,-0.246,4558.246
1787083227.883,1.755,-0.248,4697.065
1787083228.223,1.849,-0.249,4750.206
1787083228.586,1.928,-0.252,4756.147
1787083228.909,2.003,-0.257,4779.987
1787083229.252,2.078,-0.264,4774.016
1787083229.594,2.158,-0.270,4726.514
1787083229.959,2.248,-0.276,4685.337
1787083230.293,2.334,-0.280,4569.656
1787083230.651,2.420,-0.282,4412.484
1787083230.979,2.535,-0.285,4218.324
1787083231.302,2.676,-0.285,3869.742
1787083231.629,2.829,-0.283,3470.983
1787083231.960,2.972,-0.279,3044.047
1787083232.273,3.103,-0.274,2610.229
1787083232.605,3.217,-0.267,2326.670
1787083232.933,3.311,-0.260,2053.279
1787083233.269,3.395,-0.254,1921.657
1787083233.629,3.474,-0.248,1693.738
1787083233.964,3.549,-0.244,1573.320
1787083234.289,3.611,-0.241,1347.415
1787083234.621,3.643,-0.240,1347.415
1787083234.947,3.643,-0.240,1347.415
1787083235.249,3.643,-0.240,1347.415
1787083235.580,3.642,-0.240,1347.415
1787083235.930,3.624,-0.240,1347.415
1787083236.255,3.603,-0.239,1347.415
1787083236.581,3.600,-0.239,1457.814
1787083236.924,3.600,-0.239,1457.814
1787083237.246,3.605,-0.243,1347.415
1787083237.583,3.609,-0.249,1347.415
1787083237.910,3.611,-0.259,1329.015
1787083238.236,3.609,-0.295,1329.015
1787083238.588,3.590,-0.348,1414.729
1787083238.940,3.563,-0.393,1388.450
1787083239.264,3.547,-0.413,1466.954
1787083239.595,3.545,-0.416,1466.954
1787083239.942,3.532,-0.436,1466.954
1787083240.275,3.487,-0.468,1542.166
1787083240.606,3.441,-0.524,1613.149
1787083240.932,3.384,-0.584,1678.982
1787083241.278,3.328,-0.642,1738.787
1787083241.617,3.273,-0.702,1727.954
1787083241.968,3.211,-0.763,1767.273
1787083242.296,3.151,-0.818,1798.473
1787083242.645,3.092,-0.869,1921.657
1787083242.985,3.034,-0.918,1931.290
1787083243.318,2.975,-0.963,1931.290
1787083243.655,2.926,-0.996,2022.709
1787083243.995,2.884,-1.020,2007.596
1787083244.330,2.833,-1.045,2092.141
1787083244.670,2.774,-1.066,2060.993
1787083245.008,2.706,-1.084,2137.075
1787083245.360,2.630,-1.099,2280.598
1787083245.697,2.542,-1.110,2277.750
1787083246.039,2.452,-1.118,2332.494
1787083246.404,2.361,-1.124,2427.685
1787083246.774,2.269,-1.130,2501.618
1787083247.110,2.177,-1.138,2552.155
1787083247.456,2.086,-1.151,2430.721
1787083247.811,1.998,-1.165,2430.721
1787083248.157,1.911,-1.185,2421.623
1787083248.481,1.834,-1.208,2243.838
1787083248.845,1.751,-1.239,2218.737
1787083249.184,1.691,-1.267,2020.183
1787083249.540,1.617,-1.308,1855.562
1787083249.896,1.545,-1.356,1656.054
1787083250.229,1.485,-1.402,1502.211
1787083250.596,1.432,-1.448,1459.637
1787083250.940,1.386,-1.495,1314.147
1787083251.281,1.319,-1.564,1088.105
1787083251.625,1.225,-1.664,855.934
1787083251.971,1.119,-1.774,659.969
1787083252.317,1.039,-1.861,498.794
1787083252.663,0.982,-1.922,430.391
1787083253.014,0.924,-1.984,369.516
1787083253.345,0.866,-2.045,315.669
1787083253.690,0.809,-2.107,241.276
1787083254.049,0.752,-2.165,203.556
1787083254.386,0.694,-2.224,159.923
1787083254.735,0.631,-2.278,133.245
1787083255.071,0.570,-2.323,110.464
1787083255.523,0.521,-2.355,91.121
1787083255.883,0.485,-2.374,84.432
1787083256.205,0.471,-2.379,84.432
1787083256.520,0.471,-2.379,84.432
1787083256.859,0.471,-2.379,84.432
1787083257.185,0.471,-2.379,84.432
1787083257.543,0.471,-2.379,84.432
1787083257.893,0.471,-2.379,84.432
1787083258.210,0.471,-2.379,84.432
1787083258.532,0.471,-2.379,84.432
1787083258.873,0.471,-2.379,84.432
1787083259.215,0.471,-2.379,84.432
1787083259.570,0.471,-2.379,84.432
1787083259.914,0.471,-2.379,84.432
1787083260.228,0.471,-2.379,84.432
1787083260.582,0.471,-2.379,84.432
1787083260.897,0.471,-2.379,84.432
1787083261.254,0.471,-2.379,84.432
1787083261.590,0.471,-2.379,84.432
1787083261.934,0.471,-2.379,84.432
1787083262.256,0.471,-2.379,84.432
1787083262.598,0.471,-2.379,84.432
1787083262.948,0.471,-2.379,84.432
1787083263.290,0.471,-2.379,84.432
1787083263.628,0.471,-2.379,84.432
1787083263.950,0.471,-2.379,84.432
1787083264.302,0.471,-2.379,84.432
1787083264.638,0.471,-2.379,84.432
1787083264.976,0.471,-2.379,84.432
1787083265.306,0.471,-2.379,84.432
1787083265.641,0.471,-2.379,84.432
1787083265.992,0.471,-2.379,84.432
1787083266.300,0.471,-2.379,84.432
1787083266.629,0.471,-2.379,84.432
1787083266.970,0.471,-2.379,84.432
1787083267.307,0.471,-2.379,84.432
1787083267.651,0.471,-2.379,84.432
1787083267.982,0.471,-2.379,84.432
1787083268.305,0.471,-2.379,84.432
1787083268.660,0.471,-2.379,84.432
1787083268.990,0.471,-2.379,84.432
1787083334.398,2.990,-1.113,1643.680
1787083334.715,2.929,-1.176,1623.262
1787083335.087,2.861,-1.245,1595.102
1787083335.440,2.791,-1.315,1517.308
1787083335.794,2.728,-1.385,1468.788
1787083336.145,2.659,-1.450,1414.729
1787083336.504,2.599,-1.504,1292.965
1787083535.535,-0.000,-0.001,610.753
1787083535.875,-0.000,-0.001,610.753
1787083536.270,-0.000,-0.001,610.753
1787083536.631,-0.000,-0.001,610.753
1787083536.985,-0.000,-0.001,610.753
1787083537.303,-0.000,-0.001,610.753
1787083537.635,-0.000,-0.001,610.753
1787083540.029,-0.000,-0.001,610.753
1787083540.344,-0.000,-0.001,610.753
1787083540.749,-0.000,-0.001,610.753
1787083541.090,-0.000,-0.001,610.753
1787083547.987,-0.000,-0.001,610.753
1787083548.341,-0.000,-0.001,610.753
1787083548.747,-0.000,-0.001,610.753
1787083968.631,-0.149,-0.934,315.669
1787083968.938,-0.150,-1.014,256.196
1787083969.236,-0.153,-1.102,229.509
1787083969.520,-0.155,-1.182,216.414
1787083969.808,-0.158,-1.272,190.985
1787083970.109,-0.160,-1.343,178.742
1787083970.401,-0.162,-1.415,155.391
1787083970.690,-0.165,-1.486,144.343
1787083970.979,-0.170,-1.555,123.618
1787083971.269,-0.174,-1.628,113.971
1787083971.556,-0.179,-1.706,96.153
1787083971.837,-0.184,-1.787,87.987
1787083972.112,-0.188,-1.867,73.127
1787083972.406,-0.192,-1.929,66.416
1787083972.672,-0.192,-1.934,66.416
1787083972.958,-0.192,-1.930,66.416
1787083973.243,-0.190,-1.937,66.416
1787083973.529,-0.181,-1.955,60.171
1787083973.808,-0.164,-1.981,60.171
1787083974.097,-0.127,-2.017,60.624
1787083974.379,-0.076,-2.052,67.420
1787083974.652,-0.028,-2.074,67.420
1787083974.944,0.036,-2.091,74.604
1787083975.225,0.110,-2.091,90.667
1787083975.567,0.192,-2.082,99.578
1787083975.871,0.273,-2.060,119.217
1787083976.158,0.349,-2.024,144.163
1787083976.472,0.417,-1.976,188.141
1787083976.743,0.476,-1.919,224.684
1787083977.023,0.524,-1.860,266.985
1787083977.320,0.569,-1.795,345.829
1787083977.622,0.614,-1.730,405.834
1787083977.930,0.658,-1.674,473.875
1787083978.226,0.698,-1.629,515.271
1787083978.509,0.726,-1.600,550.564
1787083978.784,0.750,-1.582,597.165
1787083979.048,0.764,-1.575,636.474
1787083979.317,0.767,-1.573,636.474
1787083979.583,0.767,-1.574,636.474
1787083979.842,0.767,-1.574,636.474
1787083980.118,0.767,-1.574,636.474
1787083980.389,0.773,-1.571,636.474
1787083980.667,0.816,-1.548,732.119
1787083980.952,0.872,-1.514,776.420
1787083981.231,0.928,-1.469,886.422
1787083981.513,0.982,-1.410,1006.962
1787083981.785,1.029,-1.338,1219.192
1787083982.053,1.069,-1.254,1367.779
1787083982.352,1.091,-1.185,1549.896
1787083982.632,1.108,-1.111,1721.486
1787083982.918,1.129,-1.031,1921.657
1787083983.199,1.153,-0.957,2113.167
1787083983.491,1.178,-0.901,2218.737
1787083983.794,1.202,-0.864,2421.623
1787083984.090,1.222,-0.844,2529.921
1787083984.370,1.233,-0.835,2529.921
1787083984.676,1.240,-0.833,2529.921
1787083984.950,1.238,-0.833,2529.921
1787083985.234,1.237,-0.833,2529.921
1787083985.511,1.237,-0.833,2529.921
1787083985.790,1.237,-0.833,2529.921
1787083986.067,1.237,-0.833,2529.921
1787083986.357,1.237,-0.833,2529.921
1787083986.628,1.237,-0.833,2529.921
1787083986.916,1.236,-0.833,2529.921
1787083987.198,1.199,-0.845,2427.685
1787083987.500,1.157,-0.856,2323.763
1787083987.761,1.139,-0.859,2224.290
1787083988.041,1.135,-0.860,2224.290
1787083988.320,1.134,-0.859,2224.290
1787083988.605,1.142,-0.862,2224.290
1787083988.888,1.159,-0.871,2323.763
1787083989.169,1.184,-0.894,2323.763
1787083989.461,1.207,-0.927,2312.173
1787083989.748,1.226,-0.972,2202.158
1787083990.039,1.235,-1.026,2092.141
1787083990.327,1.230,-1.090,1982.657
1787083990.603,1.209,-1.151,1767.273
1787083990.886,1.171,-1.211,1595.102
1787083991.171,1.112,-1.265,1432.524
1787083991.479,1.053,-1.317,1280.100
1787083991.769,0.998,-1.361,1081.326
1787083992.067,0.953,-1.408,1006.962
1787083992.378,0.921,-1.453,886.422
1787083992.677,0.908,-1.490,886.422
1787083992.963,0.905,-1.501,821.345
1787083993.249,0.906,-1.505,821.345
1787083993.533,0.905,-1.500,886.422
1787083993.827,0.899,-1.481,886.422
1787083994.108,0.891,-1.463,837.937
1787083994.397,0.880,-1.443,902.071
1787083994.701,0.874,-1.435,902.071
1787083994.979,0.874,-1.435,902.071
1787083995.247,0.874,-1.434,902.071
1787083995.543,0.898,-1.474,837.937
1787083995.835,0.942,-1.548,821.345
1787083996.141,0.989,-1.628,738.553
1787083996.449,1.033,-1.702,655.857
1787083996.737,1.077,-1.770,630.141
1787083997.025,1.120,-1.827,602.413
1787083997.312,1.158,-1.879,573.033
1787083997.602,1.207,-1.933,542.367
1787083997.879,1.280,-2.007,461.597
1787083998.168,1.375,-2.082,446.279
1787083998.463,1.469,-2.152,382.200
1787083998.755,1.568,-2.219,359.492
1787083999.045,1.680,-2.281,333.934
1787083999.317,1.801,-2.340,306.339
1787083999.604,1.888,-2.381,277.534
1787083999.903,1.968,-2.417,248.314
1787084000.207,2.042,-2.453,219.685
1787084000.499,2.116,-2.494,218.589
1787084000.798,2.176,-2.536,191.463
1787084001.089,2.220,-2.572,166.866
1787084001.365,2.250,-2.602,146.342
1787084001.666,2.267,-2.624,144.704
1787084001.943,2.271,-2.628,144.704
1787084002.225,2.271,-2.628,144.704
1787084002.501,2.271,-2.628,144.704
1787084002.777,2.271,-2.628,144.704
1787084003.067,2.271,-2.628,144.704
1787084003.346,2.271,-2.628,144.704
1787084003.625,2.271,-2.628,144.704
1787084003.914,2.271,-2.628,144.704
1787084004.177,2.271,-2.628,144.704
1787084004.452,2.271,-2.628,144.704
1787084004.724,2.271,-2.628,144.704
1787084004.986,2.271,-2.628,144.704
1787084005.255,2.271,-2.628,144.704
1787084005.525,2.271,-2.628,144.704
1787084005.797,2.271,-2.628,144.704
1787084006.071,2.271,-2.628,144.704
1787084006.329,2.271,-2.628,144.704
1787084006.601,2.271,-2.628,144.704
1787084006.879,2.271,-2.628,144.704
1787084007.176,2.271,-2.628,144.704
1787084007.465,2.271,-2.628,144.704
1787084007.746,2.271,-2.628,144.704
1787084008.038,2.271,-2.628,144.704
1787084008.306,2.271,-2.628,144.704
1787084008.610,2.271,-2.628,144.704
1787084008.893,2.271,-2.628,144.704
1787084009.191,2.271,-2.628,144.704
1787084009.481,2.271,-2.628,144.704
1787084009.762,2.271,-2.628,144.704
1787084010.050,2.271,-2.628,144.704
1787084010.338,2.271,-2.628,144.704
1787084010.629,2.271,-2.628,144.704
1787084010.911,2.271,-2.628,144.704
1787084011.205,2.271,-2.628,144.704
1787084011.479,2.271,-2.628,144.704
1787084011.744,2.271,-2.628,144.704
1787084012.043,2.271,-2.628,144.704
1787084012.327,2.271,-2.628,144.704
1787084012.620,2.271,-2.628,144.704
1787084012.885,2.271,-2.628,144.704
1787084013.161,2.271,-2.628,144.704
1787084013.445,2.271,-2.628,144.704
1787084013.757,2.271,-2.628,144.704
1787084014.040,2.271,-2.628,144.704
1787084014.356,2.271,-2.628,144.704
1787084014.637,2.271,-2.628,144.704
1787084014.956,2.271,-2.628,144.704
1787084015.264,2.271,-2.628,144.704
1787084015.568,2.271,-2.628,144.704
1787084015.880,2.271,-2.628,144.704
1787084016.227,2.271,-2.628,144.704
1787084016.555,2.271,-2.628,144.704
1787084016.876,2.271,-2.628,144.704
1787084017.177,2.271,-2.628,144.704
1787084017.459,2.271,-2.628,144.704
1787084017.752,2.271,-2.628,144.704
1787084018.054,2.271,-2.628,144.704
1787084018.359,2.271,-2.628,144.704
1787084018.647,2.271,-2.628,144.704
1787084018.931,2.271,-2.628,144.704
1787084019.218,2.271,-2.628,144.704
1787084019.513,2.271,-2.628,144.704
1787084019.798,2.271,-2.628,144.704
1787084020.084,2.271,-2.628,144.704
1787084020.388,2.271,-2.628,144.704
1787084020.689,2.271,-2.628,144.704
1787084020.993,2.271,-2.628,144.704
1787084021.275,2.271,-2.628,144.704
1787084021.558,2.271,-2.628,144.704
1787084021.836,2.271,-2.628,144.704
1787084022.125,2.271,-2.628,144.704
1787084022.425,2.271,-2.628,144.704
1787084022.712,2.271,-2.628,144.704
1787084022.994,2.271,-2.628,144.704
1787084023.291,2.271,-2.628,144.704
1787084023.583,2.271,-2.628,144.704
1787084023.849,2.271,-2.628,144.704
1787084024.142,2.271,-2.628,144.704
1787084024.416,2.271,-2.628,144.704
1787084024.710,2.271,-2.628,144.704
1787084024.990,2.271,-2.628,144.704
1787084025.263,2.271,-2.628,144.704
1787084025.560,2.271,-2.628,144.704
1787084025.870,2.271,-2.628,144.704
1787084026.169,2.271,-2.628,144.704
1787084026.454,2.271,-2.628,144.704
1787084026.737,2.271,-2.628,144.704
1787084027.047,2.271,-2.628,144.704
1787084027.343,2.271,-2.628,144.704
1787084027.626,2.271,-2.628,144.704
1787084027.903,2.271,-2.628,144.704
1787084028.187,2.271,-2.628,144.704
1787084028.549,2.271,-2.628,144.704
1787084028.848,2.271,-2.628,144.704
1787084029.132,2.271,-2.628,144.704
1787084029.423,2.271,-2.628,144.704
1787084093.768,0.082,-0.123,738.553
1787084094.055,0.082,-0.123,738.553
1787084094.347,0.082,-0.123,738.553
1787084094.626,0.082,-0.123,738.553
1787084094.916,0.082,-0.123,738.553
1787084095.187,0.082,-0.123,738.553
1787084095.476,0.082,-0.123,738.553
1787084095.768,0.082,-0.123,738.553
1787084096.045,0.082,-0.123,738.553
1787084096.317,0.082,-0.123,738.553
1787084096.622,0.069,-0.124,738.553
1787084096.910,0.063,-0.124,738.553
1787084097.199,0.052,-0.122,738.553
1787084097.493,0.047,-0.121,669.106
1787084097.783,0.051,-0.122,738.553
1787084098.081,0.055,-0.124,738.553
1787084098.378,0.061,-0.128,738.553
1787084098.662,0.070,-0.137,738.553
1787084098.962,0.082,-0.157,732.119
1787084099.241,0.089,-0.179,732.119
1787084099.562,0.095,-0.219,723.929
1787084099.861,0.095,-0.277,714.043
1787084100.176,0.086,-0.360,689.484
1787084100.484,0.072,-0.438,674.987
1787084100.788,0.059,-0.502,642.067
1787084101.071,0.047,-0.571,565.208
1787084101.370,0.037,-0.654,529.638
1787084101.650,0.030,-0.777,491.368
1787084101.929,0.036,-0.895,451.327
1787084102.237,0.053,-1.033,430.391
1787084102.557,0.075,-1.122,385.559
1787084102.857,0.103,-1.201,376.509
1787084103.134,0.138,-1.277,353.256
1787084103.420,0.182,-1.350,363.105
1787084103.721,0.228,-1.420,345.829
1787084103.998,0.277,-1.485,351.055
1787084104.284,0.330,-1.549,354.583
1787084104.577,0.386,-1.611,328.551
1787084104.872,0.443,-1.664,327.731
1787084105.184,0.505,-1.709,351.055
1787084105.488,0.572,-1.747,377.924
1787084105.793,0.643,-1.777,371.368
1787084106.079,0.719,-1.800,425.044
1787084106.376,0.792,-1.813,413.515
1787084106.664,0.868,-1.826,466.237
1787084106.960,0.942,-1.836,493.214
1787084107.276,1.018,-1.843,547.818
1787084107.555,1.103,-1.848,602.413
1787084107.861,1.201,-1.853,597.165
1787084108.171,1.298,-1.857,620.759
1787084108.478,1.386,-1.858,665.769
1787084108.790,1.463,-1.860,706.938
1787084109.088,1.523,-1.862,725.741
1787084109.390,1.536,-1.863,725.741
1787084109.727,1.556,-1.868,743.184
1787084110.024,1.578,-1.877,743.184
1787084110.308,1.625,-1.900,689.484
1787084110.599,1.665,-1.925,702.534
1787084110.902,1.729,-1.972,646.901
1787084111.199,1.787,-2.015,592.703
1787084111.494,1.839,-2.053,540.337
1787084111.796,1.894,-2.093,545.086
1787084112.107,1.940,-2.125,493.214
1787084112.399,1.983,-2.153,444.053
1787084112.727,2.035,-2.185,444.608
1787084113.024,2.100,-2.221,395.814
1787084113.323,2.164,-2.250,351.055
1787084113.633,2.232,-2.278,347.997
1787084113.918,2.307,-2.302,302.156
1787084114.208,2.380,-2.319,297.286
1787084114.501,2.462,-2.333,285.629
1787084114.807,2.540,-2.341,278.925
1787084115.098,2.622,-2.348,263.998
1787084115.377,2.705,-2.354,219.685
1787084115.646,2.784,-2.359,211.864
1787084115.945,2.865,-2.363,195.575
1787084116.236,2.948,-2.365,187.203
1787084116.529,3.031,-2.362,170.237
1787084116.815,3.113,-2.352,153.269
1787084117.111,3.199,-2.339,163.154
1787084117.407,3.262,-2.326,144.704
1787084117.707,3.328,-2.309,135.767
1787084117.999,3.401,-2.286,133.245
1787084118.281,3.477,-2.256,124.082
1787084118.583,3.551,-2.220,119.665
1787084118.857,3.616,-2.180,123.618
1787084119.143,3.684,-2.134,127.064
1787084119.436,3.749,-2.084,129.956
1787084119.715,3.811,-2.030,121.018
1787084120.017,3.870,-1.975,122.235
1787084120.312,3.926,-1.919,122.847
1787084120.604,3.973,-1.871,122.847
1787084120.899,4.031,-1.809,122.235
1787084121.166,4.087,-1.747,132.250
1787084121.460,4.143,-1.684,129.956
1787084121.745,4.198,-1.620,127.064
1787084122.052,4.253,-1.557,110.603
1787084122.355,4.309,-1.495,115.260
1787084122.649,4.367,-1.434,110.464
1787084122.961,4.429,-1.376,105.340
1787084123.260,4.492,-1.321,99.952
1787084123.550,4.558,-1.264,83.175
1787084123.848,4.625,-1.213,77.940
1787084124.154,4.686,-1.173,72.671
1787084124.459,4.690,-1.171,72.671
1787084124.746,4.670,-1.178,72.671
1787084125.041,4.646,-1.183,82.863
1787084125.327,4.628,-1.183,82.863
1787084125.626,4.620,-1.182,82.863
1787084125.923,4.610,-1.179,82.863
1787084126.237,4.599,-1.173,94.249
1787087170.751,-0.000,-0.001,234.138
1787087171.025,-0.000,-0.001,234.138
1787087171.315,-0.000,-0.001,234.138
1787087171.641,-0.000,-0.001,234.138
1787087171.943,-0.000,-0.001,234.138
1787087172.219,-0.000,-0.001,234.138
1787087172.512,-0.000,-0.001,234.138
1787087172.802,-0.000,-0.001,234.138
1787087173.063,-0.000,-0.001,234.138
1787087173.336,-0.000,-0.001,234.138
1787087173.597,-0.000,-0.001,234.138
1787087173.865,-0.000,-0.001,234.138
1787087174.129,-0.000,-0.001,234.138
1787087174.406,-0.000,-0.001,234.138
1787087174.698,-0.000,-0.001,234.138
1787087174.971,-0.000,-0.001,234.138
1787087175.237,-0.000,-0.001,234.138
1787087175.511,-0.000,-0.001,234.138
1787087175.793,-0.000,-0.001,234.138
1787087176.077,-0.007,-0.001,234.138
1787087176.352,-0.015,-0.000,234.138
1787087176.628,-0.004,-0.003,234.138
1787087176.910,0.003,-0.005,232.093
1787087177.192,0.009,-0.009,232.093
1787087177.466,0.018,-0.016,232.093
1787087177.738,0.031,-0.033,232.093
1787087178.015,0.046,-0.060,233.163
1787087178.310,0.061,-0.102,232.165
1787087178.594,0.073,-0.165,233.210
1787087178.874,0.076,-0.229,234.243
1787087179.166,0.073,-0.303,236.270
1787087179.457,0.065,-0.377,237.262
1787087179.733,0.060,-0.456,239.196
1787087180.027,0.057,-0.535,240.135
1787087180.330,0.057,-0.605,241.955
1787087180.616,0.056,-0.664,242.833
1787087180.911,0.056,-0.729,243.688
1787087181.215,0.055,-0.800,244.518
1787087181.505,0.055,-0.872,246.102
1787087181.792,0.054,-0.951,247.575
1787087182.080,0.054,-1.028,248.267
1787087182.359,0.053,-1.106,249.557
1787087182.673,0.052,-1.184,250.153
1787087182.956,0.051,-1.267,251.241
1787087183.256,0.050,-1.349,253.671
1787087183.531,0.048,-1.423,254.514
1787087183.840,0.047,-1.503,255.198
1787087184.139,0.046,-1.581,255.480
1787087184.438,0.045,-1.659,255.916
1787087184.746,0.043,-1.743,256.069
1787087185.040,0.041,-1.827,256.245
1787087185.320,0.039,-1.911,256.243
1787087185.626,0.038,-1.995,256.174
1787087185.935,0.040,-2.079,255.899
1787087186.238,0.044,-2.163,255.442
1787087186.534,0.052,-2.246,253.484
1787087186.831,0.063,-2.329,252.793
1787087187.127,0.078,-2.412,251.925
1787087187.394,0.095,-2.492,251.426
1787087187.668,0.112,-2.566,248.781
1787087187.980,0.133,-2.639,248.180
1787087188.260,0.158,-2.715,245.416
1787087188.566,0.182,-2.779,244.728
1787087188.849,0.205,-2.832,242.623
1787087189.130,0.222,-2.868,241.898
1787087189.411,0.223,-2.870,241.898
1787087189.688,0.223,-2.870,241.898
1787087189.971,0.223,-2.870,241.898
1787087190.257,0.223,-2.869,241.898
1787087190.527,0.223,-2.869,241.898
1787087190.844,0.223,-2.869,241.898
1787087191.127,0.223,-2.869,241.898
1787087191.407,0.223,-2.869,241.898
1787087191.683,0.223,-2.869,241.898
1787087191.982,0.223,-2.869,241.898
1787087192.273,0.223,-2.869,241.898
1787087192.563,0.223,-2.869,241.898
1787087192.842,0.223,-2.869,241.898
1787087193.122,0.223,-2.869,241.898
1787087193.400,0.223,-2.869,241.898
1787087193.681,0.223,-2.869,241.898
1787087193.982,0.223,-2.869,241.898
1787087194.261,0.223,-2.869,241.898
1787087194.557,0.223,-2.869,241.898
1787087194.857,0.223,-2.869,241.898
1787087195.143,0.223,-2.869,241.898
1787087195.427,0.223,-2.869,241.898
1787087195.713,0.223,-2.869,241.898
1787087196.029,0.223,-2.869,241.898
1787087196.353,0.223,-2.869,241.898
1787087196.664,0.227,-2.877,241.898
1787087196.951,0.228,-2.883,241.898
1787087197.241,0.229,-2.903,241.144
1787087197.536,0.227,-2.923,241.144
1787087197.826,0.223,-2.937,241.144
1787087198.118,0.208,-2.969,240.361
1787087198.426,0.173,-3.022,240.804
1787087198.715,0.123,-3.080,241.165
1787087198.997,0.069,-3.129,241.443
1787087199.298,0.018,-3.168,241.639
1787087199.595,-0.037,-3.205,241.753
1787087199.880,-0.085,-3.237,242.938
1787087200.185,-0.137,-3.265,242.956
1787087200.495,-0.182,-3.290,244.139
1787087200.798,-0.225,-3.314,244.073
1787087201.083,-0.264,-3.335,245.262
1787087201.379,-0.300,-3.352,243.943
1787087201.662,-0.330,-3.365,245.128
1787087201.942,-0.361,-3.376,246.335
1787087202.258,-0.398,-3.387,246.335
1787087202.557,-0.434,-3.397,247.565
1787087202.857,-0.482,-3.408,247.402
1787087203.156,-0.549,-3.421,248.677
1787087203.462,-0.625,-3.433,251.339
1787087203.785,-0.707,-3.442,254.186
1787087204.094,-0.789,-3.447,255.698
1787087204.416,-0.870,-3.449,258.946
1787087204.722,-0.954,-3.451,261.201
1787087205.004,-1.037,-3.454,263.226
1787087205.297,-1.121,-3.458,267.743
1787087205.594,-1.203,-3.463,273.041
1787087205.896,-1.286,-3.465,276.053
1787087206.201,-1.368,-3.465,282.980
1787087206.509,-1.449,-3.463,286.979
1787087206.819,-1.533,-3.459,296.303
1787087207.108,-1.613,-3.458,307.817
1787087207.406,-1.696,-3.459,314.586
1787087207.704,-1.782,-3.464,330.624
1787087208.008,-1.858,-3.467,350.782
1787087208.313,-1.931,-3.469,362.761
1787087208.615,-1.999,-3.471,376.235
1787087208.923,-2.083,-3.466,408.482
1787087209.222,-2.166,-3.455,449.405
1787087209.508,-2.248,-3.440,471.737
1787087209.810,-2.330,-3.421,530.224
1787087210.105,-2.412,-3.403,604.747
1787087210.400,-2.494,-3.382,645.333
1787087210.691,-2.575,-3.359,752.699
1787087210.997,-2.654,-3.332,882.655
1787087211.305,-2.733,-3.303,964.132
1787087211.635,-2.811,-3.272,1147.599
1787087211.954,-2.887,-3.239,1243.892
1787087212.273,-2.967,-3.203,1512.428
1787087212.581,-3.049,-3.170,1638.182
1787087212.900,-3.120,-3.145,1942.174
1787087213.218,-3.179,-3.126,2131.608
1787087213.518,-3.224,-3.115,2327.628
1787087213.829,-3.246,-3.110,2327.628
1787087214.113,-3.247,-3.111,2327.628
1787087214.409,-3.247,-3.111,2327.628
1787087214.693,-3.247,-3.111,2327.628
1787087214.986,-3.247,-3.111,2327.628
1787087215.275,-3.247,-3.111,2327.628
1787087215.542,-3.247,-3.111,2327.628
1787087215.846,-3.247,-3.111,2327.628
1787087216.136,-3.247,-3.111,2327.628
1787087216.443,-3.247,-3.111,2327.628
1787087216.740,-3.247,-3.111,2327.628
1787087217.030,-3.247,-3.111,2327.628
1787087217.309,-3.247,-3.111,2327.628
1787087217.592,-3.247,-3.111,2327.628
1787087217.903,-3.247,-3.111,2327.628
1787087218.190,-3.247,-3.111,2327.628
1787087218.485,-3.247,-3.111,2327.628
1787087218.718,-3.247,-3.111,2327.628
1787087218.964,-3.247,-3.111,2327.628
1787087219.212,-3.247,-3.111,2327.628
1787087219.447,-3.247,-3.111,2327.628
1787087219.676,-3.247,-3.111,2327.628
1787087219.930,-3.247,-3.111,2327.628
1787087220.154,-3.247,-3.111,2327.628
1787087220.392,-3.247,-3.111,2327.628
1788606953.324,7.297,15.079,7.306
1788606953.774,7.295,15.159,6.686
1788606954.255,7.293,15.202,6.394
1788606954.639,7.292,15.268,6.114
1788606955.028,7.290,15.346,5.845
1788606955.403,7.289,15.431,5.339
1788606955.779,7.288,15.510,4.872
1788606956.195,7.285,15.579,4.653
1788606956.595,7.282,15.660,4.242
1788606956.976,7.277,15.738,4.050
1788606957.388,7.271,15.816,3.688
1788606957.772,7.265,15.895,3.519
1788606958.141,7.259,15.977,3.202
1788606958.531,7.254,16.055,2.911
1788606958.892,7.252,16.139,2.776
1788606959.331,7.253,16.210,2.522
1788606959.701,7.258,16.294,2.403
1788606960.089,7.268,16.384,2.182
1788606960.479,7.281,16.467,1.980
1788606960.850,7.299,16.554,1.886
1788606961.255,7.317,16.628,1.680
1788606961.626,7.340,16.708,1.523
1788606962.009,7.370,16.795,1.423
1788606962.424,7.398,16.874,1.289
1788606962.803,7.426,16.949,1.203
1788606963.247,7.453,17.025,1.068
1788606963.627,7.476,17.101,0.966
1788606963.985,7.494,17.176,0.919
1788606964.353,7.501,17.225,0.857
1788606964.730,7.504,17.260,0.815
1788606965.084,7.503,17.270,0.815
1788606965.445,7.503,17.270,0.815
1788606965.796,7.503,17.277,0.815
1788606966.145,7.503,17.277,0.815
1788606966.505,7.503,17.277,0.815
1788606966.852,7.503,17.277,0.815
1788606967.235,7.503,17.277,0.815
1788606967.584,7.503,17.277,0.815
1788606967.974,7.503,17.277,0.815
1788606968.355,7.503,17.277,0.815
1788606968.738,7.503,17.277,0.815
1788606969.126,7.503,17.277,0.815
1788606969.466,7.503,17.277,0.815
1788606969.832,7.503,17.277,0.815
1788606970.209,7.503,17.267,0.815
1788606970.568,7.503,17.242,0.857
1788606970.965,7.501,17.218,0.857
1788606971.334,7.498,17.194,0.919
1788606971.694,7.494,17.172,0.919
1788606972.095,7.491,17.155,0.919
1788606972.490,7.488,17.134,0.966
1788606972.882,7.488,17.133,0.966
1788606973.263,7.490,17.123,0.966
1788606973.643,7.498,17.102,0.966
1788606974.028,7.503,17.095,0.996
1788606974.414,7.511,17.085,0.996
1788606974.764,7.512,17.084,0.996
1788606975.175,7.511,17.078,0.996
1788606975.541,7.512,17.077,0.996
1788606975.913,7.515,17.077,0.996
1788606976.313,7.514,17.077,0.996
1788606976.680,7.501,17.075,0.996
1788606977.075,7.496,17.074,1.016
1788606977.443,7.486,17.068,1.016
1788606977.805,7.472,17.059,1.016
1788606978.204,7.458,17.044,1.068
1788606978.600,7.443,17.022,1.089
1788606978.964,7.424,16.981,1.145
1788606979.362,7.407,16.924,1.203
1788606979.755,7.394,16.851,1.289
1788606980.164,7.387,16.781,1.423
1788606980.568,7.383,16.708,1.495
1788606980.948,7.380,16.634,1.651
1788606981.318,7.375,16.553,1.734
1788606981.714,7.371,16.472,1.914
1788606982.079,7.364,16.400,2.010
1788606982.464,7.358,16.326,2.216
1788606982.818,7.351,16.250,2.327
1788606983.248,7.346,16.167,2.604
1788606983.605,7.343,16.092,2.867
1788606983.995,7.341,16.033,3.007
1788606984.428,7.339,15.964,3.154
1788606984.777,7.339,15.891,3.468
1788606985.132,7.340,15.822,3.636
1788606985.510,7.340,15.752,3.811
1788606985.883,7.338,15.674,4.185
1788606986.276,7.337,15.592,4.593
1788606986.641,7.337,15.517,4.810
1788606987.010,7.336,15.435,5.272
1788606987.431,7.334,15.353,5.518
1788606987.809,7.333,15.273,6.042
1788606988.219,7.327,15.197,6.610
1788606988.585,7.319,15.125,6.912
1788606988.939,7.308,15.045,7.552
1788606989.309,7.299,14.962,7.976
1788606989.639,7.293,14.882,8.700
1788606990.028,7.289,14.801,9.084
1788606990.415,7.289,14.730,9.895
1788606990.790,7.291,14.666,10.324
1788606991.183,7.293,14.605,10.769
1788606991.566,7.293,14.533,11.709
1788606992.005,7.292,14.469,12.205
1788606992.436,7.290,14.405,12.719
1788606992.795,7.290,14.338,13.802
1788606993.226,7.290,14.278,14.373
1788606993.680,7.291,14.211,14.963
1788606994.085,7.291,14.155,15.574
1788606994.524,7.292,14.081,16.857
1788606994.910,7.294,14.007,17.532
1788606995.326,7.296,13.919,18.947
1788606995.688,7.297,13.847,20.455
1788606996.111,7.297,13.768,21.245
1788606996.477,7.298,13.689,22.899
1788606996.846,7.297,13.611,23.763
1788606997.262,7.296,13.542,25.571
1788606997.706,7.294,13.475,26.515
1788606998.082,7.290,13.404,27.486
1788606998.536,7.287,13.336,29.511
1788606998.935,7.284,13.264,30.565
1788606999.333,7.282,13.192,32.762
1788606999.759,7.279,13.110,33.904
1788607000.171,7.274,13.026,36.279
1788607000.621,7.268,12.946,38.776
1788607001.039,7.264,12.873,40.071
1788607001.383,7.258,12.798,42.755
1788607001.801,7.252,12.717,44.145
1788607002.224,7.246,12.628,47.229
1788607002.604,7.242,12.557,48.721
1788607002.975,7.239,12.487,51.803
1788607003.390,7.236,12.415,53.394
1788607003.755,7.235,12.342,56.679
1788607004.148,7.235,12.264,58.372
1788607004.609,7.235,12.184,61.863
1788607004.993,7.235,12.103,63.660
1788607005.420,7.232,12.023,67.362
1788607005.769,7.230,11.939,71.206
1788607006.212,7.229,11.849,73.183
1788607006.620,7.228,11.778,77.247
1788607006.997,7.228,11.692,81.462
1788607007.405,7.227,11.608,83.628
1788607007.782,7.225,11.524,88.079
1788607008.179,7.220,11.445,92.695
1788607008.573,7.213,11.367,95.067
1788607008.953,7.203,11.289,99.947
1788607009.359,7.189,11.211,102.932
1788607009.710,7.171,11.145,108.154
1788607010.067,7.145,11.070,111.404
1788607010.432,7.116,11.004,114.188
1788607010.791,7.070,10.926,120.621
1788607011.228,7.025,10.865,124.366
1788607011.599,6.970,10.802,128.290
1788607011.970,6.907,10.742,135.882
1788607012.322,6.844,10.716,136.760
1788607012.654,6.783,10.685,142.278
1788607013.040,6.714,10.659,143.193
1788607013.421,6.633,10.634,149.073
1788607013.793,6.550,10.619,150.798
1788607014.185,6.467,10.608,151.576
1788607014.532,6.384,10.606,152.923
1788607014.891,6.301,10.598,158.051
1788607015.290,6.218,10.586,158.905
1788607015.659,6.127,10.569,159.343
1788607016.046,6.054,10.552,159.408
1788607016.417,5.982,10.520,163.843
1788607016.791,5.908,10.487,168.259
1788607017.192,5.836,10.442,171.984
1788607017.575,5.760,10.388,176.026
1788607017.947,5.700,10.353,179.931
1788607018.297,5.651,10.311,178.991
1788607018.663,5.601,10.262,182.634
1788607019.019,5.559,10.200,190.765
1788607019.429,5.518,10.142,194.125
1788607019.802,5.489,10.088,197.416
1788607020.179,5.469,10.040,201.942
1788607020.531,5.450,9.979,205.107
1788607020.892,5.428,9.901,209.595
1788607021.287,5.413,9.832,218.810
1788607021.649,5.398,9.758,221.613
1788607022.004,5.386,9.682,230.833
1788607022.405,5.376,9.613,235.569
1788607022.757,5.363,9.536,245.330
1788607023.167,5.354,9.460,250.374
1788607023.535,5.347,9.387,257.502
1788607023.903,5.345,9.326,262.688
1788607024.301,5.342,9.253,268.047
1788607024.682,5.341,9.180,279.386
1788607025.061,5.341,9.115,285.426
1788607025.464,5.340,9.041,298.431
1788607025.828,5.345,8.967,305.485
1788607026.219,5.344,8.885,320.970
1788607026.635,5.342,8.806,329.529
1788607027.018,5.339,8.728,348.655
1788607027.419,5.337,8.648,371.024
1788607027.776,5.337,8.578,383.646
1788607028.175,5.337,8.499,412.159
1788607028.566,5.338,8.422,428.152
1788607028.985,5.337,8.335,463.573
1788607029.378,5.337,8.276,482.800
1788607029.747,5.336,8.217,502.761
1788607030.106,5.335,8.154,523.123
1788607030.510,5.332,8.089,563.202
1788607030.872,5.326,8.005,581.799
1788607031.276,5.320,7.938,613.114
1788607031.629,5.312,7.849,633.308
1788607032.012,5.304,7.766,638.535
1788607032.383,5.297,7.685,614.206
1788607032.778,5.293,7.607,611.383
1788607033.194,5.291,7.527,600.145
1788607033.529,5.290,7.469,592.626
1788607033.926,5.290,7.406,584.435
1788607034.332,5.292,7.342,567.618
1788607034.724,5.295,7.281,559.659
1788607035.172,5.298,7.222,552.358
1788607035.574,5.302,7.152,559.499
1788607035.977,5.307,7.084,548.155
1788607036.370,5.312,7.020,544.465
1788607036.767,5.318,6.948,541.497
1788607037.154,5.323,6.871,542.366
1788607037.525,5.327,6.807,544.895
1788607037.915,5.331,6.733,555.205
1788607038.320,5.333,6.652,563.129
1788607038.694,5.334,6.572,584.900
1788607039.104,5.331,6.489,615.147
1788607039.459,5.326,6.391,654.647
1788607039.842,5.321,6.297,704.270
1788607040.232,5.314,6.221,733.177
1788607040.627,5.310,6.146,799.826
1788607041.019,5.306,6.075,837.836
1788607041.426,5.306,5.992,923.926
1788607041.801,5.306,5.923,972.283
1788607042.222,5.307,5.849,1080.291
1788607042.628,5.309,5.773,1140.188
1788607043.006,5.311,5.682,1272.279
1788607043.435,5.313,5.590,1421.182
1788607043.851,5.313,5.517,1501.971
1788607044.241,5.309,5.440,1675.885
1788607044.624,5.303,5.362,1768.685
1788607045.005,5.293,5.291,1880.420
1788607045.376,5.280,5.219,1972.182
1788607045.752,5.261,5.142,2158.455
1788607046.192,5.234,5.067,2112.417
1788607046.595,5.204,4.998,2273.104
1788607046.962,5.164,4.923,2188.335
1788607047.353,5.120,4.849,2187.531
1788607047.731,5.076,4.779,2132.571
1788607048.135,5.033,4.711,2098.080
1788607048.530,4.988,4.635,2184.486
1788607048.902,4.945,4.559,2155.203
1788607049.304,4.902,4.487,2328.999
1788607049.713,4.863,4.420,2240.773
1788607050.146,4.827,4.355,2133.915
1788607050.544,4.788,4.286,2009.830
1788607050.927,4.753,4.227,1988.769
1788607051.341,4.722,4.186,1839.435
1788607051.729,4.693,4.147,1694.908
1788607052.113,4.660,4.110,1694.908
1788607052.517,4.632,4.077,1557.433
1788607052.892,4.602,4.044,1512.112
1788607053.290,4.572,4.005,1428.370
1788607053.698,4.548,3.980,1308.424
1788607054.081,4.522,3.965,1308.424
1788607054.458,4.502,3.947,1265.207
1788607054.843,4.483,3.930,1197.832
1788607055.263,4.457,3.906,1197.832
1788607055.636,4.422,3.878,1096.505
1788607056.027,4.377,3.844,1004.136
1788607056.433,4.327,3.812,953.114
1788607056.833,4.282,3.786,874.807
1788607057.243,4.236,3.764,831.790
1788607057.618,4.191,3.738,765.647
1788607058.102,4.136,3.720,729.499
1788607058.534,4.081,3.705,695.395
1788607058.977,4.019,3.694,643.489
1788607059.361,3.948,3.686,588.069
1788607059.725,3.873,3.686,562.793
1788607060.148,3.806,3.684,539.042
1788607060.544,3.731,3.683,495.824
1788607060.940,3.646,3.683,457.856
1788607061.322,3.561,3.684,440.675
1788607061.702,3.480,3.683,409.606
1788607062.118,3.390,3.683,382.544
1788607062.542,3.316,3.683,370.381
1788607062.964,3.223,3.682,348.549
1788612946.705,0.032,-0.002,0.000
1788612947.027,0.032,-0.002,0.000
1788612947.365,0.032,-0.002,0.000
1788612947.712,0.032,-0.002,232.093
1788612948.044,0.032,-0.002,232.093
1788612948.379,0.032,-0.002,232.093
1788612948.708,0.032,-0.002,232.093
1788612949.035,0.032,-0.002,232.093
1788612949.341,0.032,-0.002,232.093
1788612949.679,0.032,-0.002,232.093
1788612950.039,0.032,-0.002,232.093
1788612950.354,0.032,-0.002,232.093
1788612950.689,0.032,-0.002,232.093
1788612951.043,0.032,-0.002,232.093
1788612951.352,0.032,-0.002,232.093
1788612951.683,0.032,-0.002,232.093
1788612951.995,0.032,-0.002,232.093
1788612952.308,0.032,-0.002,232.093
1788612952.658,0.032,-0.002,232.093
1788612953.004,0.032,-0.002,232.093
1788612953.313,0.032,-0.002,232.093
1788612953.636,0.032,-0.002,232.093
1788612953.950,0.032,-0.002,232.093
1788612954.292,0.040,-0.001,232.093
1788612954.623,0.114,-0.000,227.994
1788612955.012,0.269,0.002,220.809
1788612955.341,0.503,0.006,210.772
1788612955.713,0.799,0.011,201.122
1788612956.086,1.099,0.015,190.303
1788612956.438,1.404,0.049,179.010
1788612956.823,1.702,0.058,170.046
1788612957.174,1.959,0.065,164.131
1788612957.504,2.257,0.074,158.236
1788612957.876,2.587,0.084,153.669
1788612958.198,2.857,0.082,150.411
1788612958.538,3.154,0.041,148.556
1788612958.883,3.434,-0.062,148.204
1788612959.233,3.671,-0.244,149.314
1788612959.597,3.833,-0.495,152.677
1788612959.929,3.890,-0.807,158.455
1788612960.292,3.851,-1.103,163.867
1788612960.628,3.732,-1.338,166.621
1788612960.955,3.526,-1.542,169.982
1788612961.304,3.279,-1.683,174.249
1788612961.656,3.072,-1.743,177.832
1788612962.022,2.849,-1.800,184.086
1788612962.358,2.667,-1.844,189.637
1788612962.706,2.573,-1.884,194.512
1788612963.072,2.548,-1.894,195.884
1788612963.401,2.550,-1.900,198.344
1788612963.744,2.550,-1.900,196.913
1788612964.100,2.551,-1.900,196.913
1788612964.444,2.561,-1.901,196.913
1788612964.856,2.561,-1.900,196.913
1788612965.206,2.561,-1.900,196.913
1788612965.568,2.561,-1.906,196.913
1788612965.907,2.581,-1.975,199.495
1788612966.276,2.634,-2.117,206.751
1788612966.632,2.712,-2.336,217.555
1788612966.995,2.791,-2.620,248.357
1788612967.324,2.844,-2.915,303.140
1788612967.663,2.877,-3.168,381.279
1788612968.035,2.892,-3.341,466.253
1788612968.407,2.886,-3.444,544.166
1788612968.824,2.888,-3.462,591.255
1788612969.188,2.888,-3.462,591.255
1788612969.553,2.889,-3.452,591.255
1788612969.881,2.889,-3.452,591.255
1788612970.208,2.889,-3.452,591.255
1788612970.545,2.889,-3.452,591.255
1788612970.892,2.889,-3.452,591.255
1788612971.241,2.889,-3.452,591.255
1788612971.548,2.889,-3.452,591.255
1788612971.875,2.889,-3.452,591.255
1788612972.210,2.889,-3.455,591.255
1788612972.575,2.893,-3.519,644.535
1788612972.930,2.891,-3.662,843.298
1788612973.303,2.864,-3.804,1070.359
1788612973.663,2.836,-3.862,1278.852
1788612974.029,2.833,-3.865,1278.852
1788612974.382,2.830,-3.864,1278.852
1788612974.740,2.813,-3.869,1278.852
1788612975.100,2.720,-3.878,1578.486
1788612975.455,2.607,-3.877,1835.595
1788612975.802,2.573,-3.875,1947.458
1788612976.138,2.573,-3.875,1947.458
1788612976.489,2.535,-3.878,2032.303
1788612976.858,2.406,-3.887,1904.725
1788612977.232,2.207,-3.901,1279.199
1788612977.595,1.942,-3.932,677.117
1788612977.985,1.684,-3.949,441.598
1788612978.320,1.507,-3.960,374.634
1788612978.678,1.371,-3.958,317.829
1788612979.059,1.182,-3.972,271.430
1788612979.394,1.027,-3.982,250.375
1788612979.784,0.952,-3.987,245.156
1788612980.123,0.944,-3.987,240.658
1788612980.466,0.947,-3.987,240.658
1788612980.828,0.947,-3.987,240.658
1788612981.170,0.947,-3.987,240.658
1788612981.532,0.947,-3.988,240.658
1788612981.880,0.943,-3.980,240.658
1788612982.238,0.925,-3.906,239.749
1788612982.554,0.901,-3.751,236.116
1788612982.923,0.899,-3.515,229.261
1788612983.290,0.951,-3.222,227.319
1788612983.636,1.041,-2.936,226.216
1788612983.975,1.162,-2.663,225.186
1788612984.325,1.270,-2.444,223.166
1788612984.677,1.382,-2.248,220.257
1788612985.050,1.506,-1.992,214.394
1788612985.391,1.638,-1.724,207.022
1788612985.740,1.738,-1.500,200.005
1788612986.107,1.810,-1.353,193.906
1788612986.457,1.847,-1.277,191.434
1788612986.806,1.853,-1.267,190.195
1788612987.157,1.852,-1.267,190.195
1788612987.483,1.841,-1.273,191.434
1788612987.818,1.841,-1.273,191.434
1788612988.127,1.841,-1.273,191.434
1788612988.458,1.841,-1.273,191.434
1788612988.798,1.841,-1.273,191.434
1788612989.128,1.841,-1.273,191.434
1788612989.443,1.841,-1.273,191.434
1788612989.774,1.841,-1.273,191.434
1788612990.118,1.841,-1.273,191.434
1788612990.449,1.841,-1.273,191.434
1788612990.792,1.841,-1.273,191.434
1788612991.138,1.841,-1.273,191.434
1788612991.485,1.841,-1.273,191.434
1788612991.814,1.841,-1.273,191.434
1788612992.146,1.841,-1.273,191.434
1788612992.486,1.841,-1.273,191.434
1788612992.834,1.841,-1.273,191.434
1788612993.166,1.841,-1.273,191.434
1788612993.497,1.841,-1.273,191.434
1788612993.838,1.841,-1.273,191.434
1788612994.184,1.841,-1.273,191.434
1788612994.512,1.841,-1.273,191.434
1788612994.867,1.841,-1.273,191.434
1788612995.200,1.841,-1.273,191.434
1788612995.535,1.841,-1.273,191.434
1788612995.856,1.841,-1.273,191.434
1788612996.182,1.841,-1.273,191.434
1788612996.507,1.841,-1.273,191.434
1788612996.861,1.841,-1.273,191.434
1788612997.182,1.841,-1.273,191.434
1788612997.508,1.841,-1.273,191.434
1788612997.847,1.841,-1.273,191.434
1788612998.154,1.841,-1.273,191.434
1788612998.495,1.841,-1.273,191.434
1788612998.814,1.841,-1.273,191.434
1788612999.158,1.841,-1.273,191.434
1788612999.495,1.841,-1.273,191.434
1788612999.813,1.841,-1.273,191.434
1788613000.146,1.841,-1.273,191.434
1788613000.474,1.841,-1.273,191.434
1788613000.823,1.841,-1.273,191.434
1788613001.159,1.841,-1.273,191.434
1788613001.476,1.841,-1.273,191.434
1788613001.811,1.841,-1.273,191.434
1788613002.147,1.841,-1.273,191.434
1788613002.486,1.841,-1.273,191.434
1788613002.823,1.841,-1.273,191.434
1788613003.154,1.841,-1.273,191.434
1788613003.473,1.841,-1.273,191.434
1788613003.808,1.841,-1.273,191.434
1788613004.147,1.841,-1.273,191.434
1788613004.459,1.841,-1.273,191.434
1788613004.771,1.841,-1.273,191.434
1788613005.097,1.841,-1.273,191.434
1788613005.422,1.841,-1.273,191.434
1788613005.793,1.841,-1.273,191.434
1788613006.118,1.841,-1.273,191.434
1788613006.455,1.841,-1.273,191.434
1788613006.811,1.841,-1.273,191.434
1788613007.135,1.841,-1.273,191.434
1788613007.475,1.841,-1.273,191.434
1788613007.797,1.841,-1.273,191.434
1788613008.134,1.841,-1.273,191.434
1788613008.446,1.841,-1.273,191.434
1788613008.791,1.841,-1.273,191.434
1788613009.117,1.841,-1.273,191.434
1788613009.435,1.841,-1.273,191.434
1788613009.767,1.841,-1.273,191.434
1788613010.098,1.841,-1.273,191.434
1788613010.424,1.841,-1.273,191.434
1788613010.750,1.841,-1.273,191.434
1788613011.085,1.841,-1.273,191.434
1788613011.415,1.841,-1.273,191.434
1788613011.754,1.841,-1.273,191.434
1788613012.078,1.841,-1.273,191.434
1788613012.412,1.841,-1.273,191.434
1788613012.737,1.841,-1.273,191.434
1788613013.075,1.841,-1.273,191.434
1788613013.418,1.841,-1.273,191.434
1788613013.749,1.841,-1.273,191.434
1788613014.129,1.841,-1.273,191.434
1788613014.465,1.841,-1.273,191.434
1788613014.791,1.841,-1.273,191.434
1788613015.078,1.841,-1.273,191.434
1788613015.365,1.841,-1.273,191.434
1788613015.661,1.841,-1.273,191.434
1788613016.005,1.841,-1.273,191.434
1788694486.350,0.000,-0.000,231.015
1788694486.605,0.000,-0.000,231.015
1788694486.865,0.000,-0.000,231.015
1788694487.133,0.000,-0.000,231.015
1788694487.389,0.000,-0.000,231.015
1788694487.638,0.000,-0.000,231.015
1788694487.903,0.000,-0.000,231.015
1788694488.169,0.000,-0.000,231.015
