t_ros_s,t_elapsed_s,tf_stamp_s,tf_age_s,x_map_m,y_map_m,yaw_rad,v_m_s,w_rad_s,dose_rate_uSv_h,exposure_valid_uSv,path_valid_m,covered_s,status
249.2,0.11499999999998067,249.18,0.01999999999998181,11.518126141221,1.4936800349672008,1.6466006863035554,-4.1596126033961235e-12,-0.0001437690729493913,230420.59326171875,0.0,0.0,0.0,first_sample
249.3,0.2150000000000034,249.28,0.020000000000010232,11.518126141181725,1.4936800348619432,1.6466051365318013,-3.904682259813717e-12,-3.146867717102037e-05,230420.59326171875,6.40057203504738,1.123463549847672e-10,0.09999999999999432,ok
249.4,0.3149999999999977,249.38,0.020000000000010232,11.518126141147041,1.4936800347691854,1.6465909067706976,-3.665376017466919e-12,0.0004525489231376087,230420.59326171875,12.80114407009476,2.1137637919192152e-10,0.19999999999998863,ok
249.502,0.4170000000000016,249.48,0.02200000000001978,11.518126141116506,1.4936800346874515,1.64660074210954,-3.440736280621386e-12,0.00013980822539428245,230420.59326171875,19.20171610514214,2.986280860336239e-10,0.29999999999998295,ok
249.6,0.5149999999999864,249.58,0.01999999999998181,11.518126141089942,1.4936800346154548,1.6466104756595312,-3.229864148479098e-12,-5.6385738779343416e-05,230420.59326171875,25.602288140191337,3.7536883034453523e-10,0.4000000000000057,ok
249.7,0.6149999999999807,249.68,0.01999999999998181,11.518126141066514,1.4936800345520111,1.646617159821417,-3.0319158193117357e-12,-0.00039594982135178274,230420.59326171875,32.002860175238716,4.430001170395704e-10,0.5,ok
249.8,0.7150000000000034,249.78,0.020000000000010232,11.51812614104602,1.4936800344961172,1.6465924479928502,-2.8460992093169154e-12,-4.2146949621311015e-05,230420.59326171875,38.4034322102861,5.025327245170241e-10,0.5999999999999943,ok
249.9,0.8149999999999977,249.88,0.020000000000010232,11.518126141026814,1.4936800344467764,1.6465808491666412,-2.671670784503208e-12,-4.8740511355729486e-05,230420.59326171875,44.80400424533348,5.5547967216736e-10,0.6999999999999886,ok
250.0,0.914999999999992,249.98,0.020000000000010232,11.518126141009366,1.4936800344032586,1.6465884655485665,-2.5079325823105375e-12,0.00018106335499339866,230420.59326171875,51.20457628038086,6.023647950683765e-10,0.799999999999983,ok
250.1,1.0149999999999864,250.08,0.01999999999998181,11.51812614099439,1.493680034364942,1.646587754974031,-2.3542294200013458e-12,0.0003073205403280005,230420.59326171875,57.605148315430064,6.435043465689437e-10,0.9000000000000057,ok
250.258,1.1730000000000018,250.18,0.07800000000000296,11.518126140981153,1.493680034331174,1.6465852428093068,-2.1821686009294963e-12,7.891323812106518e-05,230420.59326171875,64.00572035047745,6.797741493996118e-10,1.0,ok
250.3,1.2150000000000034,250.28,0.020000000000010232,11.518126140969445,1.4936800343014152,1.6465919984512707,-2.0745058041422707e-12,0.0001085131310966145,230420.59326171875,70.40629238552482,7.117533048450794e-10,1.0999999999999943,ok
250.4,1.3149999999999977,250.38,0.020000000000010232,11.517633302444835,1.500030155636565,1.652861378941051,0.15899992386143805,0.15649460258132236,232827.28576660156,76.84029070536224,0.006369218150533635,1.1999999999999886,ok
250.501,1.4159999999999968,250.48,0.021000000000015007,11.515488895809877,1.5248058491648266,1.6593247164544418,0.33078428895268663,-0.07368110658695678,232827.28576660156,83.30771530998969,0.03123754076430075,1.299999999999983,ok
250.6,1.5149999999999864,250.58,0.01999999999998181,11.512457566906006,1.5607439168124706,1.6485206934607741,0.4082032299689257,-0.04403697815344153,235236.083984375,89.8085954454214,0.06730322613377734,1.4000000000000057,ok
250.7,1.6149999999999807,250.68,0.01999999999998181,11.508510450046371,1.6113269297114623,1.6533491374609088,0.5999203015190533,0.18227402153933708,237646.51489257812,96.37640931871205,0.11804000692880981,1.5,ok
250.8,1.7150000000000034,250.78,0.020000000000010232,11.503105196005643,1.6710814225718418,1.6721700229356302,0.6000000364563219,0.1232877013229598,240058.09020996094,103.01119550069139,0.17803847514463966,1.5999999999999943,ok
250.9,1.8149999999999977,250.88,0.020000000000010232,11.496766783732198,1.7307456727924295,1.6804370340337638,0.6000000356859605,0.013524024895973801,243947.81494140625,109.73349973890444,0.23803846034908005,1.6999999999999886,ok
251.0,1.914999999999992,250.98,0.020000000000010232,11.490165493069325,1.7903816632223473,1.679896590899243,0.600000034957302,-0.11038815322465781,246373.50463867188,116.54351806640514,0.2980386969567217,1.799999999999983,ok
251.101,2.015999999999991,251.08,0.020999999999986585,11.484133992651685,1.8475146622352954,1.6670633290020347,0.5010001118697552,-0.22402265274592453,248798.81286621094,123.42091136508563,0.3554891849746796,1.9000000000000057,ok
251.2,2.1149999999999807,251.18,0.01999999999998181,11.479660073750827,1.899437037925182,1.6438856172647216,0.5998103199904815,-0.14128481959908318,251223.28186035156,130.36566268073193,0.4076039530122827,2.0,ok
251.3,2.2150000000000034,251.28,0.020000000000010232,11.475557023289516,1.9592945018483698,1.6309673734130692,0.6000000331853464,-0.24018480260160177,256067.65747070312,137.4113701714406,0.4676018780631026,2.0999999999999943,ok
251.4,2.3149999999999977,251.38,0.020000000000010232,11.472590120597895,2.0192195047280905,1.6042668063566334,0.600000032613321,-0.2016457092765775,258486.60278320312,144.55795711941113,0.5276002820561764,2.1999999999999886,ok
251.5,2.414999999999992,251.48,0.020000000000010232,11.488616707581048,2.077786032141517,1.584723784467583,0.6000000320749755,-0.09769111319478366,260902.74047851562,151.7716979980457,0.5883200450958675,2.299999999999983,ok
251.6,2.5149999999999864,251.58,0.01999999999998181,11.492442749028587,2.1374077400114886,1.573268773748038,0.6000000315702906,-0.026252712105858236,263315.5212402344,159.05250718858557,0.6480643891167914,2.4000000000000057,ok
251.7,2.6149999999999807,251.68,0.01999999999998181,11.492246987503625,2.197407753978387,1.5797692754044153,0.6000000310965361,0.07613510228791331,265724.5178222656,166.40028550889764,0.7080647224375544,2.5,ok
251.8,2.7150000000000034,251.78,0.020000000000010232,11.491598382632276,2.2574045047992874,1.584320875829176,0.6000000306525269,0.10712538894032311,270529.0832519531,173.84825219048358,0.7680649790815418,2.5999999999999943,ok
251.9,2.8149999999999977,251.88,0.020000000000010232,11.490456636218306,2.31739329932015,1.597822268823429,0.6000000302350628,0.03857201930345863,272923.6755371094,181.39620717366458,0.8280646378550722,2.6999999999999886,ok
252.0,2.914999999999992,251.98,0.020000000000010232,11.488813148579078,2.3773709299222583,1.5995568098592514,0.6000000298431835,0.11142489361162039,275312.4694824219,189.0105980767132,0.8880647813904277,2.799999999999983,ok
252.1,3.0149999999999864,252.08,0.01999999999998181,11.48904328852736,2.4371904282170536,1.6116576063711268,0.6000000294774529,0.20950597911922134,277695.00732421875,196.69125747680718,0.9478847223853568,2.9000000000000057,ok
252.2,3.1149999999999807,252.18,0.01999999999998181,11.486097826966175,2.49711717268704,1.6301818012336484,0.600000029130004,0.0716382603749845,280070.7702636719,204.43800438774966,1.00788380943324,3.0,ok
252.3,3.2150000000000034,252.28,0.020000000000010232,11.482413303835136,2.5570039532834317,1.6372680927367882,0.6000000288051397,0.18927162125572428,284800.0183105469,212.2834320068356,1.0678838277740998,3.0999999999999943,ok
252.4,3.3149999999999977,252.38,0.020000000000010232,11.47800896543867,2.6168415302161203,1.6530762326834196,0.6000000285008522,0.1728174640438348,287152.587890625,220.22721820407364,1.1278832761872812,3.1999999999999886,ok
252.5,3.414999999999992,252.48,0.020000000000010232,11.47253807125141,2.6765902109162707,1.6805689715761434,0.6000000282152134,0.4284980683774275,289496.4294433594,228.23623233371185,1.1878819055767658,3.299999999999983,ok
252.6,3.5149999999999864,252.58,0.01999999999998181,11.464874827021493,2.7360939684511782,1.7268848399884866,0.60000002794637,0.4514417840088474,291831.11572265625,236.31022601657503,1.247877092657901,3.4000000000000057,ok
252.7,3.6149999999999807,252.68,0.01999999999998181,11.454588953952909,2.795202990628552,1.761820753663764,0.6000000276953806,0.1962191464585881,294156.1584472656,244.44893815782348,1.3078743899932666,3.5,ok
252.8,3.7150000000000034,252.78,0.020000000000010232,11.442750585112032,2.8540236264719017,1.779643586341721,0.6000000274562644,0.1648058956642088,300519.8059082031,252.70832655164895,1.367874508141722,3.5999999999999943,ok
252.9,3.8149999999999977,252.88,0.020000000000010232,11.429912399808636,2.912634389926926,1.7953837149364633,0.6000000272373129,0.07797294492944515,302823.0895996094,261.08808898925696,1.4278748464296447,3.6999999999999886,ok
253.0,3.914999999999992,252.98,0.020000000000010232,11.416441580389558,2.971103641004843,1.7974433316393847,0.6000000270291123,-0.06915322033915061,305114.6545410156,269.5316687689874,1.4878758155671001,3.799999999999983,ok
253.126,4.040999999999997,253.1,0.02600000000001046,11.399934107299387,3.0413232605225122,1.7805283510367265,0.6000000267988871,-0.17341909821771023,309160.8581542969,279.76959398057636,1.5600096608342766,3.9199999999999875,ok
253.2,4.114999999999981,253.18,0.01999999999998181,11.390172176205118,3.0883202590865224,1.7688888165140235,0.6000000266502088,-0.040419617752331785,311437.07275390625,286.66512654622414,1.60800979804986,4.0,ok
253.3,4.215000000000003,253.28,0.020000000000010232,11.378360252586253,3.1471465623397443,1.7695491732120738,0.6000000264779898,-0.06670349904596307,313700.1037597656,295.34758733113574,1.6680102604982272,4.099999999999994,ok
253.4,4.314999999999998,253.38,0.020000000000010232,11.366766838485685,3.2060158272100856,1.7542639261423965,0.6000000263170361,-0.29518751782367175,318184.9060058594,304.1237680223245,1.7280102404722377,4.199999999999989,ok
253.5,4.414999999999992,253.48,0.020000000000010232,11.354972135117357,3.264979259866295,1.7218259862669874,0.6000000261674113,-0.37960255984074104,320405.8532714844,312.9930841233982,1.7881417747795392,4.299999999999983,ok
253.6,4.514999999999986,253.58,0.01999999999998181,11.346355165993629,3.3243682509992847,1.6889967157230417,0.600000026022824,-0.20317106738914295,324423.52294921875,321.9490476820211,1.848152644000653,4.400000000000006,ok
253.7,4.614999999999981,253.68,0.01999999999998181,11.33964344848416,3.3839914129157256,1.6786022476165599,0.6000000258912305,-0.01248318517160166,326622.4060058594,330.99135225084115,1.908152382240424,4.5,ok
253.8,4.715000000000003,253.78,0.020000000000010232,11.333255932451166,3.4436505270001425,1.672140412638442,0.6000000257600167,-0.1582519028395769,328805.3894042969,340.0945160759817,1.9681524676937734,4.599999999999994,ok
253.902,4.816999999999979,253.88,0.02199999999999136,11.327476392349803,3.5033713873205587,1.6637613735954813,0.600000025644312,0.005879785625436534,333122.3449707031,349.2879568311895,2.028152336370246,4.699999999999989,ok
254.0,4.914999999999992,253.98,0.020000000000010232,11.321870268712388,3.5631090152591827,1.6656552926272905,0.6000000255351187,0.058388803427473907,335255.55419921875,358.57098320854897,2.088152443153246,4.799999999999983,ok
254.101,5.015999999999991,254.08,0.020999999999986585,11.317765700845277,3.6229138332606676,1.6768600732046892,0.6000000254312834,0.21420758027594317,337371.39892578125,367.91302422417607,2.1480979495199994,4.900000000000006,ok
254.2,5.114999999999981,254.18,0.01999999999998181,11.311267392516713,3.6825292545742143,1.7071790566210767,0.6000000253331013,0.336970900288393,339469.6044921875,377.31359371609176,2.208066495187914,5.0,ok
254.3,5.215000000000003,254.28,0.020000000000010232,11.302429546371323,3.741873209539223,1.7311430963203422,0.6000000252408929,0.10417804078989362,341549.74365234375,386.7721957736542,2.2680649327957263,5.099999999999994,ok
254.4,5.314999999999998,254.38,0.020000000000010232,11.292722771903254,3.8010828830303156,1.7313339868869968,0.6000000251564237,-0.15157323420928556,347528.9611816406,396.3427333407923,2.3280649903414967,5.199999999999989,ok
254.5,5.414999999999992,254.48,0.020000000000010232,11.283611005760434,3.860385769670712,1.7059785623581576,0.6000000250750869,-0.406538962451604,349559.14306640625,406.02451256645907,2.38806379571398,5.299999999999983,ok
254.6,5.514999999999986,254.58,0.01999999999998181,11.276675472262097,3.919620051441224,1.6598131723324538,0.6000000249994019,-0.3919123788764538,351569.82421875,415.76241488986625,2.4477027239553135,5.400000000000006,ok
254.7,5.614999999999981,254.68,0.01999999999998181,11.27219469352764,3.9793612221774466,1.6290488654666038,0.6000000249290659,-0.17155605861955475,353560.6384277344,425.55589353773354,2.507611695395338,5.5,ok
254.8,5.715000000000003,254.78,0.020000000000010232,11.269060241377838,4.039278897907303,1.613200899640555,0.6000000248588209,-0.22686003803768576,355531.3415527344,435.40439325968396,2.567611300853604,5.599999999999994,ok
254.9,5.814999999999998,254.88,0.020000000000010232,11.267034247812761,4.099243783433675,1.5949565625186601,0.6000000247983476,-0.050812202432620183,357481.5979003906,445.3073507520879,2.627610402064511,5.699999999999989,ok
255.0,5.914999999999992,254.98,0.020000000000010232,11.264127420252974,4.1617546938342675,1.6029148980858947,0.6000000247410004,0.2049060026478578,361319.4580078125,455.2906987508124,2.690188861342231,5.799999999999983,ok
255.1,6.014999999999986,255.08,0.01999999999998181,11.261198852612296,4.222325888887466,1.6297296768640301,0.6000000246879658,0.2817682294566826,363206.4514160156,465.35355860392343,2.7508308119919147,5.900000000000006,ok
255.2,6.114999999999981,255.18,0.01999999999998181,11.25709113027471,4.282184007364653,1.6489045583600956,0.6000000246333381,0.11332254148375653,365071.7468261719,475.4685335795088,2.8108297097353865,6.0,ok
255.3,6.215000000000003,255.28,0.020000000000010232,11.252016580079982,4.341968176901225,1.669927994027387,0.6000000245818842,0.278929916256977,366914.97802734375,485.6350158691404,2.870828859619834,6.099999999999994,ok
255.401,6.3160000000000025,255.38,0.021000000000015007,11.245534066785785,4.4016159772474595,1.6876154481206813,0.600000024540515,0.023797809127958182,372463.19580078125,495.9041571723082,2.930827885151535,6.199999999999989,ok
255.5,6.414999999999992,255.48,0.020000000000010232,11.23860594310365,4.461214583754302,1.6813503249571367,0.6000000244962582,-0.04999623426698087,374242.8283691406,506.2750741746676,2.9908278251124414,6.299999999999983,ok
255.6,6.514999999999986,255.58,0.01999999999998181,11.233779091826767,4.517932436946247,1.681779436629233,0.6000000244553371,0.011213150301411116,375998.9318847656,516.6950986226409,3.047750697175894,6.400000000000006,ok
255.701,6.6159999999999854,255.68,0.020999999999986585,11.227654172193489,4.576838284595941,1.6776391707360994,0.6000000244175909,-0.10722671144587195,377731.1096191406,527.1635714213056,3.1069741176093935,6.5,ok
255.8,6.715000000000003,255.78,0.020000000000010232,11.221511831631872,4.636522795636546,1.6661353887964074,0.6000000243821582,-0.19685121709676545,379438.96484375,537.6798224555118,3.1669738609899363,6.599999999999994,ok
255.901,6.8160000000000025,255.88,0.021000000000015007,11.216270177962132,4.696292495852894,1.6477261182991667,0.6000000243467652,-0.14093891423068824,381122.1008300781,548.2431705898699,3.2269729609593996,6.699999999999989,ok
256.017,6.931999999999988,255.98,0.03700000000000614,11.210370086194144,4.756156119089479,1.6337684311204956,0.6000000243155424,-0.2431754680228561,384412.53662109375,558.8755961100245,3.2871266347448174,6.799999999999983,ok
256.1,7.015000000000015,256.08,0.020000000000038654,11.206697120292299,4.816064859535125,1.6120645106869278,0.6000000242862332,-0.2014495051419571,386019.04296875,569.5760347154384,3.347147863158603,6.899999999999977,ok
256.2,7.114999999999981,256.18,0.01999999999998181,11.204601308865067,4.8760278229545975,1.600097708005178,0.6000000242587202,-0.0608934095659424,387599.12109375,580.3207314385311,3.407147441553651,7.0,ok
256.3,7.215000000000003,256.28,0.020000000000038654,11.202912057223145,4.936004061643507,1.5995098755934565,0.600000024233604,0.005339531506055244,389152.40478515625,591.1089470757345,3.467147464706803,7.099999999999966,ok
256.4,7.314999999999969,256.38,0.01999999999998181,11.201281705950631,4.995981851350614,1.5933893042796616,0.6000000242122022,-0.11398254741613786,390678.466796875,601.9399314032652,3.527147408901958,7.199999999999989,ok
256.5,7.414999999999992,256.48,0.01999999999998181,11.200322769259357,5.055973329888223,1.5717982282652685,0.6000000241887335,-0.30313794673154537,393647.27783203125,612.8333445231136,3.587146551035045,7.300000000000011,ok
256.6,7.515000000000015,256.58,0.020000000000038654,11.201449499012964,5.117482501948,1.549920263684997,0.600000024164528,-0.1460423095116775,395089.29443359375,623.7880191379103,3.648666041990489,7.399999999999977,ok
256.7,7.614999999999981,256.68,0.01999999999998181,11.203836077196442,5.179343475428677,1.5336566719752438,0.6000000241473161,-0.2228945037634112,396502.5939941406,634.7823509216313,3.7105730350962993,7.5,ok
256.8,7.715000000000003,256.78,0.020000000000038654,11.207559576087531,5.241144319147842,1.501370342145209,0.6000000241292016,-0.30642187739784416,397886.9323730469,645.8155387878385,3.7724859475491352,7.599999999999966,ok
256.901,7.8160000000000025,256.88,0.021000000000015007,11.212543277970237,5.301322740021339,1.4772189045972535,0.6000000241136619,-0.18412746909011005,400567.56591796875,656.9051845974384,3.8328703795103904,7.699999999999989,ok
257.0,7.914999999999992,256.98,0.01999999999998181,11.218581691722449,5.361017447915933,1.4604736292727079,0.6000000240970736,-0.1366887118186898,401863.5559082031,668.050061289471,3.892869717767273,7.800000000000011,ok
257.1,8.015000000000015,257.08,0.020000000000038654,11.225452769850234,5.413767531691396,1.4475685713167752,0.600000024081502,-0.12397172228727432,403129.82177734375,679.2305248684331,3.9460654229788448,7.899999999999977,ok
257.2,8.11499999999998,257.18,0.01999999999998181,11.233100560108344,5.473277947076111,1.438426234278709,0.6000000240668847,-0.04368811403099112,404366.27197265625,690.4457483927413,4.006065241604349,8.0,ok
257.3,8.215000000000003,257.28,0.020000000000038654,11.241096678919815,5.532742813705256,1.4384055070544366,0.6000000240510316,0.13082934289961937,405573.0285644531,701.6949053446417,4.066065310598219,8.099999999999966,ok
257.4,8.31499999999997,257.38,0.01999999999998181,11.248757358140889,5.592251599484075,1.4468144180227391,0.6000000240345984,0.044784126317806996,406750.0915527344,712.9771709018274,4.12606515718967,8.199999999999989,ok
257.5,8.414999999999992,257.48,0.01999999999998181,11.255982407258298,5.651814809961524,1.4573710567591531,0.6000000240281916,0.13506990489924867,407065.5822753906,724.280166371665,4.186064968665456,8.300000000000011,ok
257.601,8.515999999999991,257.58,0.021000000000015007,11.264070829611459,5.717082358454534,1.4750393859992639,0.6000000240111572,0.24458971034070906,408160.8581542969,735.6027558220735,4.251831795124169,8.399999999999977,ok
257.7,8.61499999999998,257.68,0.01999999999998181,11.269706974498341,5.778248529131023,1.497301734653063,0.6000000240040554,0.20572677230869676,409227.96630859375,746.9553783840606,4.313257087670573,8.5,ok
257.8,8.715000000000003,257.78,0.020000000000038654,11.273645403432681,5.83811826991499,1.516412614439178,0.6000000239961855,0.18499571463964115,410267.2119140625,758.3372558593715,4.3732562300311955,8.599999999999966,ok
257.9,8.81499999999997,257.88,0.01999999999998181,11.276464782748398,5.8980511996198945,1.534467752353851,0.600000023986797,0.16878767985187718,411278.9306640625,769.7476189507369,4.433255438048794,8.699999999999989,ok
258.0,8.914999999999992,257.98,0.01999999999998181,11.278332615306377,5.958021836862173,1.5427478267679042,0.6000000239758522,-0.020153404602184174,413221.3134765625,781.1990112304703,4.493255155795709,8.800000000000011,ok
258.1,9.015000000000015,258.08,0.020000000000038654,11.27924992823359,6.012305825111558,1.5536963434608917,0.6000000239675791,0.23318084297438646,414152.8015136719,792.6903183831085,4.547546894055465,8.899999999999977,ok
258.2,9.11499999999998,258.18,0.01999999999998181,11.279394498422079,6.070871999530757,1.5830144775503958,0.6000000239598131,0.2385390052650853,415058.3801269531,804.2071403503421,4.606113246909637,9.0,ok
258.3,9.215000000000003,258.28,0.020000000000038654,11.278121005111108,6.13085732755967,1.6045263803082557,0.6000000239518125,0.13713984771727644,415938.5070800781,815.7487637837692,4.666112091598093,9.099999999999966,ok
258.4,9.31499999999997,258.38,0.01999999999998181,11.275872139154894,6.190815034971929,1.6131143567895896,0.6000000239456799,0.16180062033314455,416793.5791015625,827.3144872029612,4.726111958899805,9.199999999999989,ok
258.5,9.414999999999992,258.48,0.01999999999998181,11.272867127233502,6.2507387256557365,1.6338286577697028,0.6000000239413876,0.22025619875910013,418430.3894042969,838.9148200988786,4.78611094890644,9.300000000000011,ok
258.6,9.515000000000015,258.58,0.020000000000038654,11.268305193948326,6.3115755268225655,1.6551770960081318,0.6000000239353575,0.20432632745309537,419212.9821777344,850.5487558152918,4.847118551805675,9.399999999999977,ok
258.701,9.616000000000014,258.68,0.021000000000015007,11.262458377097307,6.37246870447665,1.6678972765880398,0.59100004175239,0.010074907076096255,419972.2595214844,862.2041063944503,4.908291784122606,9.5,ok
258.8,9.715000000000003,258.78,0.020000000000038654,11.256898065271962,6.426429865214497,1.660078637599884,0.5256524290165463,-0.13137893177230192,420708.6181640625,873.8802296956344,4.962538663625217,9.599999999999966,ok
258.9,9.81499999999997,258.88,0.01999999999998181,11.251909255279744,6.485024304263917,1.6484850020292035,0.6000000240422594,-0.19181019130163998,421422.4548339844,885.5764945983877,5.0213450962041,9.699999999999989,ok
259.0,9.914999999999992,258.98,0.01999999999998181,11.247876453644519,6.542887928652054,1.6282010289261402,0.5629486434429615,-0.12242254958410718,423892.333984375,897.3169777764232,5.079349083277063,9.800000000000011,ok
259.1,10.015000000000015,259.08,0.020000000000038654,11.244859025810616,6.601844489306932,1.609570127336882,0.6000000240589907,-0.2681111736543806,425185.4553222656,909.1097248501225,5.138382810204854,9.899999999999977,ok
259.2,10.11499999999998,259.18,0.01999999999998181,11.243099505786793,6.661776717434395,1.5889636593014291,0.600000024051089,-0.1662089581043275,425800.0793457031,920.9289683871802,5.198340861199167,10.0,ok
259.3,10.215000000000003,259.28,0.020000000000038654,11.242507368051303,6.721731815771331,1.5637655842608513,0.600000024036204,-0.3351895403233261,426393.9208984375,932.7649961683449,5.25829888354555,10.099999999999966,ok
259.401,10.316000000000003,259.38,0.021000000000015007,11.243643265487522,6.781711050561729,1.5365453879866722,0.6000000240242321,-0.17223137744013295,426967.28515625,944.6172351413293,5.318288873285733,10.199999999999989,ok
259.501,10.415999999999968,259.48,0.020999999999958163,11.246001912066841,6.841664407849058,1.5252639118603573,0.6000000240129941,-0.17719455135953222,427520.5078125,956.4851211547868,5.378288608816053,10.300000000000011,ok
259.601,10.515999999999991,259.58,0.021000000000015007,11.249712776336322,6.902808402901573,1.5102413128647323,0.6000000240024448,-0.013143651078380711,428567.6574707031,968.3752345614939,5.439545107610944,10.399999999999977,ok
259.7,10.61499999999998,259.68,0.01999999999998181,11.254193208707228,6.964216046034296,1.5013524108971894,0.6000000239925419,-0.1489762697519556,427399.59716796875,980.2636686537004,5.501115984731106,10.5,ok
259.801,10.71599999999998,259.78,0.021000000000015007,11.259407691660707,7.025565022155825,1.4932851635657367,0.6000000239825355,-0.09153766390599725,427888.2751464844,992.142666880286,5.562686169915431,10.599999999999966,ok
259.9,10.81499999999997,259.88,0.01999999999998181,11.264475955543015,7.085665007819099,1.483372735264926,0.6000000239766515,-0.07625525778390198,428358.2458496094,1004.0349796719012,5.622999481675825,10.699999999999989,ok
260.0,10.914999999999992,259.98,0.01999999999998181,11.26992488849705,7.145416860240767,1.471421601946246,0.6000000239663286,-0.24980570879754385,428809.9060058594,1015.9400928921187,5.682999271160108,10.800000000000011,ok
260.1,11.015000000000015,260.08,0.020000000000038654,11.276420936853476,7.201999145078684,1.4510688932419515,0.6000000239550864,-0.16815228761606385,429659.3322753906,1027.863276757132,5.7399532315292365,10.899999999999977,ok
260.2,11.11499999999998,260.18,0.01999999999998181,11.28391779262434,7.257698716212877,1.4419330783330981,0.6000000239535527,0.017422402218552097,430057.7087402344,1039.8037912156851,5.796155055974553,11.0,ok
260.3,11.215000000000003,260.28,0.020000000000038654,11.29159701182989,7.31337535964187,1.444191493035858,0.6000000239439348,0.09651198665160607,430438.9343261719,1051.7551334804923,5.85235878388584,11.099999999999966,ok
260.401,11.316000000000003,260.38,0.021000000000015007,11.2988362221747,7.372170399484629,1.461026622184752,0.6000000239347322,0.19968798084695816,430803.28369140625,1063.7168309529613,5.911597815583937,11.199999999999989,ok
260.5,11.414999999999992,260.48,0.01999999999998181,11.30493103792137,7.431859087027247,1.4811978807073285,0.6000000239316042,0.23799281613494616,429595.8557128906,1075.666819000246,5.9715968672393265,11.300000000000011,ok
260.6,11.515000000000015,260.58,0.020000000000038654,11.309581131026954,7.4938200181335315,1.5151478065701103,0.6000000239224467,0.46289186782298664,429940.6433105469,1087.604825931123,6.033732045274384,11.399999999999977,ok
260.7,11.61499999999998,260.68,0.01999999999998181,11.311892791848344,7.556452948223815,1.552185478087088,0.6000000239214486,0.35485493351033826,430582.9162597656,1099.556542036269,6.096407620321187,11.5,ok
260.802,11.717000000000013,260.78,0.022000000000048203,11.311995685579866,7.619130868502588,1.5965265801994004,0.6000000239157992,0.4420134645978436,430881.0729980469,1111.5213196648458,6.159085625056439,11.599999999999966,ok
260.9,11.81499999999997,260.88,0.01999999999998181,11.309504793176124,7.679612771736534,1.6307552861125898,0.6000000239140052,0.24835693202450967,431164.3371582031,1123.4941725836854,6.219618799132869,11.699999999999989,ok
261.0,11.914999999999992,260.98,0.01999999999998181,11.305394859786466,7.739470923034589,1.648926306727746,0.6000000239068111,0.10245413414632268,431433.0139160156,1135.4746913486078,6.279617881036581,11.800000000000011,ok
261.1,12.015000000000015,261.08,0.020000000000038654,11.300460347602069,7.7930783346778,1.6495647428102564,0.6000000239048574,-0.10016533704888088,431687.5,1147.462476264104,6.333451922251991,11.899999999999977,ok
261.2,12.11499999999998,261.18,0.01999999999998181,11.295925255901968,7.845167996378117,1.6315378908047178,0.6000000238996014,-0.16746916248546778,433375.8850097656,1159.4772455003535,6.385738631010354,12.0,ok
261.3,12.215000000000003,261.28,0.020000000000038654,11.292607963185885,7.902558729489711,1.6173087098564494,0.5410001024744546,-0.19637696818196138,433789.61181640625,1171.5212107340462,6.443225157066904,12.099999999999966,ok
261.401,12.316000000000003,261.38,0.021000000000015007,11.290629012416094,7.956428719632561,1.5955313212471762,0.5999999851337529,-0.1365861671770957,433977.0202636719,1183.5735250684945,6.497131484006699,12.199999999999989,ok
261.5,12.414999999999992,261.48,0.01999999999998181,11.289349810493746,8.016414258980495,1.5921082593389926,0.5999271276534952,0.04835732365016851,434151.9470214844,1195.6308718363466,6.557130661404566,12.300000000000011,ok
261.6,12.515000000000015,261.58,0.020000000000038654,11.287112063057135,8.081026231090565,1.588255523388064,0.6000000238360432,-0.14077910768236906,434314.7277832031,1207.6929089864077,6.621781372564943,12.399999999999977,ok
261.7,12.61499999999998,261.68,0.01999999999998181,11.284917901462345,8.146781164810225,1.5853573650446064,0.6000000239724853,0.0489131339845553,434465.75927734375,1219.759304640029,6.687572904342072,12.5,ok
261.8,12.715000000000003,261.78,0.020000000000038654,11.283546694258364,8.207919449924255,1.594779763831321,0.6000000239643751,0.0350379649134762,434734.06982421875,1231.8315244886578,6.74872656421522,12.599999999999966,ok
261.901,12.816000000000003,261.88,0.021000000000015007,11.282146891971593,8.26790306327485,1.5880365948918909,0.6000000239567619,-0.2207801974101874,434852.11181640625,1243.9091103447804,6.808726508523826,12.699999999999989,ok
262.0,12.914999999999992,261.98,0.01999999999998181,11.281675214104423,8.327899831330255,1.5642360253424756,0.6000000239503261,-0.18260359068208085,434959.8388671875,1255.9898318820553,6.868725130650541,12.800000000000011,ok
262.1,13.015000000000015,262.08,0.020000000000038654,11.28331661299671,8.384420459910892,1.554243703976473,0.6000000239400648,-0.005633251147075734,435057.67822265625,1268.073408508299,6.925269587898567,12.899999999999977,ok
262.2,13.11499999999998,262.18,0.01999999999998181,11.285655450753119,8.440041506486827,1.5441538466483002,0.6000000239337673,-0.1495811257409335,435145.99609375,1280.1595706515852,6.980939786247891,13.0,ok
262.3,13.215000000000003,262.28,0.020000000000038654,11.287802676266542,8.499134203491824,1.535413346038441,0.6000000239306978,0.007856242369384196,435225.15869140625,1292.2480589124862,7.040071481781927,13.099999999999966,ok
262.4,13.31499999999997,262.38,0.01999999999998181,11.289783669669534,8.559101303217235,1.5464112634862865,0.6000000239258592,0.2619620859952095,435357.5439453125,1304.339485337999,7.100071293317798,13.199999999999989,ok
262.5,13.414999999999992,262.48,0.01999999999998181,11.290497245186765,8.61909431008888,1.5811277973311888,0.6000000239199395,0.3352749044033251,435411.4990234375,1316.4334998236786,7.160068543784132,13.300000000000011,ok
262.6,13.515000000000015,262.58,0.020000000000038654,11.28881712347345,8.682114445134557,1.607325324098179,0.6000000239157601,0.15308550974628116,435457.763671875,1328.5289062499983,7.223111070939593,13.399999999999977,ok
262.7,13.61499999999998,262.68,0.01999999999998181,11.28585376358954,8.745853115339274,1.6176484226786314,0.6000000239133015,0.10711260748006726,435496.7346191406,1340.625496504043,7.286918590725801,13.5,ok
262.8,13.715000000000003,262.78,0.020000000000038654,11.28221745043761,8.809555783017895,1.6305067885127886,0.6000000239089927,0.14717548386443716,435554.2297363281,1352.7234265645316,7.350724959081253,13.599999999999966,ok
262.9,13.81499999999997,262.88,0.01999999999998181,11.27769940652637,8.873202093241254,1.6415416041033373,0.6000000239013952,-0.028769368596268635,435573.4558105469,1364.8224221971298,7.414531428391441,13.699999999999989,ok
263.0,13.914999999999992,262.98,0.01999999999998181,11.273514403684127,8.933818372651945,1.630685230579666,0.600000023901151,-0.12711275284126577,435586.85302734375,1376.921870930992,7.475292004247703,13.800000000000011,ok
263.1,14.015000000000015,263.08,0.020000000000038654,11.271130319232554,8.993700520358884,1.614729484268171,0.6000000238954551,-0.25009723785422866,435594.7265625,1389.021615091958,7.535221591870744,13.899999999999977,ok
263.2,14.11499999999998,263.18,0.01999999999998181,11.270325927160952,9.053609560201618,1.5878672457065053,0.6000000238913988,-0.14652755823804514,435595.3063964844,1401.1214766608355,7.595136031711932,14.0,ok
263.3,14.215000000000003,263.28,0.020000000000038654,11.269786839201123,9.113589933354952,1.583079778274975,0.6000000238882581,0.10855862549223408,435588.68408203125,1413.2212543063663,7.655118827407377,14.099999999999966,ok
263.4,14.31499999999997,263.38,0.01999999999998181,11.268677963151298,9.173578931388946,1.6013862914231884,0.6000000238824678,0.2187390139786407,435577.9113769531,1425.3207903544105,7.715118073162773,14.199999999999989,ok
263.5,14.414999999999992,263.48,0.01999999999998181,11.266340534413796,9.232935660580479,1.6235121873579077,0.5933001636280503,0.2244956599743469,435563.3850097656,1437.419975026451,7.774520807724575,14.300000000000011,ok
263.6,14.515000000000015,263.58,0.020000000000038654,11.261769628203147,9.290943636966832,1.6383661626376913,0.6000000238903709,-0.01549811861309601,435545.3186035156,1449.518707021076,7.8327085943127095,14.399999999999977,ok
263.701,14.616000000000014,263.68,0.021000000000015007,11.257606360301342,9.35035858392286,1.6284608426907976,0.6000000238844945,-0.1736174829995514,435500.0305175781,1461.6165590922049,7.892269224945787,14.5,ok
263.8,14.715000000000003,263.78,0.020000000000038654,11.254564464063417,9.410280704733415,1.6105010223448972,0.6000000238837779,-0.2552916063391265,435473.388671875,1473.7134121364986,7.952268505734452,14.599999999999966,ok
263.9,14.81499999999997,263.88,0.01999999999998181,11.252901462648346,9.470255212459879,1.5794656864668577,0.6000000238818148,-0.23951291952895895,435444.580078125,1485.809495035807,8.012266065274305,14.699999999999989,ok
264.0,14.914999999999992,263.98,0.01999999999998181,11.252842578831062,9.530254476602783,1.5622304999431487,0.6000000238793051,-0.2239932526609217,435413.7878417969,1497.9047501458087,8.072265358311757,14.800000000000011,ok
264.1,15.015000000000015,264.08,0.020000000000038654,11.255194104668266,9.582030985103154,1.5310917788805172,0.6000000238762385,-0.2397896740687238,435381.34765625,1509.999127027722,8.12409523875009,14.899999999999977,ok
264.2,15.11499999999998,264.18,0.01999999999998181,11.258347085233652,9.639903711209682,1.5159759455383468,0.6000000238711848,-0.07894934205200344,435347.5646972656,1522.0925841437456,8.182053790435297,15.0,ok
264.3,15.215000000000003,264.28,0.020000000000038654,11.261814926341405,9.699803292339404,1.5106267713075034,0.6000000238691088,0.04115126939278477,435312.744140625,1534.1850884331566,8.242053671614054,15.099999999999966,ok
264.4,15.31499999999997,264.38,0.01999999999998181,11.265231030102656,9.759705704407809,1.523338110324945,0.6000000238728442,0.22687491964172563,435240.9973144531,1546.2761126200355,8.302053411084493,15.199999999999989,ok
264.5,15.414999999999992,264.48,0.01999999999998181,11.267619673297801,9.819657428456816,1.5378255695780165,0.6000000238681727,-0.003522888188083634,435204.58984375,1558.3656346639023,8.362052701353313,15.300000000000011,ok
264.6,15.515000000000015,264.58,0.020000000000038654,11.269739862200039,9.889244865623251,1.5301601632546202,0.6000000238664555,-0.08586706501886152,435168.1823730469,1570.4541453891313,8.431672429967936,15.399999999999977,ok
264.7,15.61499999999998,264.68,0.01999999999998181,11.272389018854167,9.951592489670395,1.5215740899881456,0.6000000238627118,-0.0704103647959465,435096.435546875,1582.5411539713552,8.494076310098118,15.5,ok
264.801,15.71599999999998,264.78,0.021000000000015007,11.275387537959158,10.011517497498934,1.5247538067223614,0.6000000238640407,0.1849889747075162,435061.5539550781,1594.6266816033226,8.554076290765394,15.599999999999966,ok
264.9,15.81499999999997,264.88,0.01999999999998181,11.277623500137638,10.071474528504911,1.5477601292676588,0.6000000238640414,0.1966752978795103,435027.6794433594,1606.7112542894147,8.614074999867467,15.699999999999989,ok
265.01,15.924999999999983,265.0,0.009999999999990905,11.278570521682909,10.143466643384919,1.5719554398632636,0.6000000238631618,0.21143082794126383,434994.9951171875,1621.2116321987576,8.68607334328385,15.819999999999993,ok
265.1,16.015000000000015,265.08,0.020000000000038654,11.278175877985301,10.182960065749375,1.589566235960164,0.6000000238621668,0.2288322588972031,434963.7451171875,1630.877840423582,8.725568737366013,15.899999999999977,ok
265.2,16.11499999999998,265.18,0.01999999999998181,11.276501104475239,10.240809559418057,1.6100229349447335,0.6000000238588602,0.0910721566747445,434934.14306640625,1642.9597555372459,8.78344246874764,16.0,ok
265.3,16.215000000000003,265.28,0.020000000000038654,11.274037603081384,10.300758940023993,1.6134062380334573,0.6000000238570466,0.10121999526229673,434880.7067871094,1655.0405173407628,8.843442444365577,16.099999999999966,ok
265.4,16.31499999999997,265.38,0.01999999999998181,11.271188705959649,10.360690895788075,1.6236362904283719,0.6000000238581429,-0.01635513371436658,434857.2692871094,1667.1202114529074,8.903442073835416,16.19999999999999,ok
265.5,16.414999999999992,265.48,0.01999999999998181,11.268191285390776,10.430875128459421,1.6117763088028176,0.6000000238557499,-0.2718152796512968,434836.3037109375,1679.1992888556608,8.973690284102528,16.30000000000001,ok
265.6,16.515000000000015,265.58,0.020000000000038654,11.266464868550637,10.493412758848747,1.5794331714331753,0.6000000238512848,-0.3514297074901659,434817.93212890625,1691.2778199089878,9.03625173972672,16.399999999999977,ok
265.701,16.616000000000014,265.68,0.021000000000015007,11.2667187355944,10.553410002586869,1.5516638046341318,0.6000000238532706,-0.13168148743942668,434789.8254394531,1703.3557054307732,9.096249520557745,16.5,ok
265.8,16.715000000000003,265.78,0.020000000000038654,11.268059842202742,10.613394920921335,1.5487291975111857,0.6000000238538876,0.07288126472007767,434780.3955078125,1715.4330696105922,9.156249428845404,16.599999999999966,ok
265.901,16.816000000000003,265.88,0.021000000000015007,11.269288296976972,10.673382324253689,1.551447568101879,0.6000000238524225,-0.01709909718815856,434774.2919921875,1727.5102180480949,9.216249409342824,16.69999999999999,ok
266.0,16.914999999999992,265.98,0.01999999999998181,11.270575973423574,10.733368396961428,1.5446192172888566,0.600000023851714,-0.12379310325206833,434771.5759277344,1739.58724399143,9.27624930125547,16.80000000000001,ok
266.1,17.015000000000015,266.08,0.020000000000038654,11.272052203301,10.78445612350763,1.5271603843998696,0.6000000238496279,-0.13668591400179453,434772.52197265625,1751.6642453511533,9.32735835190514,16.899999999999977,ok
266.2,17.11499999999998,266.18,0.01999999999998181,11.274786493501882,10.84216718887339,1.518599665719559,0.6000000238497142,-0.0016781338800506626,434777.2216796875,1763.7413251241053,9.385134154872764,17.0,ok
266.301,17.21599999999998,266.28,0.021000000000015007,11.277875910668172,10.90208758733861,1.5212444675890162,0.6000000238498387,0.08412160314155487,434798.33984375,1775.8187634785934,9.445134143628247,17.099999999999966,ok
266.4,17.31499999999997,266.38,0.01999999999998181,11.280646602140754,10.962023414108645,1.5300999168817095,0.6000000238492886,0.15785516247328366,434815.0634765625,1787.8967274136005,9.505133977476715,17.19999999999999,ok
266.5,17.414999999999992,266.48,0.01999999999998181,11.28259198841498,11.021990582462065,1.5532222129751334,0.6000000238487723,0.1883197509865218,434835.99853515625,1799.9752143859882,9.565132692530318,17.30000000000001,ok
266.6,17.515000000000015,266.58,0.020000000000038654,11.283230717800075,11.08160009909375,1.5726499052943126,0.6000000238482875,0.3158833407109515,434861.328125,1812.0543439229307,9.62474563112833,17.399999999999977,ok
266.7,17.61499999999998,266.68,0.01999999999998181,11.282304966932367,11.141589942458602,1.6104218386643043,0.600000023847122,0.5163299167605314,434891.17431640625,1824.1342397901751,9.68474261706603,17.5,ok
266.8,17.715000000000003,266.78,0.020000000000038654,11.278640278398761,11.201470922198647,1.6621827774625482,0.6000000238466948,0.3992858666331204,434964.599609375,1836.2155699835846,9.74473563063158,17.599999999999966,ok
266.9,17.81499999999997,266.88,0.01999999999998181,11.272333489830906,11.261136009347979,1.691884809609834,0.6000000238462939,0.14386953302444572,435008.4533691406,1848.2985290527333,9.804733115633677,17.69999999999999,ok
267.0,17.914999999999992,266.98,0.01999999999998181,11.264865400966144,11.32066929857742,1.6960205417430951,0.6000000238466281,-0.07108017918950595,435057.1594238281,1860.3827736748606,9.864732989614946,17.80000000000001,ok
267.1,18.015000000000015,267.08,0.020000000000038654,11.25743506282042,11.381208673625881,1.6905879187607782,0.6000000238462748,-0.07327535003980344,435110.77880859375,1872.4684394836402,9.925726643844039,17.899999999999977,ok
267.2,18.11499999999998,267.18,0.01999999999998181,11.250466691527976,11.442052956561447,1.6730452815345864,0.6000000238452325,-0.3283135381718064,435169.43359375,1884.5556646558978,9.9869686634418,18.0,ok
267.3,18.215000000000003,267.28,0.020000000000038654,11.245197693236657,11.502067306881894,1.6342152747345484,0.6000000238456318,-0.47948900573934583,435870.3918457031,1896.6534400092194,10.047213867295545,18.099999999999966,ok
267.4,18.31499999999997,267.38,0.01999999999998181,11.2425783771731,11.562004142527654,1.583728267114326,0.6000000238474712,-0.5566597294783628,435938.6291503906,1908.761898634168,10.1072079093653,18.19999999999999,ok
267.5,18.414999999999992,267.48,0.01999999999998181,11.24312853014585,11.621994402708845,1.530731991949948,0.6000000238443547,-0.4136798052593043,436012.4206542969,1920.872329881458,10.167200692138735,18.30000000000001,ok
267.6,18.515000000000015,267.58,0.020000000000038654,11.242796869262254,11.688396982709126,1.5051974206960397,0.6000000238440971,-0.15817393223684661,436091.8273925781,1932.9848888821048,10.233604100406952,18.399999999999977,ok
267.7,18.61499999999998,267.68,0.01999999999998181,11.245975493385698,11.749820519363869,1.496605811809875,0.6000000238466975,-0.07802988906025644,436176.9104003906,1945.0997324625655,10.295109827835336,18.5,ok
267.8,18.715000000000003,267.78,0.020000000000038654,11.250582953535224,11.809643269615426,1.492870167211359,0.6000000238464706,0.03402041583024477,435827.7282714844,1957.2109079996708,10.355109745641027,18.599999999999966,ok
267.9,18.81499999999997,267.88,0.01999999999998181,11.255261736205739,11.869460538010268,1.4880829209416382,0.6000000238462576,-0.13734628810954433,435934.4787597656,1969.318716430663,10.415109717353507,18.69999999999999,ok
268.0,18.914999999999992,267.98,0.01999999999998181,11.260443437518989,11.92923623174506,1.4826546817395017,0.6000000238460577,0.010209793538231706,436046.875,1981.429568566218,10.475109580603148,18.80000000000001,ok
268.1,19.015000000000015,268.08,0.020000000000038654,11.273872980933472,11.975859367714083,1.4664908681126536,0.6000000238430278,-0.1716748958759131,436164.794921875,1993.543619537351,10.523628334131114,18.899999999999977,ok
268.2,19.11499999999998,268.18,0.01999999999998181,11.282436392152476,12.032071388272232,1.4546611445950473,0.6000000238456937,-0.07158665305332954,436288.4826660156,2005.661026170519,10.580488893985336,19.0,ok
268.302,19.217000000000013,268.28,0.022000000000048203,11.28955959933358,12.091646932584073,1.4477518001836787,0.6000000238433967,-0.0077005773428222984,436417.78564453125,2017.781946563717,10.640488773656857,19.099999999999966,ok
268.4,19.31499999999997,268.38,0.01999999999998181,11.296820485420742,12.151205841243437,1.4571918091787914,0.6000000238425308,0.2477407550921276,436693.6340332031,2029.9084940592438,10.700488640885586,19.19999999999999,ok
268.5,19.414999999999992,268.48,0.01999999999998181,11.30291610132483,12.210892943841687,1.4889153830685602,0.6000000238452272,0.31643617697147286,436322.32666015625,2042.0337157355432,10.760486197084353,19.30000000000001,ok
268.6,19.515000000000015,268.58,0.020000000000038654,11.305315210383313,12.278017066071213,1.5184249580986533,0.6000000238450904,0.16046568642932388,436476.6845703125,2054.1559242248513,10.827653179369987,19.399999999999977,ok
268.7,19.61499999999998,268.68,0.01999999999998181,11.307529200746261,12.339759665737175,1.5405188277638193,0.6000000238421198,0.3505475100148883,436636.53564453125,2066.282496727838,10.889435461351463,19.5,ok
268.815,19.72999999999999,268.78,0.03500000000002501,11.308513597248087,12.39974882094849,1.5721691249080816,0.6000000238426866,0.13549410968365327,436801.8493652344,2078.413585408525,10.949432692782922,19.599999999999966,ok
268.9,19.81499999999997,268.88,0.01999999999998181,11.30810658481394,12.459747131869147,1.5813402789483808,0.6000000238447283,0.019614414890368574,437148.8952636719,2090.55179019504,11.00943238421924,19.69999999999999,ok
269.0,19.914999999999992,268.98,0.01999999999998181,11.307341652259908,12.519742105439235,1.5914251565242716,0.6000000238417799,0.2424225273544756,437330.6579589844,2102.697339545358,11.069432234014783,19.80000000000001,ok
269.1,20.015000000000015,269.08,0.020000000000038654,11.305578457388124,12.578050391578644,1.6081017547442833,0.6000000238445223,0.06142838966413646,437517.822265625,2114.8480128818064,11.127767172847966,19.899999999999977,ok
269.2,20.11499999999998,269.18,0.01999999999998181,11.303075311195588,12.637581568143382,1.6225143499741594,0.600000023842297,0.25818954147108003,437710.44921875,2127.00396109687,11.187350951882559,20.0,ok
269.3,20.215000000000003,269.28,0.020000000000038654,11.299327075706685,12.697462585680693,1.6488111578159157,0.6000000238443408,0.22919155030511426,438420.41015625,2139.172445254852,11.247349164610807,20.099999999999966,ok
269.4,20.31499999999997,269.38,0.01999999999998181,11.29410753428108,12.75723390282829,1.6699726396535055,0.6000000238428372,0.1303219030805924,438835.38818359375,2151.3565535651305,11.307347947650566,20.19999999999999,ok
269.501,20.41599999999997,269.48,0.020999999999958163,11.287842447883039,12.816905443178157,1.6841953237362222,0.6000000238384965,0.15141801080654843,439051.45263671875,2163.549426354304,11.36734748127626,20.30000000000001,ok
269.6,20.515000000000015,269.58,0.020000000000038654,11.278852151831959,12.87152363258356,1.6975613366073146,0.6000000238419766,-0.02729199409934662,439273.193359375,2175.7483797709124,11.422700638702107,20.399999999999977,ok
269.7,20.61499999999998,269.68,0.01999999999998181,11.27073840575843,12.929781061368622,1.7028892664547124,0.6000000238440399,0.16624654905243952,439500.67138671875,2187.953572336833,11.481520370799357,20.5,ok
269.8,20.715000000000003,269.78,0.020000000000038654,11.26252927942002,12.989216530403068,1.711123818377382,0.6000000238411337,-0.06625429965385529,439733.7341308594,2200.165161302351,11.541520076920175,20.599999999999966,ok
269.9,20.81499999999997,269.88,0.01999999999998181,11.25441659758885,13.048665021463021,1.6942544961091508,0.6000000238417841,-0.3218198154613483,439972.3815917969,2212.3833017985016,11.60151956604966,20.69999999999999,ok
270.0,20.914999999999992,269.98,0.01999999999998181,11.247854239696583,13.108302056598594,1.6603470091790271,0.6000000238410171,-0.2457733090983469,440999.3896484375,2224.6190208435078,11.661516570148763,20.80000000000001,ok
270.101,21.01599999999999,270.08,0.021000000000015007,11.24313048792863,13.178383882794192,1.6364887790218872,0.5985955595579566,-0.22239727661769804,441259.765625,2236.8726202223015,11.731757414346959,20.899999999999977,ok
270.2,21.11499999999998,270.18,0.01999999999998181,11.239715210438419,13.240825094886874,1.6165204426561273,0.600000023845228,-0.1824871305759874,441525.87890625,2249.133531951905,11.79429195750463,21.0,ok
270.3,21.215000000000003,270.28,0.020000000000038654,11.237496222190694,13.300782665999936,1.5901026720210665,0.6000000238429595,-0.41177104740556764,442075.1647949219,2261.4057686699725,11.85429057617724,21.099999999999966,ok
270.4,21.31499999999997,270.38,0.01999999999998181,11.237241170536127,13.360779067725307,1.5563483494873254,0.6000000238449626,-0.26864033306414337,442358.1237792969,2273.6895643446173,11.914287520027228,21.19999999999999,ok
270.5,21.414999999999992,270.48,0.01999999999998181,11.239106598304211,13.398685010472784,1.5354658041927174,0.6000000238427105,-0.11295942096378807,442358.1237792969,2285.977290005156,11.952239335745753,21.30000000000001,ok
270.6,21.515000000000015,270.58,0.020000000000038654,11.241594493049607,13.453117528004103,1.5250622819513637,0.6000000238418867,-0.06380628999677207,442940.1550292969,2298.273099433049,12.006728679521041,21.399999999999977,ok
270.7,21.61499999999998,270.68,0.01999999999998181,11.244368199746596,13.513053358478953,1.5288833007508413,0.600000023842491,0.19178633598006545,443238.9221191406,2310.5811421712247,12.06672865638396,21.5,ok
270.8,21.715000000000003,270.78,0.020000000000038654,11.24630169000613,13.573020463922942,1.558128924188562,0.6000000238409701,0.42675386452839026,443542.7551269531,2322.897554355194,12.126726924024904,21.599999999999966,ok
270.9,21.81499999999997,270.88,0.01999999999998181,11.246160222024335,13.633017336349909,1.5905858549914025,0.6000000238430081,0.17124913314544513,443851.2878417969,2335.222471618652,12.186723963236915,21.69999999999999,ok
271.0,21.914999999999992,270.98,0.01999999999998181,11.244684744059184,13.69299895753421,1.5974877962631029,0.6000000238422096,-0.07400305518405584,444164.5202636719,2347.5560245090087,12.246723729195814,21.80000000000001,ok
271.1,22.015000000000015,271.08,0.020000000000038654,11.245078970019087,13.767639566807004,1.5896232400968922,0.6000000238421271,0.06080684626539597,444804.0466308594,2359.9028101603176,12.321365379544138,21.899999999999977,ok
271.2,22.11499999999998,271.18,0.01999999999998181,11.244212575279429,13.831272661695245,1.5978717964691211,0.6000000238420496,0.0006184401232916664,445129.8828125,2372.2630036248115,12.385004372346513,22.0,ok
271.3,22.215000000000003,271.28,0.020000000000038654,11.242644446453857,13.891252147985547,1.5972067818124065,0.6000000238412664,0.10748907137713563,445459.47265625,2384.63230022854,12.445004354043695,22.099999999999966,ok
271.4,22.31499999999997,271.38,0.01999999999998181,11.240858161627811,13.951225431267815,1.6014309534585889,0.6000000238440403,-0.072923471797032,446128.6926269531,2397.015469190809,12.505004233386364,22.19999999999999,ok
271.5,22.414999999999992,271.48,0.01999999999998181,11.239190073142199,14.01120212381558,1.594428674224023,0.6000000238439762,-0.06947069259194785,446467.71240234375,2409.4126414828856,12.565004118120962,22.30000000000001,ok
271.601,22.51599999999999,271.58,0.021000000000015007,11.238083556683971,14.068188369644075,1.5965146060963116,0.600000023843916,0.05793715147740295,446809.26513671875,2421.819266170924,12.622001105693094,22.399999999999977,ok
271.701,22.616000000000014,271.68,0.021000000000015007,11.236502371725024,14.124372534398681,1.6114071240308943,0.6000000238410175,0.2776373858908953,447152.9235839844,2434.2354076809365,12.678207515603772,22.5,ok
271.8,22.715000000000003,271.78,0.020000000000038654,11.233444816207982,14.183528347969354,1.6341860760916247,0.6000000238409644,0.08317270030877658,447498.35205078125,2446.661119842526,12.737442293605787,22.599999999999966,ok
271.901,22.816000000000003,271.88,0.021000000000015007,11.229566922092426,14.243402879019575,1.632295226272787,0.6000000238409147,-0.17247084415139952,447845.1843261719,2459.0964467366534,12.797442273032912,22.69999999999999,ok
272.0,22.914999999999992,271.98,0.01999999999998181,11.226414741867638,14.303318511631508,1.6048560765830202,0.6000000238408679,-0.4267033800022878,448541.19873046875,2471.546257612443,12.857440766942823,22.80000000000001,ok
272.1,23.015000000000015,272.08,0.020000000000038654,11.22724079427139,14.355071738895605,1.5542604597892142,0.6000000238415346,-0.4022981801038038,448889.4348144531,2484.010571967229,12.909200586251076,22.899999999999977,ok
272.2,23.11499999999998,272.18,0.01999999999998181,11.229541803777714,14.412963637369431,1.5230722785120665,0.600000023840783,-0.1592229547934563,449237.2741699219,2496.4845540364595,12.967138195397917,23.0,ok
272.3,23.215000000000003,272.28,0.020000000000038654,11.232663214265884,14.472882205872752,1.5173793007037633,0.6000000238407444,0.09661842924778566,449584.1064453125,2508.968184322778,13.027138012521995,23.099999999999966,ok
272.4,23.31499999999997,272.38,0.01999999999998181,11.235601494613979,14.532809857736112,1.5318567663937275,0.6000000238428397,0.25447196964856966,449929.443359375,2521.4614280700685,13.087137653764756,23.19999999999999,ok
272.5,23.414999999999992,272.48,0.01999999999998181,11.237366701423058,14.59278266295544,1.5521665714816355,0.6000000238435161,0.12530962428738077,450272.76611328125,2533.964236534969,13.147136431426924,23.30000000000001,ok
272.6,23.515000000000015,272.58,0.020000000000038654,11.23638525581726,14.653441667705316,1.5639309804855677,0.6000000238377999,0.03426335059135131,450950.98876953125,2546.4812331305593,13.207803375413931,23.399999999999977,ok
272.7,23.61499999999998,272.68,0.01999999999998181,11.236138858221986,14.713589470174096,1.5738309326921582,0.6000000238434543,0.14095482009332086,451284.72900390625,2559.012284766304,13.267951682568816,23.5,ok
272.801,23.71599999999998,272.78,0.021000000000015007,11.23571151076773,14.773587776848133,1.579349199789377,0.6000000238405839,-0.0561647608520246,451614.1052246094,2571.552546352807,13.327951511148559,23.599999999999966,ok
272.9,23.81499999999997,272.88,0.01999999999998181,11.235277127201975,14.83358619029271,1.5773046819119285,0.600000023841268,0.056320333106513826,451938.5070800781,2584.101888190375,13.387951497023128,23.69999999999999,ok
273.0,23.914999999999992,272.98,0.01999999999998181,11.23463039809526,14.89358226755074,1.592395656002421,0.6000000238376905,0.226508419962809,452257.32421875,2596.660163625084,13.44795105989561,23.80000000000001,ok
273.1,24.015000000000015,273.08,0.020000000000038654,11.236565363104395,14.973480963700702,1.6126111571850048,0.6000000238405093,0.2955632648856208,452875.67138671875,2609.231455230711,13.527873182840704,23.899999999999977,ok
273.2,24.11499999999998,273.18,0.01999999999998181,11.23424330815466,15.038353762630308,1.645457797253456,0.6000000238383559,0.3043502092452286,453174.01123046875,2621.815478600397,13.592787526249158,24.0,ok
273.3,24.215000000000003,273.28,0.020000000000038654,11.22903973766618,15.098125463378555,1.6752887630614408,0.600000023840467,0.22279362452028217,453464.2639160156,2634.4076768663163,13.652785304176065,24.099999999999966,ok
273.4,24.31499999999997,273.38,0.01999999999998181,11.222331797225827,15.157748572321356,1.6921089954767117,0.6000000238432899,0.1382571952655336,454018.2800292969,2647.011601087782,13.712784567379513,24.19999999999999,ok
273.503,24.417999999999978,273.48,0.022999999999967713,11.214745568441442,15.217266610295283,1.705318352361191,0.6000000238375874,0.12327873670012082,454280.9143066406,2659.626867675784,13.772784131639888,24.30000000000001,ok
273.601,24.51599999999999,273.58,0.021000000000015007,11.204631427764777,15.270025053203518,1.72245628247684,0.6000000238432548,0.19772217303423498,454533.1726074219,2672.249285549586,13.826503300841663,24.399999999999977,ok
273.7,24.61499999999998,273.68,0.01999999999998181,11.195128944226818,15.329267050033694,1.7391616842242952,0.6000000238432389,0.1386968816370097,455984.7106933594,2684.8953672621,13.88650256235225,24.5,ok
273.8,24.715000000000003,273.78,0.020000000000038654,11.184785711608285,15.388368507669478,1.7476770179765255,0.6000000238403818,-0.05322897374163469,456231.5368652344,2697.565037367076,13.946502268648826,24.599999999999966,ok
273.9,24.81499999999997,273.88,0.01999999999998181,11.174319327879626,15.44744855510793,1.7476717823046077,0.6000000238410782,0.050039328316024596,456465.8203125,2710.241389550103,14.006502245262867,24.69999999999999,ok
274.0,24.914999999999992,273.98,0.01999999999998181,11.163718432226531,15.490019001745654,1.7450999234980757,0.6000000238403546,-0.04006807194553873,456687.07275390625,2722.9240686204726,14.050372758316433,24.80000000000001,ok
274.1,25.015000000000015,274.08,0.020000000000038654,11.153278178477008,15.54498221620636,1.7513061518458117,0.6000000238410527,0.16953728210343946,456894.95849609375,2735.612707943385,14.10631874871975,24.899999999999977,ok
274.2,25.11499999999998,274.18,0.01999999999998181,11.14223476515616,15.60386615216942,1.7580089148278346,0.5910000416616026,-0.07759260471286915,458628.84521484375,2748.328316328262,14.16622930615562,25.0,ok
274.3,25.215000000000003,274.28,0.020000000000038654,11.131667549071006,15.661387336007584,1.7398965269278412,0.6000000127990701,-0.31772333720240936,458806.82373046875,2761.0704783969427,14.224713087205874,25.099999999999966,ok
274.4,25.31499999999997,274.38,0.01999999999998181,11.122440152732741,15.720669844673107,1.7004306984109958,0.600000023864203,-0.3696637382874684,458969.05517578125,2773.8173656039767,14.28470942606802,25.19999999999999,ok
274.5,25.414999999999992,274.48,0.01999999999998181,11.115445770506092,15.780258646980036,1.6716476400203955,0.6000000238627726,-0.30559635843617416,459115.234375,2786.568536292185,14.34470731555679,25.30000000000001,ok
274.6,25.515000000000015,274.58,0.020000000000038654,11.110250591965873,15.856030742756236,1.6309909912184877,0.6000000238614299,-0.5566727127605754,459358.94775390625,2799.325122155082,14.42065730158959,25.399999999999977,ok
274.7,25.61499999999998,274.68,0.01999999999998181,11.108080880153206,15.919982406095569,1.5695093731762353,0.600000023862301,-0.577945109834369,459456.4514160156,2812.086447143556,14.484645760652278,25.5,ok
274.8,25.715000000000003,274.78,0.020000000000038654,11.109538326859555,15.979956838110779,1.5137917346483067,0.6000000238596968,-0.4499238574224019,459537.6892089844,2824.8502546522323,14.54463789885762,25.599999999999966,ok
274.9,25.81499999999997,274.88,0.01999999999998181,11.113911623818847,16.039793878609387,1.4790201181991813,0.600000023857165,-0.19411230133170326,459602.8747558594,2837.6160958184137,14.604634541613079,25.69999999999999,ok
275.0,25.914999999999992,274.98,0.01999999999998181,11.121396565802819,16.087077762306393,1.4670134911136186,0.6000000238539906,0.04055271803739707,459652.0690917969,2850.3835255940785,14.652507185304183,25.80000000000001,ok
275.1,26.015000000000015,275.08,0.020000000000038654,11.127869426206662,16.14364181158806,1.4785484141949456,0.6000000238558542,0.27073811298169426,459685.5773925781,2863.1521040174684,14.709440388208522,25.899999999999977,ok
275.2,26.11499999999998,275.18,0.01999999999998181,11.132798264598684,16.203437690799237,1.4994797951290821,0.6000000238513827,0.07914692189925654,459706.5734863281,2875.921439446345,14.769439060014923,26.0,ok
275.3,26.215000000000003,275.28,0.020000000000038654,11.136839472579608,16.263301182927542,1.5100046125438626,0.6000000238540729,0.13629646898897574,459694.7021484375,2888.690901607935,14.829438802112207,26.099999999999966,ok
275.4,26.31499999999997,275.38,0.01999999999998181,11.140126161511914,16.323210529738795,1.5254154389557277,0.6000000238532633,0.13265643545183603,459668.5791015625,2901.4598360697432,14.88943823677195,26.19999999999999,ok
275.5,26.414999999999992,275.48,0.01999999999998181,11.142652469168107,16.383157227996595,1.5296929135221569,0.6000000238517929,0.040819981933651536,459628.47900390625,2914.2278507656556,14.949438143958423,26.30000000000001,ok
275.6,26.515000000000015,275.58,0.020000000000038654,11.147706523188662,16.440900846646933,1.5306392446111008,0.6000000238525005,-0.014525094046319374,459575.0427246094,2926.994566345214,15.007402520577847,26.399999999999977,ok
275.7,26.61499999999998,275.68,0.01999999999998181,11.150855814643704,16.50025098018272,1.5301652565005703,0.6000000238504098,0.11300245765802022,458021.2707519531,2939.7389595879467,15.06683615068223,26.5,ok
275.801,26.71599999999998,275.78,0.021000000000015007,11.15290013967033,16.560215265769834,1.5516000226647262,0.6000000238504917,0.36524159956514024,457937.56103515625,2952.46061002943,15.126835274099054,26.599999999999966,ok
275.9,26.81499999999997,275.88,0.01999999999998181,11.15305402726751,16.620210382039808,1.5982528867816848,0.6000000238499016,0.6193517628149049,457843.2312011719,2965.179787699382,15.186830587729705,26.69999999999999,ok
276.0,26.914999999999992,275.98,0.01999999999998181,11.149857131756614,16.68011491977492,1.6615085085059986,0.6000000238493477,0.5249453246865554,459124.6643066406,2977.915452914771,15.246820368377454,26.80000000000001,ok
276.1,27.015000000000015,276.08,0.020000000000038654,11.138763755090116,16.729240763497383,1.7122089709608523,0.6000000238481171,0.2879191873338029,459001.8615722656,2990.6672102186403,15.297183167419096,26.899999999999977,ok
276.2,27.11499999999998,276.18,0.01999999999998181,11.129745944262726,16.788558122019932,1.7307419899401812,0.6000000238476291,0.031756991661312135,458869.4763183594,3003.415423244902,15.357182083527732,27.0,ok
276.3,27.215000000000003,276.28,0.020000000000038654,11.120235614817624,16.847799541719336,1.7237149979653033,0.6000000238493024,-0.17386400362803384,458727.96630859375,3016.159832170272,15.417182018312324,27.099999999999966,ok
276.4,27.31499999999997,276.38,0.01999999999998181,11.111387483822737,16.907143296509993,1.7165523138465795,0.6000000238467407,0.016211658169244043,458420.0134277344,3028.8979985555015,15.477181773768129,27.19999999999999,ok
276.5,27.414999999999992,276.48,0.01999999999998181,11.102755559990106,16.96651902630471,1.7084049529404797,0.6000000238434947,-0.166463425731087,458254.6691894531,3041.629591369632,15.537181668748932,27.30000000000001,ok
276.6,27.515000000000015,276.58,0.020000000000038654,11.099364691220728,17.038660172869623,1.689424852211533,0.6000000238466685,-0.30172535500626496,459450.927734375,3054.3755024380143,15.609402462283146,27.399999999999977,ok
276.7,27.61499999999998,276.68,0.01999999999998181,11.094151935540744,17.101487097480117,1.6543664702099923,0.6000000238484443,-0.4037762337008381,459062.01171875,3067.1326265970883,15.672445267406268,27.5,ok
276.8,27.715000000000003,276.78,0.020000000000038654,11.090104699421127,17.161346609003346,1.61592334968798,0.6000000238445576,-0.27849078075032324,458859.0087890625,3079.8815296596927,15.732441444284527,27.599999999999966,ok
276.9,27.81499999999997,276.88,0.01999999999998181,11.087943467446257,17.221306673995276,1.5982879831467294,0.6000000238449547,-0.022870093138610062,458650.9704589844,3092.6247238159185,15.792440446921951,27.69999999999999,ok
277.0,27.914999999999992,276.98,0.01999999999998181,11.086226754050736,17.281282021621884,1.6062051810895903,0.6000000238446603,0.23256840441235394,458438.29345703125,3105.362074703644,15.852440358820344,27.80000000000001,ok
277.1,28.015000000000015,277.08,0.020000000000038654,11.079327595993503,17.324476795021788,1.6336830963743159,0.6000000238472263,0.28597688852044,458221.49658203125,3118.0934606764044,15.89618263620696,27.899999999999977,ok
277.2,28.11499999999998,277.18,0.01999999999998181,11.074869393723793,17.384308948522385,1.662435209727421,0.6000000238412826,0.28808165258223317,458000.8850097656,3130.818771531849,15.956180654174196,28.0,ok
277.3,28.215000000000003,277.28,0.020000000000038654,11.068685265326726,17.443987359271773,1.6915486962221882,0.6000000238438813,0.2583158492929774,457776.91650390625,3143.5379076639792,16.016178622086485,28.099999999999966,ok
277.4,28.31499999999997,277.38,0.01999999999998181,11.060964287701005,17.503487687681098,1.7071780433274442,0.6000000238443634,0.06954309814076863,457320.2209472656,3156.2475901285816,16.076177810216947,28.19999999999999,ok
277.5,28.414999999999992,277.48,0.01999999999998181,11.05253942970909,17.562892843730793,1.7190418180086129,0.6000000238434383,0.0490947721614153,457088.134765625,3168.947706180152,16.136177400194484,28.30000000000001,ok
277.6,28.515000000000015,277.58,0.020000000000038654,11.046765905594143,17.6341759951088,1.7177869112911976,0.6000000238403947,0.01490199850455349,458109.7717285156,3181.6587882147887,16.207693980447498,28.399999999999977,ok
277.7,28.61499999999998,277.68,0.01999999999998181,11.038780511774938,17.696459120189093,1.7169229560811268,0.6000000238402057,-0.012805145955623261,457861.3586425781,3194.3806094699457,16.270486927377988,28.5,ok
277.8,28.715000000000003,277.78,0.020000000000038654,11.030080648441006,17.755825034089355,1.713665382542344,0.6000000238421599,-0.13663101477373213,457361.02294921875,3207.092031436494,16.330486922005008,28.599999999999966,ok
277.9,28.81499999999997,277.88,0.01999999999998181,11.021884776138734,17.81526206185668,1.6976738761697459,0.6000000238398617,-0.18305987683355857,457109.5886230469,3219.7930121527784,16.390486360274117,28.69999999999999,ok
278.0,28.914999999999992,277.98,0.01999999999998181,11.014717305130477,17.87483166576257,1.6799949477287137,0.6000000238397053,-0.17507530303077354,456857.5134277344,3232.4869996812645,16.450485613187457,28.80000000000001,ok
278.101,29.01599999999999,278.08,0.021000000000015007,11.008444895590872,17.927216625981917,1.6620782736066435,0.5111552455361692,-0.2349631136711,456605.04150390625,3245.1739796108664,16.503244756268206,28.899999999999977,ok
278.2,29.11499999999998,278.18,0.01999999999998181,11.002580574622103,17.981621290057223,1.6405582447192437,0.6000000239812786,-0.2819072242860443,456352.2033691406,3257.853941345217,16.557964567429902,29.0,ok
278.3,29.215000000000003,278.28,0.020000000000038654,10.998821571760784,18.041115224331445,1.6084652971197235,0.6000000239753155,-0.3843530918749146,457291.9616699219,3270.543443637422,16.617577135886034,29.099999999999966,ok
278.4,29.31499999999997,278.38,0.01999999999998181,10.997574537014822,18.10109756894054,1.5638332775641353,0.6000000239641899,-0.4769120812841054,456766.2048339844,3283.238695949979,16.67757244203961,29.19999999999999,ok
278.5,29.414999999999992,278.48,0.01999999999998181,10.999141729690455,18.16107156965924,1.5148471795685412,0.6000000239620983,-0.5211543449959646,456504.150390625,3295.9230064392127,16.737566915577506,29.30000000000001,ok
278.6,29.515000000000015,278.58,0.020000000000038654,11.003097709801528,18.22106804624862,1.466354069494633,0.6000000239519566,-0.33987521807672005,455086.36474609375,3308.583985816107,16.79769367319655,29.399999999999977,ok
278.7,29.61499999999998,278.68,0.01999999999998181,11.009932067369594,18.280698164359826,1.437805420984626,0.6000000239479466,-0.2615529541074085,454833.251953125,3321.2217582702656,16.857714164941658,29.5,ok
278.8,29.715000000000003,278.78,0.020000000000038654,11.018472575651648,18.34008594707143,1.4168578971880896,0.6000000239386724,-0.07246306957774752,454580.26123046875,3333.852501508922,16.91771290673777,29.599999999999966,ok
278.9,29.81499999999997,278.88,0.01999999999998181,11.027723475915653,18.399368533497913,1.4198365854571582,0.6000000239326343,0.18323480350537366,454327.33154296875,3346.4762180752227,16.97771294181366,29.69999999999999,ok
279.0,29.914999999999992,278.98,0.01999999999998181,11.042039153841063,18.45728677687377,1.429240187846062,0.6000000239241242,0.009275693758731565,453821.5637207031,3359.0893971761097,17.037374164984232,29.80000000000001,ok
279.102,30.016999999999967,279.08,0.02199999999999136,11.051848621395337,18.516308733757217,1.4374514620072671,0.6000000239216459,0.2366496431090641,452460.8459472656,3371.676652865938,17.097205737318994,29.899999999999977,ok
279.2,30.11499999999998,279.18,0.01999999999998181,11.059204374714987,18.575854411535808,1.4647154406294476,0.6000000239166514,0.3461789436319002,452211.48681640625,3384.241546376548,17.157204027703067,30.0,ok
279.3,30.215000000000003,279.28,0.020000000000038654,11.064667581414133,18.635601705015976,1.5014697851008323,0.600000023911963,0.2773274507893405,451961.5173339844,3396.7995047675213,17.217200575150756,30.099999999999966,ok
279.401,30.316000000000003,279.38,0.021000000000015007,11.06828040867115,18.695491848553697,1.520256609572029,0.6000000239104042,0.13043796871490407,451710.9375,3409.3505110846627,17.27719959025732,30.19999999999999,ok
279.5,30.414999999999992,279.48,0.01999999999998181,11.071085013259257,18.755426129013166,1.5251012220747924,0.6000000239027202,-0.09999957477283174,451207.6416015625,3421.8910469055204,17.337199455099586,30.30000000000001,ok
279.6,30.515000000000015,279.58,0.020000000000038654,11.075612479160084,18.808981520783256,1.5189736193851262,0.6000000239023948,-0.04050095657753155,450954.8645019531,3434.4210817125095,17.390945877632912,30.399999999999977,ok
279.7,30.61499999999998,279.68,0.01999999999998181,11.079124826699637,18.867307465495184,1.5235050257588112,0.6000000238959122,0.14841108288545982,450701.171875,3446.9440822177476,17.44937748219566,30.5,ok
279.8,30.715000000000003,279.78,0.020000000000038654,11.081728187125616,18.9272508238055,1.528217292958672,0.6000000238924948,-0.015432999687722451,450446.5026855469,3459.460022142195,17.509377346287394,30.599999999999966,ok
279.9,30.81499999999997,279.88,0.01999999999998181,11.084196457719667,18.987199928702267,1.5368951314881616,0.6000000238899975,0.23948318452518388,450190.7653808594,3471.9688730875646,17.569377242434378,30.69999999999999,ok
280.0,30.914999999999992,279.98,0.01999999999998181,11.085600453064638,19.047181784357264,1.5619270668630676,0.6000000238862757,0.1458709358336227,449933.9294433594,3484.470604960126,17.629375527499416,30.80000000000001,ok
280.1,31.015000000000015,280.08,0.020000000000038654,11.082671149216957,19.10482545490492,1.5806711570811345,0.6000000238841595,0.2335294228037665,449416.50390625,3496.9615832010886,17.687093579920116,30.899999999999977,ok
280.2,31.11499999999998,280.18,0.01999999999998181,11.080605165133115,19.164146978725107,1.6028330631103154,0.600000023881506,0.08352306990740871,449155.6701660156,3509.4417522854283,17.746451068736473,31.0,ok
280.3,31.215000000000003,280.28,0.020000000000038654,11.078602091522319,19.22411351940034,1.6025573047941886,0.6000000238804363,-0.04503103257000234,448893.4020996094,3521.914656066891,17.806451054606843,31.099999999999966,ok
280.4,31.31499999999997,280.38,0.01999999999998181,11.076704237734779,19.284083489114934,1.6043766176489358,0.600000023876677,0.06608107976900388,448629.5166015625,3534.3802521599655,17.86645104724491,31.19999999999999,ok
280.5,31.414999999999992,280.48,0.01999999999998181,11.07608080106997,19.349884478893607,1.6137519060103929,0.6000000238737715,0.11415644386714446,448363.9831542969,3546.8384952121332,17.932254990357222,31.30000000000001,ok
280.6,31.515000000000015,280.58,0.020000000000038654,11.073782407301799,19.411261238487008,1.6168756249377858,0.6000000238724217,0.037619718615465814,447827.4841308594,3559.2855989244226,17.99367476919189,31.399999999999977,ok
280.7,31.61499999999998,280.68,0.01999999999998181,11.07080555188917,19.47118701455869,1.630728393634432,0.6000000238704876,0.2141859481422061,447556.33544921875,3571.721485307482,18.053674438407157,31.5,ok
280.8,31.715000000000003,280.78,0.020000000000038654,11.066810156906328,19.53105331543841,1.6442283154930482,0.6000000238679614,0.027849185829301695,447283.1726074219,3584.1498118082645,18.113673914755623,31.599999999999966,ok
280.904,31.81899999999999,280.9,0.004000000000019099,11.0616733479489,19.602869553413136,1.6322070363869385,0.6000000238652184,-0.2714059665240675,446730.28564453125,3599.050036112464,18.185673628943302,31.71999999999997,ok
281.001,31.91599999999997,280.98,0.020999999999958163,11.059109218674775,19.650800203024843,1.6129417318146908,0.6000000238646572,-0.13358163208488144,446450.439453125,3608.974266391332,18.233672815719068,31.80000000000001,ok
281.1,32.015000000000015,281.08,0.020000000000038654,11.055723222388828,19.701276160949014,1.6097999040280153,0.6000000238659976,0.0723688323735723,446168.15185546875,3621.3717468261693,18.28426221479843,31.899999999999977,ok
281.2,32.11499999999998,281.18,0.01999999999998181,11.053292953599149,19.76122690283568,1.6097485557590507,0.6000000238624562,-0.03727252393134779,445883.3923339844,3633.7613516065812,18.34426219529136,32.0,ok
281.3,32.215,281.28,0.020000000000038654,11.05096180945296,19.821181596935514,1.6110036624471145,0.6000000238611328,-0.0014489951982614713,445596.0998535156,3646.1430112202925,18.40426219177165,32.099999999999966,ok
281.4,32.31499999999997,281.38,0.01999999999998181,11.04867640061424,19.881137889692855,1.6020574233887965,0.6000000238598906,-0.08312720511978697,446437.5,3658.532366773816,18.46426202622779,32.19999999999999,ok
281.5,32.41499999999999,281.48,0.01999999999998181,11.046896496396037,19.941111466459663,1.5988296060693097,0.6000000238587244,-0.10853523603528462,446148.8342285156,3670.9293991936597,18.524262009304707,32.30000000000001,ok
281.6,32.515000000000015,281.58,0.020000000000038654,11.045470392674297,20.003804401617376,1.5817906701650322,0.6000000238576297,-0.11403743443392149,445563.3239746094,3683.31429027981,18.586971162468455,32.39999999999998,ok
281.7,32.61499999999998,281.68,0.01999999999998181,11.044801153941467,20.067186063730897,1.5808234187962578,0.6000000238587339,0.09705753382484683,445266.357421875,3695.686924743653,18.650356357685904,32.5,ok
281.8,32.715,281.78,0.020000000000038654,11.043814681814398,20.130563019590834,1.5867751613682122,0.6000000238577693,-0.032320378247112855,444966.4306640625,3708.05126902262,18.713740990376564,32.599999999999966,ok
281.9,32.81499999999997,281.88,0.01999999999998181,11.04292099997258,20.191233197927254,1.5794424400732312,0.6000000238568638,-0.17915541817825084,444663.4826660156,3720.4072400410964,18.774417750397244,32.69999999999999,ok
282.0,32.91499999999999,281.98,0.01999999999998181,11.044176407525578,20.24436024498409,1.5674635917826152,0.6000000238524611,-0.00023821531004305678,444357.4523925781,3732.754753028024,18.82755962820659,32.80000000000001,ok
282.1,33.015000000000015,282.08,0.020000000000038654,11.044875771685703,20.302625194599226,1.5592781886076978,0.6000000238523737,-0.048235183223869035,443735.90087890625,3745.089382934568,18.885828774964395,32.89999999999998,ok
282.2,33.11499999999998,282.18,0.01999999999998181,11.045604690346936,20.362620766033576,1.5586984635369503,0.6000000238544669,-0.0015302490620077642,443420.1965332031,3757.410995398628,18.94582877424897,33.0,ok
282.3,33.215,282.28,0.020000000000038654,11.046334055297592,20.422616335533903,1.5592144104233754,0.6000000238480795,0.03340683841796075,443101.1657714844,3769.7237920973002,19.005828777023133,33.099999999999966,ok
282.4,33.31499999999997,282.38,0.01999999999998181,11.046954976873483,20.482613105539997,1.5614305450507693,0.6000000238531038,0.002784863430037545,442778.7170410156,3782.0276793585876,19.065828759979528,33.19999999999999,ok
282.5,33.41499999999999,282.48,0.01999999999998181,11.04750403075296,20.54261059395088,1.563727981333558,0.6000000238503527,0.1291501996382929,442452.7587890625,3794.3225609673414,19.125828760611,33.30000000000001,ok
282.6,33.515000000000015,282.58,0.020000000000038654,11.046554556421336,20.60210471928822,1.5822109068581793,0.6000000238490605,0.08782674090645393,441790.2526855469,3806.6037139044847,19.185330461856946,33.39999999999998,ok
282.705,33.619999999999976,282.7,0.0049999999999954525,11.045636949048824,20.67409884452606,1.5815703588993486,0.60000002384912,-0.01619584231099105,441453.61328125,3821.324445003932,19.257330434579522,33.51999999999998,ok
282.8,33.715,282.78,0.020000000000038654,11.045094454299651,20.72209575945788,1.5862391460645435,0.6000000238494232,0.1870843077380563,441113.28125,3831.130743832055,19.305330415241237,33.599999999999966,ok
282.9,33.81499999999997,282.88,0.01999999999998181,11.043597345495,20.782075395769336,1.6142394312004553,0.6000000238468105,0.2957552965144765,440769.1955566406,3843.3791115654835,19.365328732774543,33.69999999999999,ok
283.0,33.91499999999999,282.98,0.01999999999998181,11.040364074513484,20.841986719052535,1.6384624156386007,0.6000000238477801,0.15221835142690635,440421.3562011719,3855.6178692287895,19.425327238579136,33.80000000000001,ok
283.1,34.015000000000015,283.08,0.020000000000038654,11.035809651850391,20.89072614637466,1.6489885965897206,0.6000000238494877,0.11431062949809163,440069.7021484375,3867.846911705863,19.47427899586611,33.89999999999998,ok
283.2,34.11499999999998,283.18,0.01999999999998181,11.030794729097892,20.947744581773986,1.6607428258428572,0.6000000238462476,0.18096821734902616,439714.2333984375,3880.066133032906,19.53151754428936,34.0,ok
283.301,34.21599999999998,283.28,0.021000000000015007,11.024864016677805,21.007449277310712,1.6847749608605649,0.600000023845874,0.17566091392833383,438991.51611328125,3892.270379553898,19.59151607776263,34.099999999999966,ok
283.4,34.31499999999997,283.38,0.01999999999998181,11.017742996165438,21.06702494767836,1.6921392013104206,0.600000023846234,-0.07973363594092776,438624.267578125,3904.4594876607257,19.65151582303619,34.19999999999999,ok
283.5,34.41499999999999,283.48,0.01999999999998181,11.010792274168711,21.12662037250743,1.6739404571247452,0.6000000238451942,-0.3352748757974868,438253.0212402344,3916.638338894317,19.711515216340064,34.30000000000001,ok
283.6,34.515000000000015,283.58,0.020000000000038654,11.005345116820404,21.193816530789054,1.640317919223044,0.6000000238455958,-0.21776938638445092,437877.8076171875,3928.8068226284436,19.778931795984736,34.39999999999998,ok
283.702,34.61699999999999,283.68,0.02199999999999136,11.001576286610485,21.25369754828189,1.6287637340836552,0.6000000238445953,0.03762311443090901,437115.2038574219,3940.9595033433716,19.838931298792083,34.5,ok
283.8,34.715,283.78,0.020000000000038654,10.99799779117254,21.313590694656703,1.6332109842437992,0.6000000238464546,0.06243374551134098,437993.95751953125,3953.1137972513807,19.89893125389435,34.599999999999966,ok
283.9,34.81499999999997,283.88,0.01999999999998181,10.99410544902434,21.37346421712477,1.6386935339894577,0.6000000238440674,-0.0267003916963717,437607.1472167969,3965.274923706055,19.958931162395388,34.69999999999999,ok
284.0,34.91499999999999,283.98,0.01999999999998181,10.990221443662136,21.433338095272195,1.6257811326770981,0.6000000238438274,-0.28265730015985197,437216.1560058594,3977.4252473619276,20.018930885578634,34.80000000000001,ok
284.1,35.015000000000015,284.08,0.020000000000038654,10.986523695840908,21.493392526723337,1.5937185067654283,0.60000002384076,-0.3040032642020353,436820.9533691406,3989.5646516587985,20.079099050548734,34.89999999999998,ok
284.2,35.11499999999998,284.18,0.01999999999998181,10.985556483554635,21.553404609563618,1.5627203848293487,0.6000000238405486,-0.3380858268359337,436018.0358886719,4001.687415398493,20.13911892714337,35.0,ok
284.3,35.215,284.28,0.020000000000038654,10.986847336738016,21.61338804961667,1.530824612314242,0.6000000238403502,-0.2553876036578687,435610.2294921875,4013.7933635287786,20.199116255271708,35.099999999999966,ok
284.4,35.31499999999997,284.38,0.01999999999998181,10.989828437780549,21.673312631052784,1.5097287823554406,0.6000000238422956,-0.0790838647828419,435198.2421875,4025.8879256354435,20.259114942121666,35.19999999999999,ok
284.5,35.41499999999999,284.48,0.01999999999998181,10.99488387753207,21.733193478261967,1.5098085451649466,0.6000000238428311,0.17636759819168615,434781.982421875,4037.9709843105766,20.319208813136694,35.30000000000001,ok
284.6,35.515000000000015,284.58,0.020000000000038654,10.99835309842502,21.793091615656422,1.5370092196325083,0.6000000238433776,0.42863333094841183,434361.51123046875,4050.0424217224104,20.379207332759506,35.39999999999998,ok
284.701,35.616000000000014,284.68,0.021000000000015007,10.99940042025639,21.853078746510224,1.575060667039478,0.6000000238432235,0.31279504974978706,433507.6904296875,4062.09616063436,20.439203605569485,35.5,ok
284.8,35.715,284.78,0.020000000000038654,10.998516454317619,21.913070876307565,1.596113216775045,0.6000000238423683,0.05729722371051836,433074.40185546875,4074.1320230272054,20.49920224749913,35.599999999999966,ok
284.901,35.816,284.88,0.021000000000015007,10.996983129049472,21.973051251966893,1.5916017726662073,0.6000000238422325,-0.19816777376332936,432636.8713378906,4086.1557907104493,20.559202218754226,35.69999999999999,ok
285.0,35.91499999999999,284.98,0.01999999999998181,10.996333051990883,22.033045898637656,1.5629918076796632,0.6000000238428156,-0.2801627527175768,432195.0378417969,4098.167345004615,20.61920038730404,35.80000000000001,ok
285.1,36.015000000000015,285.08,0.020000000000038654,11.001085696539459,22.08845017583905,1.5427437568348432,0.6000000238448275,-0.08669983147361553,430417.6940917969,4110.148077392577,20.674808134627717,35.89999999999998,ok
285.2,36.11499999999998,285.18,0.01999999999998181,11.003930872583506,22.147255522341194,1.53478144280222,0.6000000238447152,-0.03966136993846982,429963.43994140625,4122.097815365263,20.73368226989915,36.0,ok
285.3,36.215,285.28,0.020000000000038654,11.006217050962773,22.207211853561706,1.5262132830267534,0.6000000238424781,-0.21849913996967163,429042.2058105469,4134.028449334036,20.79368217210745,36.099999999999966,ok
285.4,36.31499999999997,285.38,0.01999999999998181,11.009408835811797,22.267125846474073,1.5064186385130074,0.6000000238416686,-0.19859399146468776,428575.2868652344,4145.93980339898,20.85368112240848,36.19999999999999,ok
285.5,36.41499999999999,285.48,0.01999999999998181,11.010932556834915,22.331527024537586,1.485366019791288,0.6000000238415757,-0.21412982469871836,428104.2175292969,4157.838129848907,20.91810032344144,36.30000000000001,ok
285.6,36.515000000000015,285.58,0.020000000000038654,11.015593421071916,22.392333530756982,1.4754526035180022,0.6000000238414884,0.04154070690864417,427628.90625,4169.723312123615,20.97908519741889,36.39999999999998,ok
285.7,36.61499999999998,285.68,0.01999999999998181,11.021096090351161,22.45208037905973,1.4861158640247818,0.6000000238442488,0.11123453100792258,426665.71044921875,4181.588515133329,21.03908490784576,36.5,ok
285.8,36.715,285.78,0.020000000000038654,11.025900149314147,22.51188742775836,1.4990659318056387,0.6000000238384876,0.21355953806975742,426177.8259277344,4193.433564249671,21.099084591649593,36.599999999999966,ok
285.9,36.81499999999997,285.88,0.01999999999998181,11.029722934385086,22.571764667645358,1.5155323168795078,0.6000000238419682,0.03029346569994007,425685.791015625,4205.265003373886,21.159083737828382,36.69999999999999,ok
286.0,36.91499999999999,285.98,0.01999999999998181,11.033087462580484,22.63167018757176,1.5083114180121358,0.6000000238411899,-0.22591548669901468,425189.6057128906,4217.08271721734,21.219083665891926,36.80000000000001,ok
286.1,37.015000000000015,286.08,0.020000000000038654,11.038270736546842,22.696469924315725,1.487249630041816,0.6000000238411263,-0.06923788854589652,424689.208984375,4228.886589643687,21.284090374861826,36.89999999999998,ok
286.2,37.11499999999998,286.18,0.01999999999998181,11.044695911323483,22.762362460678624,1.4720626289499432,0.6000000238410667,-0.27885039471800427,423676.025390625,4240.669440121121,21.350295429194908,37.0,ok
286.3,37.215,286.28,0.020000000000038654,11.051507508009157,22.823215203429335,1.4458469779950998,0.600000023838879,-0.23570326736037173,421777.3132324219,4252.411847601992,21.411528215753194,37.099999999999966,ok
286.402,37.31699999999998,286.38,0.02199999999999136,11.059515212011455,22.88267728668886,1.4243481881016544,0.6000000238409581,-0.14559000809661762,421257.26318359375,4264.120661163328,21.47152707131687,37.19999999999999,ok
286.5,37.41499999999999,286.48,0.01999999999998181,11.068515775325023,22.941998178117977,1.4166636953884089,0.6000000238394876,0.018271005668478717,420733.21533203125,4275.814973364936,21.531526890482485,37.30000000000001,ok
286.6,37.515000000000015,286.58,0.020000000000038654,11.076772759008607,22.99397464730228,1.4263702523823836,0.6000000238408624,0.04962798389671344,420205.1086425781,4287.494672309024,21.584155125569914,37.39999999999998,ok
286.7,37.61499999999998,286.68,0.01999999999998181,11.085192948562485,23.05151339198318,1.4222930431181966,0.6000000238408189,-0.05800231104701385,419136.6882324219,4299.152197265624,21.642306709654758,37.5,ok
286.8,37.715,286.78,0.020000000000038654,11.094086612503887,23.110850559051855,1.4258018029711603,0.6000000238421991,0.06061226088634167,418596.435546875,4310.787379540332,21.702306681771738,37.599999999999966,ok
286.9,37.81499999999997,286.88,0.01999999999998181,11.102604996389198,23.1702426852696,1.4340217030290274,0.6000000238414502,0.1908098116750373,416643.7072753906,4322.387937079533,21.76230657777733,37.69999999999999,ok
287.0,37.91499999999999,286.98,0.01999999999998181,11.110209820955504,23.2297570360693,1.463344730566778,0.6000000238421248,0.44513022585587325,416092.7429199219,4333.953721110026,21.82230483865041,37.80000000000001,ok
287.1,38.015000000000015,287.08,0.020000000000038654,11.117714095846274,23.29095005093818,1.5110465003980171,0.6000000238435121,0.4803306775879721,415537.78076171875,4345.504145050045,21.883956271807953,37.89999999999998,ok
287.2,38.11499999999998,287.18,0.01999999999998181,11.120175637052741,23.35089450445983,1.5544990041897242,0.6000000238406382,0.30667065176650593,414416.015625,4357.031281110974,21.943951244039972,38.0,ok
287.3,38.215,287.28,0.020000000000038654,11.120425133545607,23.41089180822339,1.5845255734833057,0.6000000238434506,0.2958804516059284,413849.2736816406,4368.534965684674,22.0039490665621,38.099999999999966,ok
287.4,38.31499999999997,287.38,0.01999999999998181,11.11895909396012,23.470872367225603,1.6087369666171685,0.600000023841291,0.173805347208634,413278.5949707031,4380.022852749293,22.06394753929503,38.19999999999999,ok
287.5,38.41499999999999,287.48,0.01999999999998181,11.116340809830717,23.530814790763817,1.621958672032738,0.6000000238405543,0.0961753518720597,412703.9489746094,4391.494832526314,22.123947118888697,38.30000000000001,ok
287.6,38.515000000000015,287.58,0.020000000000038654,11.111376825753208,23.588161972936327,1.625180229726425,0.6000000238412402,-0.020796383315394067,412125.3967285156,4402.950795661076,22.18150874187701,38.39999999999998,ok
287.7,38.61499999999998,287.68,0.01999999999998181,11.10754080032928,23.64739590999609,1.6330826729479067,0.6000000238412171,0.08654924248814072,411542.9382324219,4414.390633646647,22.24086676063314,38.5,ok
287.8,38.715,287.78,0.020000000000038654,11.10372094759128,23.7072741706347,1.6315221082759013,0.600000023841906,-0.16210047248590187,410366.3330078125,4425.806040191646,22.300866738733514,38.599999999999966,ok
287.9,38.81499999999997,287.88,0.01999999999998181,11.100441385134294,23.767183988192446,1.6195987428100165,0.6000000238376223,-0.02385697326613091,409772.15576171875,4437.196852535671,22.36086625347915,38.69999999999999,ok
288.0,38.91499999999999,287.98,0.01999999999998181,11.097482164419192,23.827110926066723,1.6255904381547732,0.6000000238411559,0.20888721095064391,410613.4948730469,4448.591097683378,22.420866210731035,38.80000000000001,ok
288.1,39.015000000000015,288.08,0.020000000000038654,11.091360434891355,23.887171351907803,1.6595336955799844,0.600000023841138,0.4563764992093871,410013.5498046875,4459.988695526121,22.481237812702688,38.89999999999998,ok
288.2,39.11499999999998,288.18,0.01999999999998181,11.084987771158179,23.946827523267846,1.6998486248465052,0.6000000238397001,0.26153577654718796,409409.6984863281,4471.36957397461,22.541233392743177,39.0,ok
288.3,39.215,288.28,0.020000000000038654,11.07676488711731,24.00626053542079,1.716960513639356,0.6000000238403947,0.16545287623379198,408190.24658203125,4482.7251287672225,22.60123254903326,39.099999999999966,ok
288.4,39.31499999999997,288.38,0.01999999999998181,11.067529890629922,24.06554429968023,1.7388340072784743,0.60000002384038,0.14553703293349718,407574.64599609375,4494.055196719699,22.661231297894307,39.19999999999999,ok
288.5,39.41499999999999,288.48,0.01999999999998181,11.05725454960964,24.124657720703535,1.7480874142931742,0.6000000238396554,0.1660993603713337,406955.078125,4505.368109554716,22.721231124378736,39.30000000000001,ok
288.6,39.515000000000015,288.58,0.020000000000038654,11.048063047463145,24.184234289487904,1.76105641282163,0.6000000238410634,0.05876538073551755,407781.5246582031,4516.683895704479,22.781512558169148,39.39999999999998,ok
288.7,39.61499999999998,288.68,0.01999999999998181,11.037174713906342,24.243274415954872,1.7559721954328722,0.6000000238410512,-0.1968959220638294,407155.8532714844,4528.00247039795,22.841548317020685,39.5,ok
288.801,39.71599999999998,288.78,0.021000000000015007,11.026677252047735,24.30234747864964,1.7295415489667578,0.6000000238381975,-0.37890931107885006,405892.6086425781,4539.294810146753,22.901546845682752,39.599999999999966,ok
288.902,39.81699999999998,288.88,0.02199999999999136,11.018058264202303,24.361722158351288,1.6965419268632007,0.6000000238403184,-0.19496962091548475,405255.0354003906,4550.560749647352,22.961543841783833,39.69999999999999,ok
289.0,39.91499999999999,288.98,0.01999999999998181,11.010465527003312,24.43285285443695,1.6732085758562358,0.600000023837466,-0.31986487344894066,404613.525390625,4561.808924102786,23.03307862761425,39.80000000000001,ok
289.102,40.01699999999997,289.08,0.02199999999999136,11.00485669486741,24.495480455037242,1.6489646054983749,0.6000000238402986,-0.1658991033502889,403968.07861328125,4573.039224158391,23.09595688581912,39.89999999999998,ok
289.201,40.116000000000014,289.18,0.021000000000015007,11.000690933167878,24.555334231727638,1.6230029511007238,0.6000000238402897,-0.2995905118570713,402665.34423828125,4584.242466142443,23.15595545375737,40.0,ok
289.3,40.215,289.28,0.020000000000038654,10.998155914378936,24.615279440460196,1.602137845584462,0.6000000238402813,-0.2024710246605317,403468.5363769531,4595.438770039873,23.21595424016385,40.099999999999966,ok
289.4,40.31499999999997,289.38,0.01999999999998181,10.996874900797932,24.675263984071066,1.5745385320951055,0.6000000238402734,-0.25056471410287995,402808.53271484375,4606.63706266615,23.275952460704122,40.19999999999999,ok
289.5,40.41499999999999,289.48,0.01999999999998181,10.997162017858763,24.73526234804535,1.5553738617212396,0.600000023840266,-0.10323039433159109,402144.5617675781,4617.816966756186,23.335951511661595,40.30000000000001,ok
289.6,40.515000000000015,289.58,0.020000000000038654,11.00004411280975,24.779117659059605,1.5513770116562051,0.6000000238395485,-0.005649833586904483,400012.6037597656,4628.958038499618,23.379901423782822,40.39999999999998,ok
289.7,40.61499999999998,289.68,0.01999999999998181,11.001832152964147,24.835038324992077,1.5413066301328318,0.6000000238409631,-0.08750363048514805,399339.5690917969,4640.060152011448,23.43585066833469,40.5,ok
289.8,40.715,289.78,0.020000000000038654,11.003695233043766,24.895009372262077,1.5400045980604953,0.600000023840957,-0.04642560037405196,398662.6281738281,4651.143515862355,23.49585064815172,40.599999999999966,ok
289.9,40.81499999999997,289.88,0.01999999999998181,11.005709384577656,24.954975420898865,1.534111060176338,0.6000000238373985,0.013030608663723131,397296.9055175781,4662.198509385849,23.55585051311416,40.69999999999999,ok
290.0,40.91499999999999,289.98,0.01999999999998181,11.007834623716986,25.020712863725873,1.5324591156899952,0.6000000238430774,-0.05039247065561602,396608.09326171875,4673.224967702231,23.62162230061331,40.80000000000001,ok
290.1,41.015000000000015,290.08,0.020000000000038654,11.010327592313836,25.082104426858333,1.5190233132051751,0.6000000238380986,-0.2457408323670004,395915.3747558594,4684.23223809136,23.68306445972472,40.89999999999998,ok
290.2,41.11499999999998,290.18,0.01999999999998181,11.014021245792597,25.14198917629879,1.4944417013544764,0.6000000238402254,-0.268559404136582,395218.75,4695.220212046305,23.743063012136986,41.0,ok
290.3,41.215,290.28,0.020000000000038654,11.019300313723232,25.201754289525947,1.464244298432424,0.600000023840221,-0.2874324866753007,393813.65966796875,4706.178995513912,23.803060823074315,41.099999999999966,ok
290.4,41.31499999999997,290.38,0.01999999999998181,11.026363347033945,25.261335149719212,1.436192029675741,0.6000000238402168,-0.20857445213759596,393105.224609375,4717.108424462211,23.863058867550095,41.19999999999999,ok
290.5,41.41499999999999,290.48,0.01999999999998181,11.034789473169159,25.320740098540078,1.4249288461824772,0.6000000238430551,-0.035249483473961556,392392.822265625,4728.0181195577,23.923058430432306,41.30000000000001,ok
290.6,41.515000000000015,290.58,0.020000000000038654,11.04315773340679,25.37819259728956,1.4224460703127375,0.6000000238402091,0.03375275170467559,391676.513671875,4738.907971445717,23.981117171307076,41.39999999999998,ok
290.7,41.61499999999998,290.68,0.01999999999998181,11.051219951516389,25.435180693925695,1.4368941866718694,0.6000000238402057,0.28919353931706326,389479.736328125,4749.75736380683,24.03867273158631,41.5,ok
290.8,41.715,290.78,0.020000000000038654,11.058287170415223,25.494266392247546,1.4761071427076984,0.6000000238394919,0.5306499600688888,388755.0964355469,4760.566180928544,24.098179582697295,41.599999999999966,ok
290.9,41.81499999999997,290.88,0.01999999999998181,11.062600656295455,25.554102786535587,1.5373505370151903,0.6000000238387783,0.6913419684426998,387294.2199707031,4771.344643656411,24.15817125080073,41.69999999999999,ok
291.0,41.91499999999999,290.98,0.01999999999998181,11.064189579435382,25.612343985202408,1.6020366158486923,0.600000023839486,0.5896644382391161,386557.9833984375,4782.092590925429,24.216434119755945,41.80000000000001,ok
291.1,42.015000000000015,291.08,0.020000000000038654,11.061350768402487,25.671801506385545,1.650644647256542,0.6000000238416149,0.35364624514587756,385817.87109375,4792.8200333489285,24.275959372156283,41.89999999999998,ok
291.2,42.11499999999998,291.18,0.01999999999998181,11.055841870784858,25.731546204010836,1.6757837969612672,0.6000000238409019,0.09794748093728686,385073.8525390625,4803.526862843831,24.335957512521624,42.0,ok
291.3,42.215,291.28,0.020000000000038654,11.049442135295372,25.791203891887793,1.6753729811400855,0.6000000238401889,-0.15713211370079763,385804.4738769531,4814.233506266271,24.395957481997947,42.099999999999966,ok
291.4,42.31499999999997,291.38,0.01999999999998181,11.043611700195509,25.850919108768718,1.6589301541683252,0.6000000238430289,-0.09256419429477758,384297.1496582031,4824.929362148707,24.455956657830534,42.19999999999999,ok
291.5,42.41499999999999,291.48,0.01999999999998181,11.038521689573003,25.910702694439635,1.6525331167593866,0.6000000238430268,-0.038926615525343405,383537.59765625,4835.593733639188,24.51595653552882,42.30000000000001,ok
291.6,42.515000000000015,291.58,0.020000000000038654,11.029229451230432,25.965926520719186,1.6603634366311957,0.6000000238401827,0.14254881112562304,382774.169921875,4846.236952633325,24.571956684478344,42.39999999999998,ok
291.7,42.61499999999998,291.68,0.01999999999998181,11.023449989963781,26.025646731316474,1.6765569444949189,0.6000000238401808,0.0551722332402763,382006.8054199219,4856.858910624186,24.631955898859175,42.5,ok
291.8,42.715,291.78,0.020000000000038654,11.017105924631597,26.085310365103417,1.671881724691611,0.600000023840179,-0.19976426174009337,381235.4736328125,4867.459497833248,24.69195586853918,42.599999999999966,ok
291.9,42.81499999999997,291.88,0.01999999999998181,11.01165101440212,26.14506002014695,1.6416915470018267,0.600000023840888,-0.3788684854526649,380460.26611328125,4878.038605329724,24.75195401287242,42.69999999999999,ok
292.0,42.91499999999999,291.98,0.01999999999998181,11.008185977594941,26.20495766745837,1.613927932660238,0.6000000238430181,-0.165943667751985,378898.13232421875,4888.58524975247,24.81195180144432,42.80000000000001,ok
292.1,43.015000000000015,292.08,0.020000000000038654,11.008094280099346,26.26634775829881,1.5950089987241989,0.6000000238401745,-0.09174671525781372,378111.2060546875,4899.099268341062,24.873341960768336,42.89999999999998,ok
292.2,43.11499999999998,292.18,0.01999999999998181,11.007292138010978,26.326658937575395,1.5953529628580017,0.6000000238401731,0.1634451016546083,377320.3430175781,4909.591373189291,24.93365847407657,43.0,ok
292.3,43.215,292.28,0.020000000000038654,11.005329123802357,26.386625637532916,1.61735451685739,0.600000023841593,0.1740813146161963,376525.6042480469,4920.061455790198,24.993657295136476,43.099999999999966,ok
292.4,43.31499999999997,292.38,0.01999999999998181,11.002241188939763,26.446545874344032,1.6245834968664616,0.6000000238401707,-0.08137916028185155,375726.9592285156,4930.509408060709,25.053657046146093,43.19999999999999,ok
292.5,43.41499999999999,292.48,0.01999999999998181,10.999323073635972,26.506474320999754,1.6088955621577592,0.6000000238373274,-0.19355482961377146,375590.2099609375,4940.944368743898,25.113656497106028,43.30000000000001,ok
292.605,43.52000000000001,292.58,0.025000000000034106,10.997523072289065,26.566339441671662,1.5911888555415898,0.6000000238408791,-0.07584448268251219,374779.296875,4951.366167449949,25.173548672537475,43.39999999999998,ok
292.7,43.61499999999998,292.68,0.01999999999998181,10.996398692823076,26.626328882052604,1.586443107114711,0.6000000238430098,-0.11173969894334715,373964.4470214844,4961.76538611518,25.23354864909082,43.5,ok
292.8,43.715,292.78,0.020000000000038654,10.9956927260433,26.686324547391273,1.5788711660711852,0.6000000238430089,-0.0408396703915623,373145.6604003906,4972.141915384925,25.293548467828245,43.599999999999966,ok
292.9,43.81499999999997,292.88,0.01999999999998181,10.99526758781611,26.746323034709285,1.5773039649162952,0.6000000238373236,-0.00498089204772139,372322.93701171875,4982.49564590454,25.353548461352926,43.69999999999999,ok
293.0,43.91499999999999,292.98,0.01999999999998181,10.994059424679504,26.814389730418824,1.5787227779983217,0.6000000238373229,0.0012949059547290181,370665.8020019531,4992.814933946399,25.4216258784821,43.80000000000001,ok
293.1,44.015000000000015,293.08,0.020000000000038654,10.993404683147986,26.876396850576622,1.5761901269125058,0.6000000238373221,-0.0368291108099724,369831.3903808594,5003.099617173934,25.48363645529555,43.89999999999998,ok
293.2,44.11499999999998,293.18,0.01999999999998181,10.993216746524398,26.936396453369934,1.5694102900809048,0.600000023839453,-0.06110695942891219,368993.10302734375,5013.361068471273,25.543636352424876,44.0,ok
293.3,44.215,293.28,0.020000000000038654,10.993445884055756,26.996395929601288,1.5633367494607022,0.6000000238415839,-0.06471585691143203,368150.93994140625,5023.599180179169,25.603636266191856,44.099999999999966,ok
293.4,44.31499999999997,293.38,0.01999999999998181,10.99404921544932,27.056392797198637,1.5566874594895839,0.6000000238373201,-0.07298144286246293,366454.9865722656,5033.802040269638,25.66363616727731,44.19999999999999,ok
293.5,44.41499999999999,293.48,0.01999999999998181,10.995070441826162,27.11638398096845,1.5496624174701883,0.6000000238430038,-0.05979917558244961,365601.2268066406,5043.969487677681,25.72363604255565,44.30000000000001,ok
293.6,44.515000000000015,293.58,0.020000000000038654,10.998363373560966,27.170293082397986,1.5403764921550211,0.6000000238430032,-0.07277228971016803,364743.5607910156,5054.113165283201,25.77764562148708,44.39999999999998,ok
293.701,44.616000000000014,293.68,0.021000000000015007,11.000854719462026,27.22870674656805,1.5338703794573396,0.6000000238430028,-0.025273341005132795,362423.1262207031,5064.21270260281,25.83611238953673,44.5,ok
293.8,44.715,293.78,0.020000000000038654,11.003119005952179,27.288664001082093,1.532273488229773,0.6000000238430022,-0.009475248479869561,361559.1735839844,5074.268012322316,25.89611238422149,44.599999999999966,ok
293.9,44.81499999999997,293.88,0.01999999999998181,11.005424748150716,27.348619682164223,1.5328708259224697,0.6000000238430018,0.009821770262570839,360691.40625,5084.299270375568,25.95611238539739,44.69999999999999,ok
294.0,44.91499999999999,293.98,0.01999999999998181,11.007651105530604,27.40857835088436,1.5352534485143499,0.6000000238430013,0.02741283001370838,358944.6716308594,5094.294215901693,26.016112373913003,44.80000000000001,ok
294.1,45.015000000000015,294.08,0.020000000000038654,11.009112947053827,27.48304859795594,1.5407337885814791,0.6000000238373167,0.05081624395073579,358065.7043457031,5104.252693345808,26.090596967484704,44.89999999999998,ok
294.2,45.11499999999998,294.18,0.01999999999998181,11.010811172353275,27.54302452080001,1.544898243508842,0.6000000238430006,0.03929778144460122,357182.9833984375,5114.186702897812,26.15059692823607,45.0,ok
294.3,45.215,294.28,0.020000000000038654,11.012312633884491,27.602949796170392,1.5461283507785526,0.5944000349404761,0.01266971221762482,355406.43310546875,5124.08377812703,26.21054101063747,45.099999999999966,ok
294.4,45.31499999999997,294.38,0.01999999999998181,11.013686011364406,27.65950449179105,1.5475418515206159,0.5499726080660505,0.034116126532583696,354512.63427734375,5133.943765174016,26.267112379389232,45.19999999999999,ok
294.5,45.41499999999999,294.48,0.01999999999998181,11.014873340402435,27.713532691567167,1.5514194602973703,0.5198204146827707,0.07796167243308316,353615.1428222656,5143.778873189291,26.32115362402046,45.30000000000001,ok
294.6,45.515000000000015,294.58,0.020000000000038654,11.015722991500388,27.754120931636272,1.5591261423061378,0.47194124103071594,0.0811104074286512,352713.9892578125,5153.589000023733,26.36175075617158,45.39999999999998,ok
294.7,45.61499999999998,294.68,0.01999999999998181,11.016116297276236,27.79714625702806,1.5669086980564186,0.42509108992242417,0.07817191594005532,352713.9892578125,5163.386610836453,26.404777879181406,45.5,ok
294.8,45.715,294.78,0.020000000000038654,11.016147006079835,27.837302586049113,1.575076863209811,0.35376389352363563,0.0969566812848661,351809.2346191406,5173.171655612518,26.44493421994445,45.599999999999966,ok
294.9,45.81499999999997,294.88,0.01999999999998181,11.015883088759892,27.8701514785004,1.584483782442513,0.308375560951328,0.0955048903220869,350900.7568359375,5182.931516604952,26.477784172571937,45.69999999999999,ok
295.0,45.91499999999999,294.98,0.01999999999998181,11.015473038875069,27.893953112973826,1.5881673642160044,0.14137563727549854,-0.00028571884211001076,350900.7568359375,5192.678759850397,26.50158933891277,45.80000000000001,ok
295.1,46.015000000000015,295.08,0.020000000000038654,11.015088289190317,27.896440978824046,1.58903262180412,-1.2801534616212196e-08,0.00026225245808270955,350900.7568359375,5202.426003095837,26.504106779837322,45.89999999999998,ok
295.2,46.11499999999998,295.18,0.01999999999998181,11.01509424259636,27.896440777773073,1.5890486642077886,-1.2017051543092294e-08,0.00027205889372915995,350900.7568359375,5212.173246341282,26.504112736637218,46.0,ok
295.3,46.215,295.28,0.020000000000038654,11.015099491639154,27.89644060066481,1.5890487989375595,-1.1280566557247962e-08,-5.059651972638343e-05,350900.7568359375,5221.9204895867215,26.504117988667073,46.099999999999966,ok
295.4,46.31499999999997,295.38,0.01999999999998181,11.01510411508159,27.896440444564533,1.5890356376937733,-1.0589218278275747e-08,-0.00023174813626623312,350900.7568359375,5231.667732832167,26.50412261474395,46.19999999999999,ok
295.5,46.41499999999999,295.48,0.01999999999998181,11.015108185625618,27.896440306946438,1.5890257549112166,-9.94024042764996e-09,4.728769565321247e-05,350900.7568359375,5241.414976077612,26.504126687613628,46.30000000000001,ok
295.6,46.515000000000015,295.58,0.020000000000038654,11.015099766613874,27.908486563155137,1.5890092541491299,-9.331036264839665e-09,-0.0002977974944367374,349988.70849609375,5251.149551984998,26.516172946764307,46.39999999999998,ok
295.7,46.61499999999998,295.68,0.01999999999998181,11.01509992011711,27.911498050560905,1.588989098759426,-8.75916819197825e-09,-0.00012254505534226064,349988.70849609375,5260.8714605543355,26.519184434173987,46.5,ok
295.8,46.715,295.78,0.020000000000038654,11.015102697041574,27.911497956248414,1.5889951044308428,-8.222348003850133e-09,7.03454946574672e-05,349988.70849609375,5270.593369123668,26.519187212699553,46.599999999999966,ok
295.9,46.81499999999997,295.88,0.01999999999998181,11.015105145985888,27.91149787317736,1.588997459732238,-7.718427734622335e-09,0.0002399898575458374,349988.70849609375,5280.315277693006,26.519189663052398,46.69999999999999,ok
296.0,46.91499999999999,295.98,0.01999999999998181,11.01510730412907,27.911497799979486,1.5890030165679319,-7.245391056651812e-09,6.63573244095169e-05,349988.70849609375,5290.037186262343,26.51919182243655,46.80000000000001,ok
296.1,47.015000000000015,296.08,0.020000000000038654,11.015109206555783,27.91149773549141,1.5890021028828067,-6.801345217924415e-09,-5.790179649864403e-05,349988.70849609375,5299.759094831676,26.51919372595595,46.89999999999998,ok
296.2,47.11499999999998,296.18,0.01999999999998181,11.01511088337185,27.911497678673218,1.5890133061284193,-6.384513467384834e-09,-0.00014286404689683535,349988.70849609375,5309.481003401013,26.519195403734372,47.0,ok
296.3,47.215,296.28,0.020000000000038654,11.015112362165928,27.91149762862785,1.5890187737824353,-5.993227943004026e-09,-6.159478514334309e-05,349988.70849609375,5319.202911970346,26.519196883375024,47.099999999999966,ok
296.4,47.31499999999997,296.38,0.01999999999998181,11.015113665369078,27.91149758453062,1.5890036133055254,-5.625923002634814e-09,-2.6008253546398936e-06,349988.70849609375,5328.924820539683,26.519198187324033,47.19999999999999,ok
296.5,47.41499999999999,296.48,0.01999999999998181,11.015114811702961,27.91149754563578,1.588996466629619,-5.281128956889647e-09,-7.088733469681745e-05,349988.70849609375,5338.646729109021,26.519199334317573,47.30000000000001,ok
296.6,47.515000000000015,296.58,0.020000000000038654,11.015115821508303,27.911497511356213,1.5889942767184806,-4.957466187560655e-09,9.420642392651062e-05,349988.70849609375,5348.3686376783535,26.519200344704586,47.39999999999998,ok
296.7,47.61499999999998,296.68,0.01999999999998181,11.015116711524485,27.911497481152992,1.589005062420492,-4.6536396290305926e-09,-0.0002000466934291657,349988.70849609375,5358.090546247691,26.5192012352331,47.5,ok
296.8,47.715,296.78,0.020000000000038654,11.015117495734987,27.91149745453723,1.5889883860259493,-4.368433586220133e-09,0.00010231460330068995,349988.70849609375,5367.8124548170235,26.519202019895136,47.599999999999966,ok
296.9,47.81499999999997,296.88,0.01999999999998181,11.01511818570532,27.911497431064383,1.5889905272117666,-4.100706869989562e-09,0.00012481742003202126,349988.70849609375,5377.534363386361,26.51920271026463,47.69999999999999,ok
297.0,47.91499999999999,296.98,0.01999999999998181,11.015118794203065,27.9114974103896,1.5889967080243452,-3.849388230479228e-09,1.2564939538527365e-05,349988.70849609375,5387.256271955699,26.519203319113505,47.80000000000001,ok
297.101,48.01599999999999,297.08,0.021000000000015007,11.015119331103701,27.911497392183986,1.5890074177132392,-3.6134720721257146e-09,-6.290226093112594e-05,349988.70849609375,5396.978180525031,26.519203856322715,47.89999999999998,ok
297.2,48.11499999999998,297.18,0.01999999999998181,11.015119804400458,27.911497376144816,1.5890030407761626,-3.3920144275854935e-09,5.122650748473586e-05,349988.70849609375,5406.700089094369,26.519204329891163,48.0,ok
297.3,48.215,297.28,0.020000000000038654,11.01512022121771,27.911497362006823,1.5889987686335687,-3.1841291834103225e-09,-0.00016368770200812257,349988.70849609375,5416.421997663701,26.51920474694812,48.099999999999966,ok
297.4,48.31499999999997,297.38,0.01999999999998181,11.015120588187713,27.91149734954268,1.588996807342021,-2.9889845316703745e-09,0.00026579754868428216,349988.70849609375,5426.143906233039,26.519205114129733,48.19999999999999,ok
297.5,48.41499999999999,297.48,0.01999999999998181,11.015120911869868,27.91149733856511,1.5889972322172226,-2.805799644706175e-09,-0.00021427926348501622,349988.70849609375,5435.865814802377,26.519205437997986,48.30000000000001,ok
297.6,48.515000000000015,297.58,0.020000000000038654,11.015121196433904,27.911497328879758,1.5889885594191238,-2.6338415478558558e-09,0.0001795976569183869,349988.70849609375,5445.587723371709,26.5192057227268,48.39999999999998,ok
297.7,48.61499999999998,297.68,0.01999999999998181,11.015121447237501,27.91149732034602,1.5889944878782505,-2.4724221890735226e-09,-4.253045827606579e-05,349988.70849609375,5455.309631941047,26.519205973675536,48.5,ok
297.8,48.715,297.78,0.020000000000038654,11.015121668588685,27.911497312832463,1.58900096121527,-2.3208956839715356e-09,-0.0006728749628574088,349988.70849609375,5465.031540510379,26.519206195154204,48.599999999999966,ok
297.9,48.81499999999997,297.88,0.01999999999998181,11.015121863316914,27.91149730620568,1.5889888886944221,-2.178655732817253e-09,-0.00023784714591440254,349988.70849609375,5474.753449079717,26.51920638999516,48.69999999999999,ok
298.0,48.91499999999999,297.98,0.01999999999998181,11.015122034542959,27.911497300359567,1.5889824979848024,-2.0451331936548883e-09,0.00035348368883928816,349988.70849609375,5484.475357649055,26.519206561320974,48.80000000000001,ok
298.1,49.015000000000015,298.08,0.020000000000038654,11.015122185679088,27.911497295212627,1.5889934815580344,-1.919793805155688e-09,0.00014339779986008382,349988.70849609375,5494.197266218387,26.51920671254472,48.89999999999998,ok
298.2,49.11499999999998,298.18,0.01999999999998181,11.015122319272884,27.91149729068472,1.5890039888414484,-1.802136049547029e-09,0.00013689362325728676,349988.70849609375,5503.919174787725,26.519206846215226,49.0,ok
298.269,49.184,298.26,0.009000000000014552,11.01512241483932,27.911497287456775,1.5890002222473671,-1.713223271473767e-09,0.00017072882858681413,349988.70849609375,5511.696701643192,26.519206941836163,49.079999999999984,ok
