t_ros_s,t_elapsed_s,tf_stamp_s,tf_age_s,x_map_m,y_map_m,yaw_rad,v_m_s,w_rad_s,dose_rate_uSv_h,exposure_valid_uSv,path_valid_m,covered_s,status
231.4,0.060000000000002274,231.38,0.020000000000010232,11.457875330448502,1.5172117803260121,1.3549486352231463,-7.755657304797745e-11,0.00011265884592100763,234251.0528564453,0.0,0.0,0.0,first_sample
231.5,0.1599999999999966,231.48,0.020000000000010232,11.457875308039709,1.5172117563346106,1.3549456710975794,-7.280338951056592e-11,0.00011790135190295471,234251.0528564453,6.506973690456444,3.2828971246978525e-08,0.09999999999999432,ok
231.6,0.2599999999999909,231.58,0.01999999999998181,11.457875288288534,1.5172117351948813,1.3549501130496524,-6.834151272645068e-11,-0.00041752218537002535,234251.0528564453,13.013947380914738,6.175987281482386e-08,0.20000000000001705,ok
231.7,0.3599999999999852,231.68,0.01999999999998181,11.457875270878013,1.5172117165682582,1.3549336074719396,-6.41530894772706e-11,-0.00040661027312405653,234251.0528564453,19.520921071371184,8.725648693687805e-08,0.30000000000001137,ok
231.8,0.46000000000000796,231.78,0.020000000000010232,11.457875255516582,1.5172117001590892,1.3549326099222598,-6.022136071472074e-11,1.607195411542587e-05,234251.0528564453,26.02789476182763,1.0973390658604591e-07,0.4000000000000057,ok
231.9,0.5600000000000023,231.88,0.020000000000010232,11.457875241986292,1.5172116856983107,1.3549343143238395,-5.6530594489095486e-11,-0.00015327272547507902,234251.0528564453,32.53486845228407,1.2953751379396105e-07,0.5,ok
232.001,0.6610000000000014,231.98,0.021000000000015007,11.457875230061953,1.5172116729560874,1.3549289582314414,-5.306602300457616e-11,-0.0001565446842163429,234251.0528564453,39.04184214274052,1.4698899255738756e-07,0.5999999999999943,ok
232.1,0.7599999999999909,232.08,0.01999999999998181,11.457875219544427,1.517211661730052,1.3549184679159418,-4.981378354715327e-11,-0.0003190804497808439,234251.0528564453,45.548815833198816,1.6237217276388577e-07,0.700000000000017,ok
232.2,0.8599999999999852,232.18,0.01999999999998181,11.457875210269298,1.517211651839455,1.354915110515337,-4.6760862993804097e-11,-0.00027765527642071815,234251.0528564453,52.055789523655264,1.7593137306081841e-07,0.8000000000000114,ok
232.3,0.960000000000008,232.28,0.020000000000010232,11.457875202087308,1.5172116431259839,1.3549051933339393,-4.3895045750459586e-11,-8.10641920633555e-05,234251.0528564453,58.56276321411171,1.878841778118165e-07,0.9000000000000057,ok
232.4,1.0600000000000023,232.38,0.020000000000010232,11.457875194874296,1.51721163544852,1.35490327563157,-4.1204864881591455e-11,-0.0001489393773699266,234251.0528564453,65.06973690456816,1.984184552649444e-07,1.0,ok
232.5,1.1599999999999966,232.48,0.020000000000010232,11.457875188516557,1.517211628683655,1.3549068490161553,-3.867955622135523e-11,0.00015501690476138388,234251.0528564453,71.57671059502461,2.0770200227169518e-07,1.0999999999999943,ok
232.6,1.259999999999991,232.58,0.01999999999998181,11.457875182924917,1.5172116227202288,1.3549217425806834,-3.630901530365894e-11,-0.00021085355818750915,234251.0528564453,78.0836842854829,2.158768955684588e-07,1.200000000000017,ok
232.7,1.3599999999999852,232.68,0.01999999999998181,11.457875177999412,1.5172116174649735,1.3549190626763608,-3.408375692481023e-11,-4.790821723193233e-05,234251.0528564453,84.59065797593935,2.2307955560026648e-07,1.3000000000000114,ok
232.8,1.460000000000008,232.78,0.020000000000010232,11.457875173655356,1.5172116128349613,1.3548998745836898,-3.1994877206604697e-11,0.00022162821603168812,234251.0528564453,91.0976316663958,2.294284006257506e-07,1.4000000000000057,ok
232.902,1.5619999999999834,232.88,0.02199999999999136,11.457875169819133,1.5172116087568988,1.3549002065308755,-3.003401795656762e-11,2.6012209176051352e-05,234251.0528564453,97.60460535685225,2.3502725828698666e-07,1.5,ok
233.0,1.6599999999999966,232.98,0.020000000000010232,11.457875166437814,1.5172116051635776,1.3548994121609768,-2.819333322539913e-11,-0.000408464189737131,234251.0528564453,104.1115790473087,2.39961351001055e-07,1.5999999999999943,ok
233.1,1.759999999999991,233.08,0.01999999999998181,11.457875163450959,1.517211601998803,1.354883234023492,-2.6465457919321316e-11,-0.00022658617771418639,234251.0528564453,110.61855273776699,2.4431302914961235e-07,1.700000000000017,ok
233.2,1.8599999999999852,233.183,0.016999999999995907,11.457875125669444,1.5172114372347716,1.3548806193444736,-1.4466893083826381e-05,0.0001363066924755726,234251.0528564453,117.32073563893623,4.133533464519259e-07,1.8029999999999973,ok
233.3,1.960000000000008,233.28,0.020000000000010232,11.457875157360538,1.5172115916040674,1.3548888149551963,-2.3320973280556803e-11,0.00012189192715744818,234251.0528564453,123.63250011867989,5.709420672857984e-07,1.9000000000000057,ok
233.4,2.0600000000000023,233.38,0.020000000000010232,11.459466967028352,1.5244212668001034,1.3475297979732612,0.17099992412874923,-0.20695851477385893,234251.0528564453,130.13947380913632,0.007383881476704169,2.0,ok
233.5,2.1599999999999966,233.48,0.020000000000010232,11.465719330733268,1.550782043677764,1.3223652909516306,0.37099992877669136,-0.3304628788040197,236673.3856201172,136.6800910101993,0.03447599489541637,2.0999999999999943,ok
233.601,2.2609999999999957,233.58,0.020999999999986585,11.477560135199905,1.5947225754851484,1.2799876004240798,0.5250965714044658,-0.5603151704925666,236673.3856201172,143.25435172187073,0.07998396107643668,2.200000000000017,ok
233.7,2.359999999999985,233.68,0.01999999999998181,11.495707649015571,1.6503666431383055,1.2137178511259392,0.6000000369586497,-0.8278436384442417,241522.24731445312,149.8959577348505,0.13851253975966565,2.3000000000000114,ok
233.8,2.460000000000008,233.78,0.020000000000010232,11.518666606032115,1.7057855708576266,1.1245948408399808,0.600000036154484,-0.91458285558887,242470.35217285156,156.6180771721738,0.19849896536452083,2.4000000000000057,ok
233.9,2.5600000000000023,233.88,0.020000000000010232,11.546595518941158,1.7588769970326399,1.0302391340044945,0.6000000353996034,-1.027381569774461,244882.8125,163.386871125963,0.25848832866817517,2.5,ok
234.0,2.6599999999999966,233.98,0.020000000000010232,11.579616866829909,1.8089627726594808,0.9305611245752795,0.60000003469454,-0.905786084299658,245786.97204589844,170.20172924465567,0.31847994755391734,2.5999999999999943,ok
234.1,2.759999999999991,234.08,0.01999999999998181,11.61716923925763,1.855766006067791,0.8499157292996458,0.6000000340286423,-0.6534669184708543,246660.30883789062,177.04127481248761,0.37848597502135584,2.700000000000017,ok
234.2,2.859999999999985,234.18,0.01999999999998181,11.657956569980424,1.899795240796779,0.7907876725146792,0.6000000334042226,-0.49717313281597925,245131.9122314453,183.8717223273391,0.4385041377582389,2.8000000000000114,ok
234.3,2.960000000000008,234.28,0.020000000000010232,11.700999230976361,1.9416312259476798,0.7484470948217179,0.6000000328180717,-0.46453991430860136,245958.3282470703,190.69242011176254,0.4985284688178811,2.9000000000000057,ok
234.4,3.0600000000000023,234.38,0.020000000000010232,11.745813402495488,1.9815632356656956,0.7034795999966447,0.6000000322678442,-0.32582409935327616,248314.80407714844,197.5573247273763,0.5585524254440933,3.0,ok
234.5,3.1599999999999966,234.48,0.020000000000010232,11.792072633205168,2.019817622857466,0.6811313476662059,0.6000000317506279,-0.07043547251113547,249096.1456298828,204.46581013997357,0.618580040466425,3.0999999999999943,ok
234.6,3.259999999999991,234.58,0.01999999999998181,11.827212387795138,2.0663883910042298,0.6878185527608758,0.6000000312664876,0.11381214063288798,249847.0916748047,211.39557732476248,0.6769207535099161,3.200000000000017,ok
234.7,3.359999999999985,234.68,0.01999999999998181,11.873519300011209,2.1045776167487102,0.693487948785599,0.600000030812773,0.015466357909171148,250567.8253173828,218.34578450520914,0.7369436414939994,3.3000000000000114,ok
234.8,3.460000000000008,234.78,0.020000000000010232,11.91977122160363,2.1428289772884326,0.6847913742651446,0.6000000303833994,-0.2401282029933009,248962.92114257812,225.28371153937488,0.7969636950938701,3.4000000000000057,ok
234.9,3.5600000000000023,234.88,0.020000000000010232,11.966728236681945,2.180205689880946,0.65320400989696,0.6000000299830524,-0.2887742346449776,249639.67895507812,232.20874765184192,0.8569801920700217,3.5,ok
235.0,3.6599999999999966,234.98,0.020000000000010232,12.014768206574766,2.216180824339109,0.6345273587991718,0.6000000296058637,-0.03311261826627906,250287.1551513672,239.15217590331994,0.9169972646959511,3.5999999999999943,ok
235.1,3.759999999999991,235.08,0.01999999999998181,12.061266486496255,2.2549807435671014,0.6450628593567175,0.6000000292503271,0.12018835022553405,250905.57861328125,246.1131860944972,0.9775573486436788,3.700000000000017,ok
235.202,3.8619999999999948,235.18,0.02199999999999136,12.108535565981192,2.2921072811454213,0.6574184014073793,0.6000000289242655,0.10671733999222364,249260.39123535156,253.05993567572781,1.0376634686973618,3.8000000000000114,ok
235.3,3.960000000000008,235.28,0.020000000000010232,12.15595971305679,2.328882083240036,0.6616652517438653,0.600000028608588,-0.020174639594414717,249837.99743652344,259.9918577406146,1.097675432462481,3.9000000000000057,ok
235.422,4.081999999999994,235.38,0.04200000000000159,12.203356672404501,2.36568965510087,0.6602723900458579,0.6000000282606901,0.11625266392691971,250387.71057128906,266.9394370185005,1.1576860073780664,4.0,ok
235.5,4.159999999999997,235.48,0.020000000000010232,12.249577687246267,2.407203534079054,0.6761491674505893,0.6000000280404254,0.12285875742811554,252589.73693847656,273.92523490058016,1.2198131702041446,4.099999999999994,ok
235.6,4.259999999999991,235.58,0.01999999999998181,12.295910565642597,2.4461308654051686,0.6911634450509628,0.600000027784962,0.2503213743214607,250909.8663330078,280.918284946019,1.2803282323346767,4.200000000000017,ok
235.7,4.359999999999985,235.68,0.01999999999998181,12.341750042078191,2.4848519160750304,0.7153240486165224,0.6000000275410226,0.1761043627194397,251404.8614501953,287.89487838745197,1.3403330435156762,4.300000000000011,ok
235.8,4.460000000000008,235.78,0.020000000000010232,12.386784583387296,2.5245060860977446,0.7321143011222474,0.6000000273197187,0.16244521666091966,251873.0926513672,294.88484997219547,1.4003377359247857,4.400000000000006,ok
235.9,4.560000000000002,235.88,0.020000000000010232,12.431143563092991,2.564913208072332,0.7493589761168487,0.6000000271009575,0.16281002515572177,252314.95666503906,301.8874617682563,1.4603415240285333,4.5,ok
236.0,4.659999999999997,235.98,0.020000000000010232,12.474979525555149,2.6037014029982384,0.7659636862793514,0.6000000269009395,0.1793258403775541,252730.94177246094,308.9019881354434,1.5188745546231797,4.599999999999994,ok
236.1,4.759999999999991,236.08,0.01999999999998181,12.517976561065554,2.6450051640935914,0.7816437289903495,0.6000000267188641,0.08204065956910513,251015.35034179688,315.89846441480967,1.5784962431543261,4.700000000000017,ok
236.2,4.859999999999985,236.18,0.01999999999998181,12.560404516195172,2.6874335594150898,0.7936684212228501,0.6000000265426116,0.1621298454938776,251397.91870117188,322.8764264848505,1.63849874398586,4.800000000000011,ok
236.3,4.960000000000008,236.28,0.020000000000010232,12.60222237168204,2.7304625559501265,0.8058587919672751,0.6000000263714768,0.04689641906042536,251756.0577392578,329.8646761576339,1.698500640458661,4.900000000000006,ok
236.4,5.060000000000002,236.38,0.020000000000010232,12.643750465258574,2.773771516018441,0.8035888684055139,0.6000000262182978,-0.1156794623070902,253828.27758789062,336.886680814955,1.7585027119087389,5.0,ok
236.5,5.159999999999997,236.48,0.020000000000010232,12.685681543030586,2.816688984831818,0.7844486667899225,0.6000000260725057,-0.2514620050379799,254145.5078125,343.9418722788489,1.818503748670363,5.099999999999994,ok
236.603,5.263000000000005,236.58,0.022999999999996135,12.72719385914562,2.8603833591186048,0.7611317090682542,0.6000000259363591,-0.20150292186539254,254439.39208984375,351.00555144416086,1.878773730697474,5.200000000000017,ok
236.7,5.359999999999985,236.68,0.01999999999998181,12.770889776987001,2.9015028437162624,0.7511642477945368,0.6000000258078897,0.05394157070346281,254710.43395996094,358.0770768059633,1.938774941098413,5.300000000000011,ok
236.8,5.460000000000008,236.78,0.020000000000010232,12.814574565122546,2.9426338243875727,0.7658706432625862,0.6000000256901358,0.2134860031036581,252955.06286621094,365.1279864841042,1.9987759268022425,5.400000000000006,ok
236.9,5.560000000000002,236.88,0.020000000000010232,12.857485003992734,2.9845710050810146,0.7848828732418198,0.600000025573378,0.14118793694910703,253199.1424560547,372.1579060024686,2.058776200872837,5.5,ok
237.002,5.662000000000006,236.98,0.02200000000001978,12.89975803645844,3.0271513878371925,0.7936297589201899,0.6000000254692425,0.07900197884674216,255186.34033203125,379.21881548563607,2.118777019779826,5.599999999999994,ok
237.1,5.759999999999991,237.08,0.01999999999998181,12.941805599297183,3.0666989461281173,0.8013907357231799,0.6000000253673564,-0.002827479820310966,255392.39501953125,386.31018680996493,2.1765005583707,5.700000000000017,ok
237.2,5.859999999999985,237.18,0.01999999999998181,12.983624367019408,3.109725362323813,0.7945957457514222,0.600000025271584,-0.10994741565245071,255577.98767089844,393.4069976806649,2.2365012402372466,5.800000000000011,ok
237.3,5.960000000000008,237.28,0.020000000000010232,13.025843839404713,3.152358302658253,0.7855472846929195,0.6000000251872348,0.015222635862749086,255743.74389648438,400.50868839687814,2.296501668986161,5.900000000000006,ok
237.4,6.060000000000002,237.38,0.020000000000010232,13.068152139465989,3.1949030385394654,0.797298023569731,0.6000000251040097,0.27063389450683045,253970.3369140625,407.58805063035754,2.3565020590288683,6.0,ok
237.517,6.1769999999999925,237.48,0.03700000000000614,13.109573236268027,3.238309352098036,0.82663099060576,0.6000000250109293,0.3730060857832408,254114.88342285156,414.64478980170315,2.4165005199843694,6.099999999999994,ok
237.6,6.259999999999991,237.58,0.01999999999998181,13.150753000069136,3.2816269009044468,0.8601643200581032,0.6000000249538416,0.35231782203477463,254241.4093017578,421.7052938673243,2.4762682619637255,6.200000000000017,ok
237.7,6.359999999999985,237.68,0.01999999999998181,13.189647106721809,3.3271934291190717,0.886104366787052,0.6000000248855873,0.2793966895126673,256128.2958984375,428.7937619951044,2.5361770261459697,6.300000000000011,ok
237.8,6.460000000000008,237.78,0.020000000000010232,13.226981908252954,3.374159568396509,0.9201904801107227,0.6000000248215162,0.2794964568775693,256221.0693359375,435.90972540113694,2.5961745731291392,6.400000000000006,ok
237.901,6.561000000000007,237.88,0.021000000000015007,13.262881755226662,3.4222338064044,0.9383243052215239,0.6000000247585295,0.0944227515092688,256297.27172851562,443.02803569369837,2.6561740012328716,6.5,ok
238.0,6.659999999999997,237.98,0.020000000000010232,13.29813207271589,3.4707871252669635,0.9502550540848379,0.600000024702071,0.12782108777491422,258143.85986328125,450.1730514102507,2.71617408169666,6.599999999999994,ok
238.101,6.760999999999996,238.08,0.020999999999986585,13.333687871944106,3.5188512309600095,0.95198966493852,0.6000000246519149,-0.037998590393717044,258187.95776367188,457.34432665507114,2.7759601429051854,6.700000000000017,ok
238.2,6.859999999999985,238.18,0.01999999999998181,13.368688547335246,3.5675098522361472,0.9579154405735613,0.6000000246014542,0.14202520228246326,258216.94946289062,464.5166170332174,2.835899351294441,6.800000000000011,ok
238.301,6.960999999999984,238.28,0.020999999999986585,13.402986220538507,3.6167407468298647,0.9680009636056957,0.6000000245540424,0.15707408748721394,258231.50634765625,471.68951225280796,2.8958994460414944,6.900000000000006,ok
238.4,7.060000000000002,238.38,0.020000000000010232,13.436588420924162,3.666447585812913,0.9930296269269622,0.6000000245144667,0.31690823407779806,260022.03369140625,478.8874780866834,2.9558984269698767,7.0,ok
238.5,7.159999999999997,238.48,0.020000000000010232,13.468743994226067,3.7171014430828317,1.0198279837801179,0.6000000244711828,0.20980160591068522,260007.23266601562,486.11010678609165,3.015896711534483,7.099999999999994,ok
238.6,7.259999999999991,238.58,0.01999999999998181,13.497037597410538,3.7735249738365932,1.0460114766629538,0.6000000244318421,0.13116598701999507,261773.62060546875,493.35706308153055,3.0790167781051148,7.200000000000017,ok
238.7,7.359999999999985,238.68,0.01999999999998181,13.526111573924785,3.8268365565994578,1.0535603956134207,0.6000000243984216,0.03904090341687457,261730.49926757812,500.62795363532246,3.1397409163619296,7.300000000000011,ok
238.8,7.460000000000008,238.78,0.020000000000010232,13.555686060325089,3.879041721712053,1.058554388371432,0.6000000243643813,0.057418615779159694,261675.35400390625,507.8974793752038,3.1997411622803846,7.400000000000006,ok
238.9,7.560000000000002,238.88,0.020000000000010232,13.585047588558597,3.931366969033638,1.0561011512006167,0.6000000243288746,-0.17244744603434345,263402.34375,515.190225177341,3.2597414193421015,7.5,ok
239.0,7.659999999999997,238.98,0.020000000000010232,13.61589445379836,3.9797913881732803,1.0399052125658397,0.6000000242995894,-0.05058456299057287,263320.9533691406,522.5058265262174,3.317156168876797,7.599999999999994,ok
239.1,7.759999999999991,239.08,0.01999999999998181,13.646534267641364,4.030605036395369,1.044342577452453,0.6000000242714321,0.2046485085196793,265023.9562988281,529.8439502716076,3.3764927093722807,7.700000000000017,ok
239.2,7.859999999999985,239.18,0.01999999999998181,13.676148262897408,4.082785521841347,1.0735983465717396,0.6000000242421583,0.30262389695004743,264917.4499511719,537.204247580635,3.4364909741505474,7.800000000000011,ok
239.3,7.960000000000008,239.28,0.020000000000010232,13.704130158778876,4.1358589102586745,1.1016080922395397,0.6000000242201886,0.16993823811206185,264801.4831542969,544.5614549848772,3.496489066247028,7.900000000000006,ok
239.4,8.060000000000002,239.38,0.020000000000010232,13.730967071032275,4.189524269461502,1.1160143003676692,0.6001806675638341,0.22938014532639578,266466.12548828125,551.9401717715792,3.556490654873206,8.0,ok
239.5,8.159999999999997,239.48,0.020000000000010232,13.756753749790215,4.243696501819813,1.1461717554968283,0.6000000241750337,0.34775691082617344,266327.2399902344,559.3400796254471,3.616487184439908,8.099999999999994,ok
239.6,8.259999999999991,239.58,0.01999999999998181,13.780716601519805,4.3017283622372755,1.1707339703385997,0.60000002415451,0.09236069314582207,269600.09765625,566.7835148705389,3.6792718568251814,8.200000000000017,ok
239.7,8.359999999999985,239.68,0.01999999999998181,13.803947121242862,4.35704889859799,1.1750316515799855,0.6000000241324019,0.013481259157851186,269425.6591796875,574.269983715482,3.739272013406981,8.300000000000011,ok
239.8,8.460000000000008,239.78,0.020000000000010232,13.827027385538413,4.412432307877389,1.1802122364580627,0.6000000241171589,0.1794953944064084,271033.9660644531,581.776367399428,3.7992721852680846,8.400000000000006,ok
239.901,8.561000000000007,239.88,0.021000000000015007,13.849543584373983,4.468047004159741,1.1911524099102682,0.6000000241030243,0.043260849044590786,272632.5378417969,589.3272910647921,3.8592719657058594,8.5,ok
240.0,8.659999999999997,239.98,0.020000000000010232,13.8716117333739,4.523841184432828,1.2030537938386952,0.6000000240849563,0.25443687329557013,272424.560546875,596.8975285424121,3.9192719136444056,8.599999999999994,ok
240.1,8.759999999999991,240.08,0.01999999999998181,13.8919651506351,4.57842384971564,1.2290805989635198,0.6000000240664439,0.22523430657853655,273999.8779296875,604.4867568545884,3.977525917314402,8.700000000000017,ok
240.2,8.859999999999985,240.18,0.01999999999998181,13.910650987503775,4.633123559294031,1.251097454485345,0.6000000240552433,0.0998005814677114,273773.4680175781,612.0947199927444,4.0353291934105116,8.800000000000011,ok
240.3,8.960000000000008,240.28,0.020000000000010232,13.928983170519054,4.689791015324505,1.2702053674227878,0.6000000240413506,0.3380880258336687,275325.86669921875,619.7210996415885,4.094888151654183,8.900000000000006,ok
240.4,9.060000000000002,240.38,0.020000000000010232,13.945853405927357,4.747366374606724,1.3122118489587287,0.6000000240296868,0.3972825562763403,276868.22509765625,627.3904620276558,4.154884208518014,9.0,ok
240.501,9.161000000000001,240.48,0.021000000000015007,13.960332824119956,4.805590062960882,1.3464082343816048,0.6000000240187815,0.22081433605409928,278131.9580078125,635.0987979041201,4.21488130375402,9.099999999999994,ok
240.6,9.259999999999991,240.58,0.01999999999998181,13.976019609961343,4.862925847829638,1.3541495671263515,0.6000000240078774,0.0690614604869827,279641.54052734375,642.8456520504435,4.274324280433775,9.200000000000017,ok
240.7,9.359999999999985,240.68,0.01999999999998181,13.988668304960239,4.921577284714008,1.366833909732667,0.6000000239976416,0.21649204994194848,281140.80810546875,650.6342957814544,4.334324118215025,9.300000000000011,ok
240.8,9.460000000000008,240.78,0.020000000000010232,14.000238358452277,4.9804497335642015,1.3911271977569653,0.6000000239873227,0.15085228745798018,280845.52001953125,658.4396614498568,4.394322712960463,9.400000000000006,ok
240.9,9.560000000000002,240.88,0.020000000000010232,14.010717645072218,5.039527524707984,1.3981634150450668,0.6000000239754609,0.026900936454795486,282322.6318359375,666.2614413367378,4.454322720081223,9.5,ok
241.0,9.659999999999997,240.98,0.020000000000010232,14.020853599285015,5.098665102237363,1.4102482522074804,0.6000000239691258,0.27224925655460963,283789.306640625,674.1241071489118,4.514322642113233,9.599999999999994,ok
241.1,9.759999999999991,241.08,0.01999999999998181,14.028304744051068,5.163720885888683,1.4456776755010368,0.6000000239618885,0.2773863325960684,286691.1315917969,682.0474465688084,4.579803742782143,9.700000000000017,ok
241.2,9.859999999999985,241.18,0.01999999999998181,14.034861436578712,5.224746016102619,1.4655705658362002,0.6000000239515855,0.14012309643182436,288126.0986328125,690.0310192108163,4.641180096001685,9.800000000000011,ok
241.3,9.960000000000008,241.28,0.020000000000010232,14.040767319777029,5.284454021741562,1.4839380086216505,0.6000000239502663,0.22233590694027017,289550.29296875,698.0543024275042,4.701179474279565,9.900000000000006,ok
241.4,10.060000000000002,241.38,0.020000000000010232,14.045318730643912,5.344279133287821,1.515397826731723,0.6000000239415604,0.3295803716224572,290963.68408203125,706.1169965532091,4.761177468516052,10.0,ok
241.501,10.161000000000001,241.48,0.021000000000015007,14.047972917992269,5.404218993278751,1.538110330296562,0.600000023935389,0.07339826294205085,293757.6599121094,714.2381263309051,4.821176064551397,10.099999999999994,ok
241.601,10.260999999999996,241.58,0.020999999999986585,14.048341257228245,5.457605264602184,1.5375827542286375,0.6000000239295958,-0.18177780279632283,295138.12255859375,722.4172344207778,4.874563606540253,10.200000000000017,ok
241.7,10.359999999999985,241.68,0.01999999999998181,14.050727578303817,5.517557358180978,1.525134868820588,0.600000023922026,-0.006494296653483427,294733.0017089844,730.6098889244937,4.934563173644993,10.300000000000011,ok
241.804,10.463999999999999,241.78,0.02400000000000091,14.05338500061818,5.577498515510097,1.5308878162523476,0.6000000239155001,0.10073588154388181,296092.46826171875,738.8157982296419,4.994563208939241,10.400000000000006,ok
241.901,10.561000000000007,241.88,0.021000000000015007,14.05554460320675,5.63745951784288,1.5386268460827397,0.6000000239163925,0.013232504643832414,297440.9484863281,747.0593179066976,5.0545630896398945,10.5,ok
242.0,10.659999999999997,241.98,0.020000000000010232,14.0580127997317,5.69734145333547,1.5345946805276143,0.6000000239083415,-0.16280892345820086,298778.4423828125,755.3401427798797,5.114495870256386,10.599999999999994,ok
242.1,10.759999999999991,242.08,0.01999999999998181,14.060844677465692,5.757256833001486,1.5078553334166969,0.6000000239048294,-0.3623019164714974,301420.1965332031,763.6762349870485,5.174478136402499,10.700000000000017,ok
242.2,10.859999999999985,242.18,0.01999999999998181,14.065479368615245,5.817074517544694,1.4720758235184865,0.6000000239037078,-0.35228628726128897,302724.4567871094,772.0671329498301,5.234475100877066,10.800000000000011,ok
242.3,10.960000000000008,242.28,0.020000000000010232,14.072228661991812,5.876690812614423,1.4386666165047552,0.6000000238950131,-0.25444668835334394,304017.578125,780.4941056569422,5.294472230799454,10.900000000000006,ok
242.414,11.073999999999984,242.38,0.033999999999991815,14.080649104503417,5.936096096228019,1.4216214133145646,0.6000000238936899,0.029191301301678352,305299.5300292969,788.9568432701959,5.354471327236843,11.0,ok
242.5,11.159999999999997,242.48,0.020000000000010232,14.089496803207028,5.99544009838362,1.4296689089128454,0.6000000238910835,0.23365148449498535,306570.3430175781,797.455035951402,5.414471263605091,11.099999999999994,ok
242.6,11.259999999999991,242.58,0.01999999999998181,14.099096378805234,6.062622603924727,1.4558750841556907,0.6000000238880058,0.2873317207441173,309078.3996582031,806.005712933012,5.482336135979882,11.200000000000017,ok
242.7,11.359999999999985,242.68,0.01999999999998181,14.105889445049325,6.124199377115315,1.4736684678856253,0.600000023884406,0.03158612850558074,308579.4372558594,814.5842940012624,5.544286476943928,11.300000000000011,ok
242.8,11.460000000000008,242.78,0.020000000000010232,14.111754318477544,6.183912004750385,1.4666058770197845,0.6000000238816938,-0.22376624328177055,309809.14306640625,823.1730242835156,5.6042864322723585,11.400000000000006,ok
242.9,11.560000000000002,242.88,0.020000000000010232,14.118490185339745,6.243531786739479,1.4475791557313804,0.6000000238791479,-0.1376324058883576,311027.8625488281,831.7957604726156,5.664285518155498,11.5,ok
243.0,11.659999999999997,242.98,0.020000000000010232,14.12606996690631,6.303050992915094,1.444066761865743,0.600000023876758,0.11808934313612367,313432.4035644531,840.4688197241885,5.7242854264251966,11.599999999999994,ok
243.1,11.759999999999991,243.08,0.01999999999998181,14.13332427115468,6.359741886928621,1.4476003558609885,0.6000000238759357,-0.06565058874171288,314618.2556152344,849.1917455461306,5.78143857501896,11.700000000000017,ok
243.2,11.859999999999985,243.18,0.01999999999998181,14.140673344367038,6.415693842547905,1.4454748195510627,0.6000000238695665,0.028944944731260164,315793.212890625,857.9474603864893,5.837871103003297,11.800000000000011,ok
243.3,11.960000000000008,243.28,0.020000000000010232,14.148049229418724,6.471631300347514,1.449747541678941,0.6000000238704318,0.16886470421773378,316957.2448730469,866.735661188762,5.894292755454982,11.900000000000006,ok
243.401,12.061000000000007,243.38,0.021000000000015007,14.154887582659335,6.530516952918804,1.4656340080215786,0.6000000238699972,0.12492109048942938,316417.3278808594,875.532530254788,5.953574145062429,12.0,ok
243.501,12.161000000000001,243.48,0.021000000000015007,14.160881771012141,6.590216383958331,1.4801856814356198,0.6000000238696763,0.2283563805325915,317564.63623046875,884.3378353118892,6.013573748064884,12.099999999999994,ok
243.6,12.259999999999991,243.58,0.01999999999998181,14.165279916062984,6.652303467675779,1.495339183521064,0.60000002386662,-0.007481303006471998,319827.4230957031,893.1905028025325,6.075816415459732,12.200000000000017,ok
243.7,12.359999999999985,243.68,0.01999999999998181,14.169133102114634,6.714987213082043,1.485550550597664,0.6000000238629534,-0.23165325719168683,320942.9931640625,902.0900919172509,6.138618477375771,12.300000000000011,ok
243.802,12.461999999999989,243.783,0.019000000000005457,14.174045853848225,6.7794582080720005,1.4639482745229984,0.6000128759081932,-0.19856706959822426,322048.03466796875,911.288435787624,6.203276379635208,12.402999999999992,ok
243.9,12.560000000000002,243.88,0.020000000000010232,14.180487127808329,6.837768186650837,1.4487916022681515,0.6000000238580283,-0.1245951649714462,323142.6086425781,919.980587510003,6.261941050537664,12.5,ok
244.0,12.659999999999997,243.98,0.020000000000010232,14.188044305485713,6.897290120289133,1.4394104439673028,0.6000000238596007,-0.01013427048748805,324226.74560546875,928.9718285412254,6.321940813191272,12.599999999999994,ok
244.1,12.759999999999991,244.08,0.01999999999998181,14.195875238587933,6.956789139098013,1.44343602743515,0.6000000238584088,0.15493404110495498,326364.013671875,938.0078113089683,6.381952951567361,12.700000000000017,ok
244.2,12.859999999999985,244.18,0.01999999999998181,14.203190244771033,7.016356483876433,1.4538357874987375,0.6000000238572899,0.11919293283582959,325788.6657714844,947.0654874123477,6.4419677654003635,12.800000000000011,ok
244.3,12.960000000000008,244.28,0.020000000000010232,14.209821661528277,7.075991235902879,1.4697722067660224,0.6000000238533975,0.1342594351295889,326838.07373046875,956.1297476832076,6.501970093167409,12.900000000000006,ok
244.4,13.060000000000002,244.38,0.020000000000010232,14.215481088261471,7.1357229194352305,1.4905623270561894,0.6000000238552538,0.352952940888727,327877.4719238281,965.2230191506279,6.5619692858999565,13.0,ok
244.501,13.161000000000001,244.48,0.021000000000015007,14.219365727225684,7.195593226028861,1.5298487528771183,0.6000000238550387,0.3312383138918416,328906.92138671875,974.3450246132738,6.621965486042113,13.099999999999994,ok
244.6,13.259999999999991,244.58,0.01999999999998181,14.221730054516662,7.255463821092138,1.551880451643853,0.60000002385417,0.07548931549936935,330936.279296875,983.5095135116592,6.681882747301033,13.200000000000017,ok
244.7,13.359999999999985,244.68,0.01999999999998181,14.223411195839882,7.31532102458697,1.563912812439397,0.6000000238561966,0.20871339587092083,331936.34033203125,992.7160776731712,6.741763554296016,13.300000000000011,ok
244.801,13.460999999999984,244.78,0.020999999999986585,14.224148396717936,7.375175369009166,1.582908016254956,0.6000000238518783,0.12376380400596049,332926.69677734375,1001.950286521912,6.801622438443196,13.400000000000006,ok
244.9,13.560000000000002,244.88,0.020000000000010232,14.223312451154728,7.435136749899859,1.593895048183568,0.6000000238483175,0.10140473250749188,333907.470703125,1011.2118721813624,6.8615896461762835,13.5,ok
245.017,13.676999999999992,245.0,0.016999999999995907,14.22115478685766,7.507103435445093,1.6107310581122438,0.6000000238496447,0.05090721968508557,335840.4541015625,1022.3743375947743,6.933588669389001,13.620000000000005,ok
245.1,13.759999999999991,245.08,0.01999999999998181,14.218351692916352,7.555432851760154,1.6127996048887336,0.600000023852694,-0.008342258751150083,336792.8161621094,1029.8480405977052,6.981999306825398,13.700000000000017,ok
245.2,13.859999999999985,245.18,0.01999999999998181,14.214608789808635,7.615815424003874,1.6172538217564605,0.6000000238520996,0.06255880621704453,337735.9313964844,1039.2164954249074,7.042497772545133,13.800000000000011,ok
245.3,13.960000000000008,245.28,0.020000000000010232,14.211368569886249,7.675824954173418,1.6289048300168691,0.6000000238501205,0.24901838977357463,338669.7692871094,1048.6110190455124,7.102594717029148,13.900000000000006,ok
245.415,14.074999999999989,245.38,0.03499999999999659,14.207165381952532,7.735674982085204,1.6628938037340435,0.6000000238488862,0.34612940225044153,339594.482421875,1058.0313558748032,7.162592155556536,14.0,ok
245.5,14.159999999999997,245.48,0.020000000000010232,14.200939348318126,7.795349224482747,1.687422207191143,0.6000000238476839,0.0903639167021148,340510.1623535156,1067.4772537189053,7.222590311366006,14.099999999999994,ok
245.6,14.259999999999991,245.58,0.01999999999998181,14.193115865240864,7.852441634955288,1.6952189693447368,0.6000000238472224,-0.032775908594645506,343819.4885253906,1076.9818322033368,7.2802162622998114,14.200000000000017,ok
245.7,14.359999999999985,245.68,0.01999999999998181,14.184974698594447,7.908893927948132,1.6918125874718117,0.6000000238474996,0.07447506874364082,344700.3173828125,1086.5446072853947,7.33725256633956,14.300000000000011,ok
245.8,14.460000000000008,245.78,0.020000000000010232,14.177467258243249,7.967822705866822,1.6910951463527728,0.600000023847093,-0.1573096715765208,345572.3571777344,1096.1317277654018,7.396657637904344,14.400000000000006,ok
245.916,14.575999999999993,245.9,0.015999999999991132,14.169584394215017,8.039387493163467,1.6629383204256136,0.6000000238437955,-0.2433124938828907,346435.6994628906,1107.6651953760793,7.468655265129841,14.52000000000001,ok
246.0,14.659999999999997,245.98,0.020000000000010232,14.165468251903688,8.087210232446353,1.648031381232879,0.6000000238456422,-0.2188167445296951,347290.4357910156,1115.3732635455656,7.516654817419898,14.599999999999994,ok
246.1,14.759999999999991,246.08,0.01999999999998181,14.161780577857531,8.149070327787172,1.6245681027126815,0.6000000238453057,-0.11702636088946872,348136.6271972656,1125.0319727537383,7.578624732180578,14.700000000000017,ok
246.2,14.859999999999985,246.18,0.01999999999998181,14.159373237402852,8.211496122577374,1.6066862518532905,0.60000002384499,-0.17312202115728376,349803.7414550781,1134.7255889850203,7.641096927141643,14.800000000000011,ok
246.3,14.960000000000008,246.28,0.020000000000010232,14.158047660476866,8.273960764102226,1.5937994575030139,0.6000000238446934,-0.19842303219162383,350624.8779296875,1144.4537642542525,7.70357563227399,14.900000000000006,ok
246.4,15.060000000000002,246.38,0.020000000000010232,14.157259598847874,8.334451394144066,1.5752139862115946,0.6000000238437047,-0.17536331813365766,351437.8356933594,1154.2046352767943,7.7640713954643985,15.0,ok
246.5,15.159999999999997,246.48,0.020000000000010232,14.15753784114469,8.394449207497862,1.5474725040239432,0.600000023844154,-0.3800721571001759,352242.7062988281,1163.9779761377963,7.824069853994703,15.099999999999994,ok
246.6,15.259999999999991,246.58,0.01999999999998181,14.159089009822418,8.45038652529393,1.512111448975607,0.6000000238446193,-0.28928462981276404,353828.55224609375,1173.784521395367,7.880028674983757,15.200000000000017,ok
246.7,15.359999999999985,246.68,0.01999999999998181,14.162133048396985,8.505215825508186,1.4948731569326439,0.6000000238465206,-0.05952706118142125,354609.68017578125,1183.6239412901145,7.934942410358694,15.300000000000011,ok
246.807,15.466999999999985,246.76,0.046999999999997044,14.165625580857649,8.552064310875746,1.492558593329071,0.6000000238434624,0.09112639236519027,355383.0871582031,1191.5127498160462,7.981920898672211,15.379999999999995,ok
246.901,15.561000000000007,246.88,0.021000000000015007,14.171037299306139,8.623860536631835,1.4972653636765623,0.6000000238432596,-0.05891991461057307,356148.8342285156,1203.3716151724918,8.053920792626196,15.5,ok
247.0,15.659999999999997,246.98,0.020000000000010232,14.175685652491973,8.68367986509639,1.4850965108431247,0.600000023840227,-0.1462729150565005,356907.04345703125,1213.275169029235,8.113920453002656,15.599999999999994,ok
247.1,15.759999999999991,247.08,0.01999999999998181,14.183217811987227,8.74252887471628,1.4647612275840152,0.6000000238443115,-0.16497588642105254,357657.77587890625,1223.199680408903,8.173249529852914,15.700000000000017,ok
247.2,15.859999999999985,247.18,0.01999999999998181,14.190461647525222,8.801909378698339,1.4494930469212162,0.600000023842012,-0.06620873446952863,359137.14599609375,1233.1551654349441,8.233070240367457,15.800000000000011,ok
247.3,15.960000000000008,247.28,0.020000000000010232,14.197757699671145,8.861464101497806,1.453106507784983,0.6000000238432757,0.189377749020163,359865.9362792969,1243.1413193554351,8.293070218572765,15.900000000000006,ok
247.4,16.060000000000002,247.38,0.020000000000010232,14.204339078611536,8.921101186295083,1.4696695587656692,0.6000000238424172,0.03650644143580052,359260.8642578125,1253.1291915851166,8.353069355498846,16.0,ok
247.5,16.159999999999997,247.48,0.020000000000010232,14.210274800827374,8.980806750421147,1.4786348589003293,0.6000000238422785,0.2307051511503822,359984.06982421875,1263.1187045584775,8.413069248714043,16.099999999999994,ok
247.6,16.25999999999999,247.58,0.01999999999998181,14.215100235101458,9.043721492781954,1.5118224581630313,0.6000000238428587,0.48183946046502396,360700.25634765625,1273.1282090886448,8.476168770283229,16.200000000000017,ok
247.722,16.382000000000005,247.7,0.02200000000001978,14.217361145587073,9.120341184312533,1.5806127802043037,0.6000000238448445,0.614686561090144,362111.9384765625,1285.1750790023793,8.552821812274171,16.319999999999993,ok
247.8,16.460000000000008,247.78,0.020000000000010232,14.216044741645074,9.168319189503078,1.6244337147912655,0.6000000238426216,0.42322716477858024,362807.55615234375,1293.229740053813,8.600817873585518,16.400000000000006,ok
247.9,16.560000000000002,247.88,0.020000000000010232,14.21193683837645,9.22817549200473,1.6565308913365593,0.6000000238425138,0.16771153537463823,363496.4599609375,1303.3172958331636,8.660814972002305,16.5,ok
248.001,16.661,247.98,0.021000000000015007,14.206520477125913,9.287930298563507,1.6630772712301785,0.6000000238424127,-0.08777575662512016,364178.6804199219,1313.4238950051194,8.72081475430252,16.599999999999994,ok
248.1,16.75999999999999,248.08,0.01999999999998181,14.201218843981575,9.343246566151466,1.6487768712338882,0.6000000238423177,-0.07626679413295973,364854.30908203125,1323.5493531926488,8.77638450123248,16.700000000000017,ok
248.2,16.859999999999985,248.18,0.01999999999998181,14.19673206808785,9.40196592925863,1.63685264929574,0.6000000238386759,-0.21051134919203332,367428.0700683594,1333.7199417919592,8.835275033252758,16.80000000000001,ok
248.3,16.960000000000008,248.28,0.020000000000010232,14.19324857488078,9.461863851746209,1.6201079354837378,0.6000000238414344,-0.036636119418315634,368076.0803222656,1343.9352772140505,8.895274165273579,16.900000000000006,ok
248.4,17.060000000000002,248.38,0.020000000000010232,14.190413365843177,9.521796720269588,1.611893434725145,0.6000000238420663,-0.10775713038312743,368717.83447265625,1354.168526030646,8.955274058104546,17.0,ok
248.5,17.159999999999997,248.48,0.020000000000010232,14.188102042871822,9.581752128733532,1.608381530792467,0.6000000238384399,0.04148208076710827,369353.33251953125,1364.4195144610926,9.015274001587489,17.099999999999994,ok
248.6,17.25999999999999,248.58,0.01999999999998181,14.181223742194462,9.63827721464771,1.6207152392597495,0.600000023844055,0.08216111832633004,369982.6965332031,1374.6880704201608,9.072216045437472,17.200000000000017,ok
248.7,17.359999999999985,248.68,0.01999999999998181,14.178036181779033,9.698192334614689,1.627933620245291,0.6000000238383056,0.046697310127033,370605.95703125,1384.9740239418886,9.132215896621116,17.30000000000001,ok
248.802,17.46199999999999,248.78,0.02199999999999136,14.174476264265868,9.758086534688719,1.6364526739504461,0.6000000238410869,0.21312159585528648,371834.2590332031,1395.28569360945,9.19221579841444,17.400000000000006,ok
248.9,17.560000000000002,248.88,0.020000000000010232,14.169954150628326,9.81791430912622,1.6620186663117633,0.6000000238431612,0.2540708242202194,372439.4836425781,1405.6228289243907,9.252214232609802,17.5,ok
249.0,17.659999999999997,248.98,0.020000000000010232,14.164003558853244,9.87761772165018,1.6771976672275402,0.6000000238409758,-0.0016202558119393362,373038.7878417969,1415.9766938061175,9.312213457683796,17.599999999999994,ok
249.1,17.75999999999999,249.08,0.01999999999998181,14.16225477666088,9.947157459245654,1.6651144479812587,0.6000000238437676,-0.09407612014224809,373632.26318359375,1426.3471250703615,9.381775180951724,17.700000000000017,ok
249.2,17.859999999999985,249.18,0.01999999999998181,14.156829067524455,10.006911425482869,1.6560694043888853,0.600000023840878,-0.02526757243437846,374801.7883300781,1436.7420424524953,9.441774970957285,17.80000000000001,ok
249.304,17.964,249.28,0.02400000000000091,14.151668951255557,10.066689072982449,1.6596949118810027,0.6000000238436671,-0.01566992193835393,375377.8991699219,1447.1612047788835,9.501774920461369,17.900000000000006,ok
249.4,18.060000000000002,249.38,0.020000000000010232,14.146362494356053,10.126453958559717,1.660162035892612,0.600000023843634,0.028881806374176817,377078.3386230469,1457.6119858593408,9.561774920735454,18.0,ok
249.5,18.159999999999997,249.48,0.020000000000010232,14.1409754847207,10.18585322635166,1.6626789327175207,0.5960321425415236,0.024122324492170135,377635.7727050781,1468.0941262944532,9.621417966323607,18.099999999999994,ok
249.6,18.25999999999999,249.58,0.01999999999998181,14.13545771333955,10.233478220285487,1.6561022018615952,0.600000023847238,-0.21561951455092174,378187.5915527344,1478.5916730202584,9.669361535738197,18.200000000000017,ok
249.7,18.359999999999985,249.68,0.01999999999998181,14.130823998599872,10.293298151321535,1.63805255914735,0.6000000238454262,-0.08853798627506862,378733.94775390625,1489.1044721772946,9.729360664577257,18.30000000000001,ok
249.8,18.460000000000008,249.78,0.020000000000010232,14.126881243195678,10.353168444194075,1.6379341232922209,0.6000000238486122,-0.009355818007294486,379810.302734375,1499.6398089896313,9.789360641984095,18.400000000000006,ok
249.9,18.560000000000002,249.88,0.020000000000010232,14.12299286884329,10.412123158794122,1.636072803594035,0.5838888283606151,0.04314903109395834,380340.33203125,1510.1974566947088,9.848443446831844,18.5,ok
250.002,18.662000000000006,249.98,0.02200000000001978,14.119050663460692,10.471298015216396,1.6362250259335984,0.6000000238720409,-0.09628845507715672,380864.92919921875,1520.7697519895758,9.907749471954721,18.599999999999994,ok
250.1,18.75999999999999,250.08,0.01999999999998181,14.115486213863242,10.532389270719493,1.6186826658804685,0.6000000238674186,-0.26334177029268985,381384.2468261719,1531.3565461010419,9.968944625356583,18.700000000000017,ok
250.2,18.859999999999985,250.18,0.01999999999998181,14.113357855122567,10.592648576151822,1.5861421822343182,0.6000000238685897,-0.3316465820213761,381898.193359375,1541.9576911036183,10.029241505890452,18.80000000000001,ok
250.3,18.960000000000008,250.28,0.020000000000010232,14.11322871432094,10.652645861042842,1.554789419933377,0.6000000238648895,-0.2090549817114105,382910.0646972656,1552.580028021071,10.08923892976549,18.900000000000006,ok
250.4,19.060000000000002,250.38,0.020000000000010232,14.114667674742567,10.712627723301138,1.5378114097269118,0.6000000238627065,-0.04138982333571014,383408.0505371094,1563.2233351771033,10.149238049817939,19.0,ok
250.5,19.159999999999997,250.48,0.020000000000010232,14.116682402547381,10.772593889611713,1.536935887092236,0.6000000238641664,-0.0038052358448358295,383900.7873535156,1573.8804023700282,10.209238051735564,19.099999999999994,ok
250.6,19.25999999999999,250.58,0.01999999999998181,14.118819985371497,10.839363572371402,1.5283602227233966,0.6000000238614477,-0.2250069335110761,384388.2141113281,1584.5510829459313,10.276041942312084,19.200000000000017,ok
250.7,19.359999999999985,250.68,0.01999999999998181,14.121829663540362,10.900989317798574,1.5136088396859189,0.6000000238580981,-0.06142079471243423,385347.2900390625,1595.2418538369084,10.33774113729982,19.30000000000001,ok
250.8,19.460000000000008,250.78,0.020000000000010232,14.125528966892055,10.960874692024053,1.4972277559927127,0.6000000238583758,-0.31734684309539535,385818.90869140625,1605.952495485942,10.397740661393046,19.400000000000006,ok
250.9,19.560000000000002,250.88,0.020000000000010232,14.130782071724692,11.02064108196245,1.461935783445824,0.6000000238573026,-0.267753613550978,386285.3088378906,1616.6761651738484,10.457737465280013,19.5,ok
251.001,19.661,250.98,0.021000000000015007,14.137817436558686,11.080226286461137,1.445389606130267,0.6000000238555845,-0.01190037286405924,386746.39892578125,1627.4127166705655,10.517736573219196,19.599999999999994,ok
251.1,19.75999999999999,251.08,0.01999999999998181,14.14697929429502,11.139261634250081,1.4424186620517334,0.6000000238517965,-0.09014438989666573,387202.2705078125,1638.1620037460345,10.577478618093325,19.700000000000017,ok
251.2,19.859999999999985,251.18,0.01999999999998181,14.155237624021792,11.198607487557052,1.4389203762614238,0.6000000238537508,0.03734034247723272,386656.4025878906,1648.9100408723632,10.637396314265729,19.80000000000001,ok
251.301,19.960999999999984,251.28,0.020999999999986585,14.162956472719666,11.25810873955988,1.4474982144056439,0.600000023853628,0.13408484507518406,387551.81884765625,1659.662932836745,10.697396144391528,19.900000000000006,ok
251.401,20.061000000000007,251.38,0.021000000000015007,14.169894218235072,11.317705196288031,1.4699040244573098,0.6000000238521351,0.226129364639609,387991.4245605469,1670.4343667729695,10.757395060776634,20.0,ok
251.5,20.159999999999997,251.48,0.020000000000010232,14.175519758460938,11.377440336226451,1.4822887480545774,0.6000000238521114,-0.02950504439529259,388425.59814453125,1681.2179365327615,10.817394507826549,20.099999999999994,ok
251.604,20.26400000000001,251.56,0.04400000000001114,14.178515007938362,11.422399291689334,1.4839069967757708,0.6000000238478693,0.08632490579021977,388854.2785644531,1689.8543796073072,10.862453127376481,20.180000000000007,ok
251.7,20.359999999999985,251.68,0.01999999999998181,14.18338236687115,11.492240251555058,1.5034190376113683,0.6000000238507749,0.24983321318432136,389277.52685546875,1702.8232430309731,10.932463489880515,20.30000000000001,ok
251.8,20.460000000000008,251.78,0.020000000000010232,14.186824332633021,11.552139953423255,1.527831025870939,0.6000000238501674,0.17246746409452732,390107.6354980469,1713.648036952549,10.99246200163043,20.400000000000006,ok
251.9,20.560000000000002,251.88,0.020000000000010232,14.189099781695006,11.612096517424916,1.5379844638882412,0.6000000238503077,0.13035327571501265,390514.3737792969,1724.4900093036226,11.052461728590801,20.5,ok
252.0,20.659999999999997,251.98,0.020000000000010232,14.189915472431826,11.671054322907983,1.5538577499760162,0.6000000238455092,0.12281931209272395,390915.6799316406,1735.3432044940516,11.111425176410252,20.599999999999994,ok
252.1,20.75999999999999,252.08,0.01999999999998181,14.190375166953963,11.730791509738042,1.571792846462039,0.6000000238450067,0.2832143338743456,391311.34033203125,1746.207468664383,11.17116413195371,20.700000000000017,ok
252.2,20.859999999999985,252.18,0.01999999999998181,14.189715609154712,11.790786566471802,1.5946881106538104,0.6000000238502193,0.20321139115788772,391701.47705078125,1757.082646683588,11.231162814014048,20.80000000000001,ok
252.3,20.960000000000008,252.28,0.020000000000010232,14.187887880884837,11.850758216952082,1.606432675070494,0.6000000238462239,-0.004345949187357593,392464.8742675781,1767.9738460074536,11.291162309444905,20.900000000000006,ok
252.402,21.061999999999983,252.38,0.02199999999999136,14.185882512202294,11.910724520356828,1.5974219402946728,0.6000000238472294,-0.07756302131316459,392838.07373046875,1778.8808313963148,11.351162134841175,21.0,ok
252.5,21.159999999999997,252.48,0.020000000000010232,14.184397351979996,11.970706103874026,1.5927324130277682,0.6000000238432864,-0.07059716527068527,393205.62744140625,1789.7981050237013,11.41116210202547,21.099999999999994,ok
252.6,21.25999999999999,252.58,0.01999999999998181,14.182374814630315,12.035447376015588,1.588687123706817,0.6000000238457623,0.03560749427707451,393567.44384765625,1800.7255087916074,11.475934958808528,21.200000000000017,ok
252.701,21.36099999999999,252.68,0.020999999999986585,14.180003833557127,12.10134187040535,1.5921015067424527,0.6000000238482608,0.0038015939290236005,394273.8342285156,1811.667748764887,11.54187209509857,21.30000000000001,ok
252.8,21.460000000000008,252.78,0.020000000000010232,14.178527909194589,12.162505932949795,1.5872406439333235,0.6000000238443853,-0.10534592419035228,394618.34716796875,1822.6245846176153,11.603053962507671,21.400000000000006,ok
252.9,21.560000000000002,252.88,0.020000000000010232,14.17788202537583,12.222501868159005,1.571985399585706,0.6000000238419507,-0.14803199043496373,394957.0007324219,1833.5909088940089,11.663053374234247,21.5,ok
253.0,21.659999999999997,252.98,0.020000000000010232,14.17816547275801,12.282500677379138,1.557016579512828,0.6000000238416663,-0.15716498412596874,395289.794921875,1844.5665588336512,11.723052852984086,21.599999999999994,ok
253.1,21.75999999999999,253.08,0.01999999999998181,14.181252394860305,12.337695434056009,1.5404225245581706,0.6000000238449521,-0.032500834323446234,395616.6076660156,1855.5513699807077,11.778333864666983,21.700000000000017,ok
253.2,21.859999999999985,253.18,0.01999999999998181,14.183541784737898,12.39645406700652,1.5433389439578036,0.6000000238468332,0.06473196346450284,395937.5915527344,1866.5451783031897,11.837137081009496,21.80000000000001,ok
253.3,21.960000000000008,253.28,0.020000000000010232,14.18499956422616,12.456436155588003,1.554681685069531,0.6000000238437557,0.2468686917884727,396561.46240234375,1877.5521096081206,11.897136881606109,21.900000000000006,ok
253.4,22.060000000000002,253.38,0.020000000000010232,14.185321851924456,12.516433465947097,1.582248755735572,0.6000000238428244,0.30297363677461636,396864.3798828125,1888.5719129731917,11.957135057575766,22.0,ok
253.5,22.159999999999997,253.48,0.020000000000010232,14.183798426984193,12.581949028984573,1.6156136064349271,0.6000000238461698,0.38808329927662344,397161.1633300781,1899.6000455178146,12.022668330221546,22.099999999999994,ok
253.6,22.25999999999999,253.58,0.01999999999998181,14.180167957390763,12.643220492912235,1.6527055717925971,0.6000000238438435,0.26812362111107213,397451.8737792969,1910.6363376998918,12.084047256583185,22.200000000000017,ok
253.7,22.359999999999985,253.68,0.01999999999998181,14.174636125939596,12.702963353965007,1.6769335104289584,0.6000000238436609,0.1362494685021849,398014.6789550781,1921.6844842656465,12.144045678278884,22.30000000000001,ok
253.8,22.460000000000008,253.78,0.020000000000010232,14.168016062007311,12.762596757373306,1.689519236904871,0.6000000238434894,0.2263640333425232,398286.7736816406,1932.744226663378,12.204045412015997,22.400000000000006,ok
253.9,22.560000000000002,253.88,0.020000000000010232,14.160462611447958,12.822118720735519,1.7044148578529934,0.600000023842618,0.05632564415433197,398552.5817871094,1943.8114399337767,12.264044734827552,22.5,ok
254.0,22.659999999999997,253.98,0.020000000000010232,14.152451049601833,12.88158142004751,1.7018797936994043,0.6000000238424669,-0.040288590810187916,398812.07275390625,1954.8859490246234,12.324044715933237,22.599999999999994,ok
254.1,22.75999999999999,254.08,0.01999999999998181,14.144562717451045,12.932259513500158,1.6982446815737942,0.600000023842325,-0.1151085383305365,399958.9538574219,1965.9799910608945,12.375333066853464,22.700000000000017,ok
254.2,22.859999999999985,254.18,0.01999999999998181,14.137266833828352,12.991813760908222,1.6836964954619282,0.600000023845034,-0.1496506360092488,400204.9865722656,1977.0933791224172,12.435332552702734,22.80000000000001,ok
254.3,22.960000000000008,254.28,0.020000000000010232,14.130870623213852,13.0514712788366,1.6673377715170175,0.6000000238392247,-0.19173688761115892,400678.16162109375,1988.2167561806577,12.495331977329974,22.900000000000006,ok
254.4,23.060000000000002,254.38,0.020000000000010232,14.125514681140547,13.111231060957778,1.6527686462161377,0.6000000238419496,-0.07911205760473679,400905.1818847656,1999.349858173794,12.555331291281579,23.0,ok
254.5,23.159999999999997,254.48,0.020000000000010232,14.120913516268109,13.171053774583914,1.6361614754345166,0.6000000238418395,-0.15593336866059834,401125.7629394531,2010.4891768519076,12.615330689476712,23.099999999999994,ok
254.6,23.25999999999999,254.58,0.01999999999998181,14.117423444681293,13.226439415532079,1.6256886069557845,0.600000023838894,-0.05374269493145914,401339.9353027344,2021.6345337719406,12.670826183193952,23.200000000000017,ok
254.7,23.359999999999985,254.68,0.01999999999998181,14.114254668629483,13.286355625073782,1.6222619678605155,0.600000023841639,0.07143821698603614,401547.54638671875,2032.7857487954045,12.73082612742319,23.30000000000001,ok
254.8,23.460000000000008,254.78,0.020000000000010232,14.110874148919429,13.346259768667148,1.6396422334184095,0.6000000238422585,0.32715425108159335,401748.6877441406,2043.9426409361104,12.790825580197067,23.400000000000006,ok
254.9,23.560000000000002,254.88,0.020000000000010232,14.106027329054843,13.40606174127016,1.6654084488096816,0.600000023842173,0.11510535822362578,402131.1340332031,2055.107638460795,12.8508236434159,23.5,ok
255.002,23.662000000000006,254.98,0.02200000000001978,14.100084384031938,13.46576637797396,1.6769032021987047,0.6000000238413822,0.07921793415635672,402312.4084472656,2066.2804654396896,12.91082332874406,23.599999999999994,ok
255.1,23.75999999999999,255.08,0.01999999999998181,14.094982424677015,13.531553384743987,1.6725111235559407,0.6000000238420173,-0.17618998250536427,403372.0703125,2077.470527644689,12.976807874275714,23.700000000000017,ok
255.2,23.859999999999985,255.18,0.01999999999998181,14.089758114903214,13.592818985231116,1.6497985032228477,0.6000000238412361,-0.14379941686322573,403540.52734375,2088.6776470565806,13.038295817936737,23.80000000000001,ok
255.3,23.960000000000008,255.28,0.020000000000010232,14.085245028865813,13.65264888303556,1.6456215859130379,0.6000000238411697,0.11125990918091835,403857.5134277344,2099.8915087339615,13.09829568974386,23.900000000000006,ok
255.4,24.060000000000002,255.38,0.020000000000010232,14.080370989750717,13.712449715232726,1.666987071046657,0.6000000238418178,0.36708482978829876,404005.9509277344,2111.1118346277867,13.158294821310651,24.0,ok
255.5,24.159999999999997,255.48,0.020000000000010232,14.073670635794148,13.771336583787173,1.7116818671348824,0.5490001026213074,0.4083719060891657,404147.6135253906,2122.336189689635,13.21756165884474,24.099999999999994,ok
255.6,24.25999999999999,255.58,0.01999999999998181,14.063877179737549,13.8151086894678,1.7474046736576876,0.5079003911543367,0.17816130960752252,404282.5622558594,2133.5643865754882,13.26241596763719,24.200000000000017,ok
255.7,24.359999999999985,255.68,0.01999999999998181,14.053437223677449,13.871944802980561,1.7641011229878283,0.6000000240540224,0.18209626929310513,404410.64453125,2144.796236669753,13.320202959960483,24.30000000000001,ok
255.8,24.460000000000008,255.78,0.020000000000010232,14.041489583031355,13.930742515582017,1.779972614363385,0.600000024038247,0.04650306546058572,405416.7785644531,2156.0438397683038,13.380202269324604,24.400000000000006,ok
255.9,24.560000000000002,255.88,0.020000000000010232,14.029014114872695,13.989431242845205,1.7764135249543351,0.6000000240261065,-0.17754908259589383,405532.53173828125,2167.3070246336188,13.44020230277085,24.5,ok
256.0,24.659999999999997,255.98,0.020000000000010232,14.017301262507523,14.048275316214186,1.748446379403958,0.6000000240139994,-0.37175922865924255,405641.4794921875,2178.5733303451525,13.50020076842775,24.599999999999994,ok
256.1,24.76000000000002,256.08,0.020000000000038654,14.007665231665332,14.119408107697023,1.7108408964554596,0.6000000240047225,-0.44577757322959494,405838.8366699219,2189.843890291848,13.571983267092344,24.69999999999999,ok
256.2,24.859999999999985,256.18,0.01999999999998181,14.000469846973594,14.178968552341017,1.6564086052373823,0.600000023993259,-0.6788456042226213,405927.1545410156,2201.118417947558,13.631976767799108,24.80000000000001,ok
256.3,24.960000000000008,256.28,0.020000000000038654,13.996979364381183,14.238855543543174,1.5866776457102378,0.6000000239817005,-0.7254988232181862,406895.4162597656,2212.4076203197874,13.691965393254065,24.899999999999977,ok
256.4,25.059999999999974,256.38,0.01999999999998181,13.997729805997713,14.298839202365219,1.5193407375201409,0.6000000239764041,-0.5361163914523793,406971.7712402344,2223.71133125729,13.751953746192775,25.0,ok
256.5,25.159999999999997,256.48,0.01999999999998181,14.001978075659967,14.358683564574141,1.4759375648873678,0.6000000239680972,-0.2806739017251875,406211.12060546875,2235.005538088483,13.811948708342243,25.100000000000023,ok
256.601,25.260999999999996,256.58,0.021000000000015007,14.00788842723807,14.400339975826098,1.4505761069574408,0.6000000239581678,-0.23769766228197686,406264.6484375,2246.2899237696315,13.854022320668367,25.19999999999999,ok
256.7,25.359999999999985,256.68,0.01999999999998181,14.015421287324509,14.455348287414411,1.4357882858872542,0.6000000239529796,-0.03951394330203903,406311.1267089844,2257.5756984244463,13.909544013049624,25.30000000000001,ok
256.8,25.460000000000008,256.78,0.020000000000038654,14.02359189956921,14.514789388993366,1.4321743781526364,0.6000000239461083,0.029452503199539296,406350.5859375,2268.862666655644,13.969544041894391,25.399999999999977,ok
256.9,25.559999999999974,256.88,0.01999999999998181,14.031691565388567,14.574239934750679,1.4453425319400788,0.6000000239382371,0.2852046239224155,406382.9650878906,2280.15063264211,14.029543808370834,25.5,ok
257.0,25.659999999999997,256.98,0.01999999999998181,14.038399389557174,14.633860681502975,1.482830911176402,0.6000000239300507,0.4333374359204746,406408.26416015625,2291.439399715002,14.089540711194049,25.600000000000023,ok
257.101,25.760999999999996,257.08,0.021000000000015007,14.04696554630243,14.689857381421545,1.5125097013061408,0.6000000239264985,0.22886992309414617,406426.4831542969,2302.7287712054767,14.146188830696417,25.69999999999999,ok
257.2,25.859999999999985,257.18,0.01999999999998181,14.051106298826975,14.748721449930459,1.5236271596191724,0.6000000239218737,0.014102396514090816,405520.8435058594,2314.0058174090927,14.205198358680393,25.80000000000001,ok
257.3,25.960000000000008,257.28,0.020000000000038654,14.05378027693559,14.808661639176274,1.5342627390777086,0.6000000239197074,0.17438682254615548,405516.3269042969,2325.2702225536746,14.26519816239465,25.899999999999977,ok
257.4,26.059999999999974,257.38,0.01999999999998181,14.05555847997383,14.868634600770934,1.5498664561349196,0.6000000239128743,0.05184495655781911,405503.3264160156,2336.534384405348,14.325197480128102,26.0,ok
257.5,26.159999999999997,257.48,0.01999999999998181,14.056812705131724,14.928621465961827,1.5448099349840037,0.6000000239077505,-0.20366297502608724,405483.09326171875,2347.7980846786527,14.385197455762906,26.100000000000023,ok
257.6,26.26000000000002,257.58,0.020000000000038654,14.057597973286237,14.986746812223682,1.525506407853474,0.6000000239064498,-0.1729747766155445,405455.6579589844,2359.0611228900475,14.443328106233507,26.19999999999999,ok
257.7,26.359999999999985,257.68,0.01999999999998181,14.058815541157408,15.044285469215975,1.5142119807560013,0.6000000239025609,-0.08526880586749565,405420.95947265625,2370.323298132156,14.500879644179921,26.30000000000001,ok
257.8,26.460000000000008,257.78,0.020000000000038654,14.061895505800134,15.103696602498289,1.514990690038359,0.6000000238953576,0.11106301342317015,405330.01708984375,2381.5837283621872,14.56037055894923,26.399999999999977,ok
257.9,26.559999999999974,257.88,0.01999999999998181,14.065094677933795,15.163611210540846,1.5168130426272255,0.6000000238954833,-0.07908364752648178,405273.74267578125,2392.8421139144903,14.620370516942833,26.5,ok
258.0,26.659999999999997,257.98,0.01999999999998181,14.06851315508341,15.223513632449354,1.511426479841005,0.6000000238908454,0.0499301167683453,405210.205078125,2404.098835411075,14.680370401413782,26.600000000000023,ok
258.1,26.76000000000002,258.08,0.020000000000038654,14.071077880212565,15.289260933915237,1.5164524884535058,0.6000000238835624,0.010162393762835753,405139.5263671875,2415.353692792256,14.746167707323933,26.69999999999999,ok
258.2,26.859999999999985,258.18,0.01999999999998181,14.074043697384836,15.35063296167799,1.5197336929446488,0.6000000238807278,0.04226101757860407,404976.50146484375,2426.6053042899257,14.807611355190994,26.80000000000001,ok
258.3,26.960000000000008,258.28,0.020000000000038654,14.076990105838629,15.410560519545408,1.5247703336377485,0.6000000238816197,0.016334268833340597,404884.2468261719,2437.8533702384084,14.867611301147047,26.899999999999977,ok
258.4,27.059999999999974,258.38,0.01999999999998181,14.079789975320613,15.47049514107668,1.5219126737629138,0.6000000238784113,-0.008020606837277539,404784.8205566406,2449.098773952061,14.927611285540488,27.0,ok
258.5,27.159999999999997,258.48,0.01999999999998181,14.08268227212918,15.530425378784559,1.5240787868401315,0.6000000238767771,-0.03386166465841762,404678.22265625,2460.3413162189095,14.98761127531175,27.100000000000023,ok
258.6,27.26000000000002,258.58,0.020000000000038654,14.08608632426668,15.593901284666329,1.5155414197904207,0.6000000238745761,-0.15614719199408839,404564.4836425781,2471.5807982508336,15.051178391012135,27.19999999999999,ok
258.7,27.359999999999985,258.68,0.01999999999998181,14.089996776432928,15.654665776512378,1.4950365021546557,0.6000000238710889,-0.12096402640540485,404315.673828125,2482.815244882374,15.112068579921786,27.30000000000001,ok
258.8,27.460000000000008,258.78,0.020000000000038654,14.094705561251562,15.714480655114766,1.4931546576179553,0.6000000238691493,0.13460917954606888,404180.60302734375,2494.044359838696,15.172068516227474,27.399999999999977,ok
258.9,27.559999999999974,258.88,0.01999999999998181,14.09891514020835,15.77433171284263,1.5167930045916815,0.6000000238687497,0.3879849506432742,404038.4826660156,2505.269624917773,15.232067430102123,27.5,ok
259.003,27.662999999999982,258.98,0.022999999999967713,14.101298889847994,15.834281595162043,1.5479850318951334,0.6000000238670407,0.16472559955860364,402894.9890136719,2516.47703424666,15.292064685476483,27.600000000000023,ok
259.1,27.76000000000002,259.08,0.020000000000038654,14.10221656217429,15.8957193578335,1.5552892413967687,0.6000000238647257,0.0627911899622238,402735.107421875,2527.6663411415943,15.35350930122573,27.69999999999999,ok
259.2,27.859999999999985,259.18,0.01999999999998181,14.102993200213255,15.955714235162464,1.5618891968261142,0.6000000238603775,0.07264080660064565,402394.22607421875,2538.8486929957094,15.413509205161995,27.80000000000001,ok
259.3,27.960000000000008,259.28,0.020000000000038654,14.103357941539517,16.015713016129194,1.568121831192104,0.6000000238646482,0.03955672030967549,402213.2873535156,2550.0237973488684,15.473509094776299,27.899999999999977,ok
259.4,28.059999999999974,259.38,0.01999999999998181,14.103402134946077,16.07571292439584,1.5758578490133732,0.6000000238611896,0.203619327233863,402025.4211425781,2561.1937794113164,15.533509019318446,28.0,ok
259.5,28.159999999999997,259.48,0.01999999999998181,14.102488741143901,16.135704081385942,1.6055870222756872,0.6000000238606543,0.33844399835664407,401830.62744140625,2572.358446752763,15.59350712933242,28.100000000000023,ok
259.602,28.261999999999972,259.58,0.02199999999999136,14.100233863524455,16.177923642653315,1.6335308065399043,0.6000000238587744,0.19975084077304614,401628.90625,2583.5176069429176,15.635786862381343,28.19999999999999,ok
259.7,28.359999999999985,259.68,0.01999999999998181,14.096028597032971,16.237775324825016,1.650003079475549,0.6000000238576767,0.05609492090973496,402445.068359375,2594.685301034717,15.695786096751847,28.30000000000001,ok
259.8,28.460000000000008,259.78,0.020000000000038654,14.09126424746183,16.29758584814599,1.6462046565607973,0.6000000238566462,-0.1793514940879043,402233.6120605469,2605.8613938183234,15.755786077808217,28.399999999999977,ok
259.9,28.559999999999974,259.88,0.01999999999998181,14.087234471082049,16.35744931084784,1.6272484018905906,0.600000023855679,-0.07716942901479612,401790.46630859375,2617.028394906786,15.815785021668313,28.5,ok
260.0,28.659999999999997,259.98,0.01999999999998181,14.084046166961976,16.417364329740966,1.6154519734325798,0.6000000238547709,-0.2558750491638913,401558.837890625,2628.1860241317777,15.87578481143566,28.600000000000023,ok
260.1,28.76000000000002,260.08,0.020000000000038654,14.080978800646195,16.47958043212248,1.5849592784604198,0.600000023853208,-0.2815418441405907,401320.5261230469,2639.3371264097414,15.938076481277317,28.69999999999999,ok
260.2,28.859999999999985,260.18,0.01999999999998181,14.080682270316512,16.539578672313215,1.567019900108021,0.6000000238531185,-0.02621216916641529,401075.6530761719,2650.4815177875107,15.998075454237043,28.80000000000001,ok
260.3,28.960000000000008,260.28,0.020000000000038654,14.080849941175593,16.599578359890266,1.5745172970820769,0.6000000238523674,0.22635882291178638,400824.1271972656,2661.6190147357493,16.058075376094163,28.899999999999977,ok
260.4,29.059999999999974,260.38,0.01999999999998181,14.080027844909964,16.65957118904056,1.5977283585233597,0.6000000238509517,0.11692997566686741,400301.57470703125,2672.7457605955337,16.118073837672156,29.0,ok
260.5,29.159999999999997,260.48,0.01999999999998181,14.078136207363038,16.719541051324402,1.6091701117889141,0.6000000238510005,0.141924857046083,400030.6091308594,2683.8614853710624,16.178073526629284,29.100000000000023,ok
260.601,29.260999999999996,260.58,0.021000000000015007,14.075997813089206,16.791767662744043,1.6220077281027234,0.6000000238496687,0.05787994487191292,399753.2653808594,2694.969594739277,16.250331786553215,29.19999999999999,ok
260.7,29.359999999999985,260.68,0.01999999999998181,14.073046004665914,16.85475874151672,1.618602079002243,0.6000000238490855,-0.034605441522646295,399179.4128417969,2706.0658819368164,16.31339198935905,29.30000000000001,ok
260.802,29.462000000000018,260.78,0.022000000000048203,14.070217562196966,16.914692036448216,1.61813546507101,0.6000000238456958,0.012877606843809827,398883.0871582031,2717.1500833257014,16.373391988760268,29.399999999999977,ok
260.9,29.559999999999974,260.88,0.01999999999998181,14.067378220207068,16.974624810751546,1.6148147354223865,0.6000000238480241,-0.16568680053321197,398580.50537109375,2728.2259665552774,16.433391982915513,29.5,ok
261.0,29.659999999999997,260.98,0.01999999999998181,14.065186071710139,17.034583849622223,1.5954150853859868,0.6000000238503839,-0.20120284789121534,398271.78955078125,2739.293359540306,16.49339108171981,29.600000000000023,ok
261.102,29.761999999999972,261.08,0.02199999999999136,14.06407248154492,17.07878564031293,1.5713187780410818,0.600000023849931,-0.2523760274887418,397956.9396972656,2750.3520918909694,16.53760689770596,29.69999999999999,ok
261.2,29.859999999999985,261.18,0.01999999999998181,14.064646693731909,17.13878136764111,1.5466017971330277,0.6000000238466637,-0.1752569561882834,397635.9558105469,2761.401993217469,16.59760537283052,29.80000000000001,ok
261.3,29.960000000000008,261.28,0.020000000000038654,14.066514596050299,17.19875156944638,1.5295838611328607,0.6000000238491068,-0.15876713848762325,397309.02099609375,2772.442895673113,16.657604657523223,29.899999999999977,ok
261.4,30.059999999999974,261.38,0.01999999999998181,14.06933312818079,17.258684900643257,1.5186002278042157,0.60000002384589,0.024851922378619717,396637.20703125,2783.46992661794,16.717604226786055,30.0,ok
261.5,30.159999999999997,261.48,0.01999999999998181,14.072280958522654,17.318612174681903,1.5313219690943483,0.6000000238469595,0.2797256746920423,396292.41943359375,2794.482838096621,16.777603959097352,30.100000000000023,ok
261.6,30.26000000000002,261.58,0.020000000000038654,14.073969376379027,17.381884979940324,1.556493320785919,0.6000000238480505,0.22956045964274838,395941.8640136719,2805.486092033385,16.840899287835956,30.19999999999999,ok
261.701,30.36100000000002,261.68,0.021000000000015007,14.074229705898345,17.442707665767077,1.5817746953185507,0.6000000238420563,0.26150564230802537,395585.5407714844,2816.479528210959,16.901722530783356,30.30000000000001,ok
261.8,30.460000000000008,261.78,0.020000000000038654,14.073014269119195,17.502694245804506,1.6005877117583127,0.6000000238446076,0.042010575704951945,394855.7434082031,2827.4578793801174,16.96172142303272,30.399999999999977,ok
261.9,30.559999999999974,261.88,0.01999999999998181,14.071249054224621,17.56266822527009,1.59455902154255,0.6000000238443346,-0.2135228869398271,394482.4523925781,2838.420909877353,17.021721374670722,30.5,ok
262.0,30.659999999999997,261.98,0.01999999999998181,14.070458296566237,17.622660975618498,1.563033356681537,0.6000000238469205,-0.4166087557227396,394103.6071777344,2849.3734940380546,17.081719336236432,30.600000000000023,ok
262.1,30.76000000000002,262.08,0.020000000000038654,14.072834323887994,17.683462285981054,1.5160239623398388,0.6000000238409956,-0.5013717323015175,393719.2077636719,2860.3154775789035,17.142567054744504,30.69999999999999,ok
262.2,30.859999999999985,262.18,0.01999999999998181,14.077472346845775,17.743494990577013,1.4735386635837395,0.6000000238436118,-0.27386618693022674,393329.40673828125,2871.2467083358774,17.202778655603993,30.80000000000001,ok
262.3,30.960000000000008,262.28,0.020000000000038654,14.083830041421447,17.803156247875137,1.4563905608779322,0.6000000238426894,-0.01827824336089732,392533.75244140625,2882.1614744355916,17.262777704785712,30.899999999999977,ok
262.4,31.059999999999974,262.38,0.01999999999998181,14.090610769673235,17.862771792505345,1.4621422944075566,0.6000000238403587,0.09422542207842717,392127.9602050781,2893.0595537779063,17.322777633428846,31.0,ok
262.5,31.159999999999997,262.48,0.01999999999998181,14.096855834680882,17.9224455857692,1.474159470593033,0.600000023843014,0.1987550007542239,391716.97998046875,2903.9462890582636,17.382777320423422,31.100000000000023,ok
262.6,31.26000000000002,262.58,0.020000000000038654,14.102105104583327,17.972432397966383,1.50612694453989,0.6000000238428387,0.30634796037159584,390129.0283203125,2914.8052613957707,17.433038997953574,31.19999999999999,ok
262.702,31.361999999999995,262.68,0.02199999999999136,14.105321913919502,18.029876070851834,1.5276318331283505,0.600000023842674,0.05747628303431208,389703.5217285156,2925.6362690353403,17.490572669980274,31.30000000000001,ok
262.8,31.460000000000008,262.78,0.020000000000038654,14.107895692680312,18.089820814443268,1.5231627260389926,0.60000002384323,-0.19834973135973324,389272.88818359375,2936.4553858396716,17.55057264182487,31.399999999999977,ok
262.9,31.559999999999974,262.88,0.01999999999998181,14.11134985623339,18.149719471073556,1.4947730492940636,0.6000000238423745,-0.2695801704204808,388837.3718261719,2947.262472784254,17.61057081106331,31.5,ok
263.001,31.660999999999973,262.98,0.020999999999958163,14.116429179576834,18.209503173848205,1.478052539225491,0.6000000238408172,-0.029587404031619163,387951.6296386719,2958.051208915713,17.67056989974868,31.600000000000023,ok
263.101,31.760999999999996,263.08,0.021000000000015007,14.127962448201913,18.267523793201704,1.4663408964330134,0.600000023842821,-0.16777553840269382,387501.52587890625,2968.821391631231,17.729725698748794,31.69999999999999,ok
263.2,31.859999999999985,263.18,0.01999999999998181,14.13465426442598,18.327148551194046,1.4447794368658076,0.6000000238419905,-0.34747786551412696,387046.69189453125,2979.5790057669756,17.789724800158915,31.80000000000001,ok
263.3,31.960000000000008,263.28,0.020000000000038654,14.143060569887624,18.38655353825677,1.4096886022767607,0.60000002384472,-0.3178191866809135,386587.1276855469,2990.3239199278064,17.849721620569973,31.899999999999977,ok
263.4,32.059999999999974,263.38,0.01999999999998181,14.15336010522423,18.445661189573404,1.385652667020613,0.6000000238431932,-0.0931742657514888,384907.4401855469,3001.0391222593516,17.90971991114828,32.0,ok
263.5,32.16,263.48,0.01999999999998181,14.16450455828394,18.5046170890389,1.385637939195038,0.6000000238423834,0.014274306940527712,383957.1533203125,3011.7177971691576,17.969719885446487,32.10000000000002,ok
263.6,32.26000000000002,263.58,0.020000000000038654,14.175393248706673,18.549076609566683,1.3866135480141215,0.6000000238408691,0.06751789627572817,383957.1533203125,3022.3832736502736,18.01549337717131,32.19999999999999,ok
263.7,32.359999999999985,263.68,0.01999999999998181,14.186060182726688,18.60445899142414,1.3945992423086502,0.60000002383865,0.012564943794096008,382989.1357421875,3033.0353054428106,18.071893658213096,32.30000000000001,ok
263.8,32.46000000000001,263.78,0.020000000000038654,14.196608011981292,18.663524559539898,1.3917810307965868,0.6000000238414102,-0.020997958629257053,382498.6267089844,3043.667079921295,18.13189364186994,32.39999999999998,ok
263.9,32.559999999999974,263.88,0.01999999999998181,14.207220418032112,18.722578480658296,1.3988845066919218,0.600000023841333,0.08114295807568192,380758.36181640625,3054.267871428595,18.191893548216914,32.5,ok
264.0,32.66,263.98,0.01999999999998181,14.217369581104174,18.781713837729026,1.403204719033578,0.6000000238412607,0.10801502748033272,380255.37109375,3064.837506607905,18.25189351460812,32.60000000000002,ok
264.1,32.76000000000002,264.08,0.020000000000038654,14.229099008259977,18.863312928356116,1.420738982363414,0.6000000238411928,0.3634020461307115,379236.99951171875,3075.3860117552,18.334331315722483,32.69999999999999,ok
264.2,32.859999999999985,264.18,0.01999999999998181,14.237083592416699,18.92277457378405,1.467155266531477,0.600000023839708,0.6006579286361504,378721.8017578125,3085.91321732839,18.394326656051156,32.80000000000001,ok
264.302,32.96200000000002,264.28,0.022000000000048203,14.241812932915888,18.98257831068353,1.532536757347511,0.6000000238424903,0.7865469130847053,378202.6672363281,3096.4260571755276,18.454317102029655,32.89999999999998,ok
264.4,33.059999999999974,264.38,0.01999999999998181,14.242279673336212,19.04256315636362,1.6047825310172883,0.600000023841013,0.604298470043398,377679.6569824219,3106.9244227896793,18.514303763529394,33.0,ok
264.5,33.16,264.48,0.01999999999998181,14.23763970484568,19.09688874489089,1.6571964452692023,0.6000000238409603,0.3486055631916243,377152.8015136719,3117.408206935461,18.568827142702254,33.10000000000002,ok
264.6,33.26000000000002,264.58,0.020000000000038654,14.231362172706703,19.155182970685445,1.6848447909304498,0.6000000238416213,0.13864626220290474,376087.9211425781,3127.8698836390163,18.627458398622135,33.19999999999999,ok
264.701,33.36100000000002,264.68,0.021000000000015007,14.224256455352625,19.21476041352944,1.6973980447927512,0.6000000238437065,0.1537726316338956,375550.0183105469,3138.3092994647564,18.68745808957922,33.30000000000001,ok
264.8,33.46000000000001,264.78,0.020000000000038654,14.216353992516268,19.27423734805393,1.707415783321421,0.6000000238422418,0.02142083963726988,375008.48388671875,3148.7337231063816,18.74745771173895,33.39999999999998,ok
264.9,33.559999999999974,264.88,0.01999999999998181,14.208131257906537,19.3336712242032,1.7091069460424426,0.6000000238407798,-0.052844947575000994,374463.4094238281,3159.1430549579195,18.807457703393858,33.5,ok
265.0,33.66,264.98,0.01999999999998181,14.200106000439073,19.39313167121046,1.6936889846723842,0.6000000238378992,-0.25344567514047955,373914.8864746094,3169.537197956511,18.86745728269007,33.60000000000002,ok
265.1,33.76000000000002,265.08,0.020000000000038654,14.188883782174377,19.44497800815082,1.6775913990462334,0.6000000238407053,-0.12044268613351825,374664.36767578125,3179.93413204193,18.92050425090611,33.69999999999999,ok
265.2,33.859999999999985,265.18,0.01999999999998181,14.182743044857006,19.504662688221835,1.6670410320297173,0.6000000238435136,-0.10768972752405469,373558.2275390625,3190.3261125310273,18.98050399832208,33.80000000000001,ok
265.3,33.96000000000001,265.28,0.020000000000038654,14.1772565433157,19.56441093849251,1.6524218413465983,0.6000000238406396,-0.19986591016475289,373000.18310546875,3200.694979345531,19.040503624234,33.89999999999998,ok
265.4,34.059999999999974,265.38,0.01999999999998181,14.172842847275337,19.62424742056503,1.6330608493848584,0.6000000238377676,-0.16865232999555088,372438.9953613281,3211.048301268683,19.100502668389314,34.0,ok
265.5,34.16,265.48,0.01999999999998181,14.16951331524965,19.684154287165256,1.6168614306046178,0.6000000238405817,-0.0845956553142711,371874.5422363281,3221.3859892908754,19.16050198879686,34.10000000000002,ok
265.6,34.26000000000002,265.58,0.020000000000038654,14.169475521674945,19.739558589461087,1.6089479610545083,0.6000000238398449,-0.11405000040230816,371307.0373535156,3231.707955674064,19.215906303982973,34.19999999999999,ok
265.7,34.359999999999985,265.68,0.01999999999998181,14.167564902648028,19.799527415516287,1.5916813563789052,0.6000000238433729,-0.1769714167882006,370736.51123046875,3242.0141160710664,19.275905558674218,34.30000000000001,ok
265.8,34.46000000000001,265.78,0.020000000000038654,14.166707323901727,19.859520703170755,1.578275167566555,0.6000000238405075,-0.00041604306211059927,369586.48681640625,3252.296379932825,19.335904975378863,34.39999999999998,ok
265.9,34.559999999999974,265.88,0.01999999999998181,14.166138276792967,19.91951784909644,1.5875828500035656,0.6000000238404858,0.12542140551589995,369007.1105957031,3262.5546243413287,19.395904819827326,34.5,ok
266.0,34.66,265.98,0.01999999999998181,14.164952411162702,19.979506051923167,1.5899176252621456,0.6000000238411759,-0.07337517943331008,368424.8962402344,3272.7967355473857,19.455904742791223,34.60000000000002,ok
266.102,34.76199999999997,266.08,0.02199999999999136,14.164902623497891,20.037686175287284,1.5910996911624466,0.6000000238418673,0.18085253774732,367839.8132324219,3283.022634290058,19.514084887458242,34.69999999999999,ok
266.2,34.859999999999985,266.18,0.01999999999998181,14.16342939441622,20.09719860730227,1.6134408906845559,0.6000000238404283,0.14549749435683873,367252.1057128906,3293.2322442754116,19.573615551558902,34.80000000000001,ok
266.3,34.96000000000001,266.28,0.020000000000038654,14.160579075588203,20.157130539514984,1.6255492041190365,0.6000000238411218,0.0947182433320205,366068.54248046875,3303.4172532780935,19.6336152250261,34.89999999999998,ok
266.4,35.059999999999974,266.38,0.01999999999998181,14.157190897791248,20.217034771077145,1.6248088673734848,0.6000000238403955,-0.16061136375552104,365472.8698730469,3313.5775506718946,19.693615197591402,35.0,ok
266.501,35.16099999999997,266.48,0.020999999999958163,14.15436895133197,20.276967608963442,1.6066196357405942,0.6000000238375385,-0.20015328135340982,364874.6032714844,3323.721265576682,19.753614434577585,35.10000000000002,ok
266.6,35.26000000000002,266.58,0.020000000000038654,14.154333576729725,20.34084048573943,1.5842870121387873,0.6000000238403667,-0.12557906052724824,364273.86474609375,3333.8483276324782,19.8174873211493,35.19999999999999,ok
266.7,35.359999999999985,266.68,0.01999999999998181,14.153779454374744,20.400837678284425,1.5731422905885297,0.6000000238375113,-0.13547429902582944,363065.0329589844,3343.9502567672735,19.877487072522666,35.30000000000001,ok
266.801,35.460999999999984,266.78,0.021000000000015007,14.153936869822042,20.46083714663332,1.5621040776733879,0.6000000238374991,-0.08926229307599108,362457.09228515625,3354.0269529512166,19.937486747369896,35.39999999999998,ok
266.9,35.559999999999974,266.88,0.01999999999998181,14.154579484557301,20.520833670192918,1.561740722548594,0.6000000238410402,0.07651799910852108,361846.86279296875,3364.0867301050816,19.997486712311012,35.5,ok
267.001,35.66099999999997,266.98,0.020999999999958163,14.155021678132513,20.580832018281345,1.5648736965655696,0.6000000238424504,0.05784288348658208,361234.2834472656,3374.129523802865,20.057486689881827,35.60000000000002,ok
267.1,35.76000000000002,267.08,0.020000000000038654,14.152913745705256,20.645966338552103,1.5720041551317845,0.6000000238410191,-0.07211208946638248,360619.5068359375,3384.1552708901286,20.122655110579675,35.69999999999999,ok
267.2,35.859999999999985,267.18,0.01999999999998181,14.153059671103842,20.705965939219233,1.5626063809614408,0.6000000238431412,-0.09309638937602523,359383.4228515625,3394.155311580235,20.182654888699574,35.80000000000001,ok
267.3,35.96000000000001,267.28,0.020000000000038654,14.153782059978504,20.76596135488499,1.5510341070302256,0.6000000238410006,-0.22587660027053064,358762.26806640625,3404.1295572874255,20.242654653254053,35.89999999999998,ok
267.4,36.059999999999974,267.38,0.01999999999998181,14.155632456965195,20.82593059535764,1.5182089558073881,0.6000000238409922,-0.48181024205483425,358139.0075683594,3414.0865194490216,20.302652434645324,36.0,ok
267.5,36.16,267.48,0.01999999999998181,14.159905532079835,20.885773272567803,1.475358833792642,0.6000000238409843,-0.3082161672051345,357513.7023925781,3424.0261404207035,20.362647477662353,36.10000000000002,ok
267.6,36.26000000000002,267.58,0.020000000000038654,14.16852185952914,20.936624485996212,1.44881300566585,0.6000000238409768,-0.11449999795332748,356886.474609375,3433.948365101283,20.414223508973954,36.19999999999999,ok
267.7,36.359999999999985,267.68,0.01999999999998181,14.17617159831427,20.99613423147231,1.4330039590045185,0.6000000238402593,-0.1422048907572787,356257.26318359375,3443.853139237299,20.474222911555238,36.30000000000001,ok
267.801,36.460999999999984,267.78,0.021000000000015007,14.184629383400493,21.05553499896793,1.4290093164992153,0.6000000238409633,0.11373253698933847,354993.22509765625,3453.731618241202,20.534222789118722,36.39999999999998,ok
267.901,36.56100000000001,267.88,0.021000000000015007,14.192716544268459,21.11498658714162,1.450590979868025,0.6000000238409572,0.3689848472111918,354358.3984375,3463.583724123637,20.594221901672814,36.5,ok
268.0,36.66,267.98,0.01999999999998181,14.198956394880096,21.17465716674413,1.491586968309534,0.600000023843083,0.41768426244953283,353721.8322753906,3473.418171772429,20.654217849917302,36.60000000000002,ok
268.1,36.76000000000002,268.08,0.020000000000038654,14.203137291912332,21.242655123930117,1.5278417019039383,0.6000000238402354,0.19284221540891858,351659.8815917969,3483.215140020581,20.72234421839135,36.69999999999999,ok
268.2,36.859999999999985,268.18,0.01999999999998181,14.20541752164153,21.304628553499175,1.5374824001780067,0.600000023840941,-0.026571421461281393,350372.49755859375,3492.9655897310054,20.784359582779288,36.80000000000001,ok
268.3,36.96000000000001,268.28,0.020000000000038654,14.20739697892202,21.364595880536832,1.5396743559247044,0.6000000238430678,0.03210215843134543,349726.318359375,3502.6891843965295,20.844359570805675,36.89999999999998,ok
268.4,37.059999999999974,268.38,0.01999999999998181,14.209179545687272,21.424569361462154,1.5444143487350186,0.6000000238430633,0.07807632378029927,349078.6437988281,3512.3948088709512,20.904359537127103,37.0,ok
268.5,37.16,268.48,0.01999999999998181,14.210580004543363,21.48455288614776,1.5503661781422875,0.6000000238409275,-0.04454846476435702,348429.38232421875,3522.0824203448847,20.964359408116266,37.10000000000002,ok
268.6,37.26000000000002,268.58,0.020000000000038654,14.212396315704455,21.53831104391243,1.5351220780539558,0.6000000238373708,-0.2730036396465903,347778.5949707031,3531.7519755850885,21.018148240716396,37.19999999999999,ok
268.701,37.36100000000002,268.68,0.021000000000015007,14.215617790922124,21.590456224021843,1.5138501579588233,0.6000000238402093,-0.06153508352024144,347126.28173828125,3541.403432206049,21.07039283575953,37.30000000000001,ok
268.8,37.46000000000001,268.78,0.020000000000038654,14.219304077824296,21.648789076729628,1.5030860601856135,0.6000000238402058,-0.24556884836889187,346472.59521484375,3551.0367499415056,21.128842048039537,37.39999999999998,ok
268.9,37.559999999999974,268.88,0.01999999999998181,14.223965134984608,21.708606215052693,1.4783229353797798,0.6000000238402026,-0.1759657866022382,345160.888671875,3560.6427705510455,21.18884051044494,37.5,ok
269.0,37.66,268.98,0.01999999999998181,14.229803954065888,21.768321183328407,1.4709564210160624,0.6000000238430416,0.043053904780767274,344502.99072265625,3570.2214355426386,21.248840254148003,37.60000000000002,ok
269.1,37.76000000000002,269.08,0.020000000000038654,14.235689228208322,21.833150689769575,1.4771004759265163,0.6000000238430389,0.09487194349471709,343843.68896484375,3579.7818060938507,21.313936347403565,37.69999999999999,ok
269.2,37.859999999999985,269.18,0.01999999999998181,14.241075512460279,21.894187890111045,1.4884199348976008,0.6000000238409045,0.21753440750837352,343183.1359863281,3589.3238453292856,21.375210745675336,37.80000000000001,ok
269.302,37.96200000000002,269.28,0.022000000000048203,14.245445192848319,21.95402719582421,1.509974692409069,0.6000000238394808,0.09494684399959243,341858.1848144531,3598.8383081181823,21.435209384117613,37.89999999999998,ok
269.401,38.06100000000001,269.38,0.021000000000015007,14.248987418384786,22.013922515672284,1.5098465134210741,0.600000023840189,-0.027739066576639097,341193.8171386719,3608.3251414786446,21.495209356629726,38.0,ok
269.5,38.16,269.48,0.01999999999998181,14.252586423033927,22.07381440129015,1.515957777864052,0.6000000238394763,0.05885785930767464,339060.546875,3617.7731187566146,21.555209279940744,38.10000000000002,ok
269.6,38.26000000000002,269.58,0.020000000000038654,14.254837969071685,22.14353538182548,1.5127482215556152,0.6000000238380531,-0.17734150438819232,338391.66259765625,3627.1821772215094,21.624966606339967,38.19999999999999,ok
269.7,38.359999999999985,269.68,0.01999999999998181,14.258373072275857,22.205863286631136,1.5040774379243878,0.6000000238408932,0.060249767608976414,337050.537109375,3636.5633188841093,21.68739468233248,38.30000000000001,ok
269.8,38.46000000000001,269.78,0.020000000000038654,14.262129203059995,22.26574525166151,1.5163013588185428,0.6000000238373387,0.1440622664900593,336378.3264160156,3645.916497544181,21.747394334451194,38.39999999999998,ok
269.9,38.559999999999974,269.88,0.01999999999998181,14.265026639756918,22.325674608117236,1.5348386411964503,0.6000000238387581,0.3071473559128377,335705.1086425781,3655.2509896977745,21.80739369198617,38.5,ok
270.0,38.66,269.98,0.01999999999998181,14.266532799628342,22.385654133510055,1.5599186322811345,0.6000000238373353,0.22608013799196125,335030.7922363281,3664.5667660988724,21.86739212516493,38.60000000000002,ok
270.1,38.76000000000002,270.08,0.020000000000038654,14.264426184788702,22.435155676909364,1.584997546052347,0.6000000238373339,0.21338238269845272,334355.46875,3673.863797501457,21.916938473415797,38.69999999999999,ok
270.2,38.859999999999985,270.18,0.01999999999998181,14.26314471441045,22.49514137046137,1.5983382908990411,0.6000000238415957,-0.014292835923545126,333679.1687011719,3683.1420563549477,21.97693785338964,38.80000000000001,ok
270.3,38.96000000000001,270.28,0.020000000000038654,14.261533309178969,22.555119722589787,1.597201503730535,0.6000000238401733,0.0653905383925519,332323.5778808594,3692.392094501917,22.036937847980145,38.89999999999998,ok
270.4,39.059999999999974,270.38,0.01999999999998181,14.259708972837714,22.615091665563877,1.6093531971641402,0.6000000238373298,0.1554817374728664,331644.3786621094,3701.613871676127,22.096937532539094,39.0,ok
270.5,39.16,270.48,0.01999999999998181,14.257089778854764,22.67503416056074,1.6197682985534583,0.600000023843013,0.07091896046795024,330964.2333984375,3710.816769065859,22.15693722323471,39.10000000000002,ok
270.6,39.26000000000002,270.58,0.020000000000038654,14.255098199476652,22.739113914258613,1.6165874369862405,0.6000000238408802,-0.11364807521150128,330283.14208984375,3720.0007603920817,22.22104791830503,39.19999999999999,ok
270.7,39.359999999999985,270.68,0.01999999999998181,14.252807099702297,22.800088880634924,1.6103712115083386,0.6000000238415897,-0.05588248448582919,328918.3349609375,3729.1563364622334,22.282065912886694,39.30000000000001,ok
270.8,39.46000000000001,270.78,0.020000000000038654,14.250569112940443,22.86004705239588,1.6051815629577741,0.6000000238430098,-0.030054151116434,328234.6496582031,3738.283461248607,22.342065837433836,39.39999999999998,ok
270.9,39.559999999999974,270.88,0.01999999999998181,14.248584202163729,22.920014183588542,1.6001533927969018,0.6000000238394562,-0.15771648440925298,329048.40087890625,3747.412392506069,22.402065809886075,39.5,ok
271.0,39.66,270.98,0.01999999999998181,14.247192914691967,22.9799975280156,1.5869264036172364,0.600000023843008,-0.08573163356977875,328364.3798828125,3756.543125572206,22.462065287296166,39.60000000000002,ok
271.1,39.76000000000002,271.08,0.020000000000038654,14.247543886544221,23.04109231922299,1.5717802942206338,0.6000000238408756,-0.269238667260613,327679.5654296875,3765.6548470348766,22.52316108661098,39.69999999999999,ok
271.2,39.859999999999985,271.18,0.01999999999998181,14.248356388071912,23.101353314420095,1.5506041913601802,0.6000000238394537,-0.12064873233548348,326307.2509765625,3774.737997262743,22.583427559055266,39.80000000000001,ok
271.3,39.96000000000001,271.28,0.020000000000038654,14.249744965142938,23.161337167114752,1.5461924576739463,0.6000000238408741,0.05142867062827229,325619.8425292969,3783.7925402280994,22.643427481808356,39.89999999999998,ok
271.4,40.059999999999974,271.38,0.01999999999998181,14.251024013951358,23.221323332814315,1.5541339947684267,0.6000000238373208,0.050230029680480855,323425.29296875,3792.807055998908,22.70342728215127,40.0,ok
271.5,40.16,271.48,0.01999999999998181,14.25190795819948,23.281316771533234,1.557402525069426,0.6000000238401623,-0.0697967830933478,322735.04638671875,3801.7815051566245,22.76342723254087,40.10000000000002,ok
271.6,40.26000000000002,271.58,0.020000000000038654,14.253008792796983,23.344716565182306,1.5401736584544825,0.6000000238373195,-0.31356516110573207,322044.0368652344,3810.7367702017873,22.826836582573463,40.19999999999999,ok
271.7,40.359999999999985,271.68,0.01999999999998181,14.255569249573247,23.405512520566155,1.5134035553402545,0.6000000238401612,-0.13477080711906858,320659.6984863281,3819.663210970561,22.88768643162782,40.30000000000001,ok
271.8,40.46000000000001,271.78,0.020000000000038654,14.259211488937655,23.465401768349714,1.5101484649916843,0.6000000238401606,0.1205730780139504,319966.4306640625,3828.5607960976467,22.947686330858303,40.39999999999998,ok
271.9,40.559999999999974,271.88,0.01999999999998181,14.262494743604345,23.525311281706866,1.5263087449420518,0.600000023837318,0.1913049402793545,319272.4304199219,3837.439113612704,23.007685743787906,40.5,ok
272.001,40.66099999999997,271.98,0.020999999999958163,14.264699926339006,23.585269833708736,1.5471675289164855,0.6000000238408701,0.3100389732859175,318577.6672363281,3846.2981427468208,23.06768483368979,40.60000000000002,ok
272.1,40.76000000000002,272.08,0.020000000000038654,14.265150026954343,23.62906754282976,1.5882270043815478,0.6000000238408697,0.5622890162822198,317882.2021484375,3855.1378631549396,23.111484855548387,40.69999999999999,ok
272.2,40.859999999999985,272.18,0.01999999999998181,14.26265442611638,23.68495891677096,1.647567600895806,0.600000023843001,0.5759542457929584,317185.97412109375,3863.9582544920186,23.167431917174333,40.80000000000001,ok
272.3,40.96000000000001,272.28,0.020000000000038654,14.25674703454815,23.74466066270685,1.6978021795411937,0.6000000238394478,0.3804154670590695,316489.07470703125,3872.759296836851,23.227425214657753,40.89999999999998,ok
272.4,41.059999999999974,272.38,0.01999999999998181,14.248364249072415,23.804069928406342,1.7265477672095968,0.6000000238415791,0.2729399091672082,316610.7482910156,3881.552349934048,23.287422980810213,41.0,ok
272.5,41.16,272.48,0.01999999999998181,14.238326237291146,23.869945056384477,1.7575475921373571,0.6000000238429999,0.3210675739115877,315912.353515625,3890.3373930146977,23.35405851312336,41.10000000000002,ok
272.6,41.26000000000002,272.58,0.020000000000038654,14.2264331737001,23.930433050854365,1.7873137276267572,0.6000000238394468,0.18532901239191207,315213.2873535156,3899.103026915655,23.41570461954193,41.19999999999999,ok
272.702,41.361999999999995,272.68,0.02199999999999136,14.213134283558153,23.98893991769572,1.8060770118493852,0.6000000238429993,0.23512817224552304,314513.3972167969,3907.8492308680225,23.475703902425977,41.30000000000001,ok
272.8,41.46000000000001,272.78,0.020000000000038654,14.19862341356479,24.047157610453656,1.8254728650529268,0.6000000238408674,0.08263898291836246,315333.1604003906,3916.5970997238137,23.53570277823229,41.39999999999998,ok
272.9,41.559999999999974,272.88,0.01999999999998181,14.183248016997146,24.1051537333464,1.838719631570885,0.6000000238429988,0.15887519078442738,313930.7861328125,3925.336876758999,23.595702387316038,41.5,ok
273.003,41.66299999999998,272.98,0.022999999999967713,14.164047141784094,24.151748183295403,1.8626519074749806,0.6000000238401564,0.24004017688949952,313228.3935546875,3934.0474209213276,23.646097986082175,41.60000000000002,ok
273.1,41.76000000000002,273.08,0.020000000000038654,14.14528003489976,24.20610388006721,1.893727641656047,0.6000000238408667,0.259571686436491,314047.8820800781,3942.759591416252,23.703602299593047,41.69999999999999,ok
273.2,41.859999999999985,273.18,0.01999999999998181,14.125649974641078,24.262800149647077,1.9189660062374767,0.6000000238394454,0.1727346817416315,313344.3603515625,3951.473372561138,23.76360068498826,41.80000000000001,ok
273.3,41.96000000000001,273.28,0.020000000000038654,14.104864119551188,24.319084252750013,1.932108867992235,0.6000000238373135,0.12746501364215398,312640.0146484375,3960.1675999916906,23.823600285269592,41.89999999999998,ok
273.4,42.059999999999974,273.38,0.01999999999998181,14.083405660450644,24.375115548981565,1.9401012022006088,0.6000000238429977,0.018473076076384234,313458.9538574219,3968.8634189987183,23.88360004880544,42.0,ok
273.5,42.16,273.48,0.01999999999998181,14.061681809714534,24.431044697840367,1.9455511276077613,0.6000000238429976,0.1073593891424118,312753.23486328125,3977.56081050873,23.943600010329384,42.10000000000002,ok
273.6,42.26000000000002,273.58,0.020000000000038654,14.041216640113495,24.497514930329146,1.9552067688094426,0.6000000238401552,0.16438967261351567,313571.8078613281,3986.2597694354577,24.013149381095133,42.19999999999999,ok
273.7,42.359999999999985,273.68,0.01999999999998181,14.018731724173579,24.555623165126935,1.976316735101406,0.600000023840155,0.2652342834329156,312156.4025878906,3994.950439025032,24.075456189680875,42.30000000000001,ok
273.8,42.46000000000001,273.78,0.020000000000038654,13.994444720866468,24.610485753182754,2.0060216219709366,0.600000023842997,0.335177678320876,312973.5412597656,4003.632799356247,24.13545420712997,42.39999999999998,ok
273.9,42.559999999999974,273.88,0.01999999999998181,13.968397240945428,24.664533560046575,2.0423708383379653,0.6000000238373125,0.39185157673802634,312263.73291015625,4012.3166503863868,24.195451179028776,42.5,ok
274.0,42.66,273.98,0.01999999999998181,13.940283784226166,24.71753491915092,2.0854462621062546,0.6000000238373124,0.49464878909542875,313079.77294921875,4021.0019768566576,24.25544709985356,42.60000000000002,ok
274.1,42.76000000000002,274.08,0.020000000000038654,13.910140553235465,24.766749288630017,2.1301632044436225,0.600000023840865,0.3134720679408339,312368.0725097656,4029.6887524880294,24.313159044351934,42.69999999999999,ok
274.2,42.859999999999985,274.18,0.01999999999998181,13.877763974100494,24.816591385509412,2.1622018078545655,0.6000000238380228,0.3405312230100198,313182.80029296875,4038.376959054736,24.37259369331883,42.80000000000001,ok
274.301,42.960999999999984,274.28,0.021000000000015007,13.843543550949853,24.865870918333957,2.2043897650250917,0.6000000238429964,0.4591373307739116,313997.00927734375,4047.087789743209,24.432589607479834,42.89999999999998,ok
274.401,43.06100000000001,274.38,0.021000000000015007,13.807230689973466,24.91363005714315,2.242131192724206,0.6000000238394436,0.2662074322762883,313282.1960449219,4055.8000009282428,24.492585934134773,43.0,ok
274.5,43.16,274.48,0.01999999999998181,13.769506708018623,24.960286197959604,2.2593488155590298,0.6000000238429962,0.102909945666038,314094.66552734375,4064.513568450082,24.552585053215093,43.10000000000002,ok
274.6,43.26000000000002,274.58,0.020000000000038654,13.730818284896705,25.01575961587517,2.268208727535535,0.6000000238394434,-0.027504996148604938,314906.25,4073.249692276848,24.62021710315368,43.19999999999999,ok
274.7,43.359999999999985,274.68,0.01999999999998181,13.692277397274529,25.064146477388324,2.263093251890831,0.6000000238373117,-0.0454640425972301,315716.9189453125,4082.0083474010903,24.68207733582216,43.30000000000001,ok
274.801,43.460999999999984,274.78,0.021000000000015007,13.654047426039337,25.11039003489076,2.2603930274177393,0.6000000238401538,0.023400872473643492,314997.1923828125,4090.7682656139777,24.74207731341486,43.39999999999998,ok
274.9,43.559999999999974,274.88,0.01999999999998181,13.61573681143757,25.15656648565406,2.272818391076091,0.6000000238380221,0.23490452189128996,315805.419921875,4099.529413007101,24.802077045049767,43.5,ok
275.0,43.66,274.98,0.01999999999998181,13.576540635823145,25.18790065812669,2.2969151334567446,0.6000000238401537,0.3169908162304623,317335.02197265625,4108.323030255638,24.852258421548836,43.60000000000002,ok
275.1,43.76000000000002,275.08,0.020000000000038654,13.536101699030189,25.22869912590735,2.3306457895073227,0.6000000238401536,0.2794224025760242,318142.15087890625,4117.149102100795,24.909702503769672,43.69999999999999,ok
275.2,43.859999999999985,275.18,0.01999999999998181,13.49436088015342,25.271798574496906,2.3522876825498815,0.6000000238429957,0.1872425055895667,318947.9064941406,4125.997575119867,24.96970132400163,43.80000000000001,ok
275.3,43.96000000000001,275.28,0.020000000000038654,13.451787554040045,25.31407642313626,2.3689797624358624,0.6000000238401535,0.05933991381511568,318222.10693359375,4134.847158639694,25.029700528845762,43.89999999999998,ok
275.4,44.059999999999974,275.38,0.01999999999998181,13.408777805070688,25.35591134563978,2.370569353201952,0.6000000238373112,0.0067280734212314215,319024.59716796875,4143.697807307773,25.089700522573118,44.0,ok
275.5,44.16,275.48,0.01999999999998181,13.365753047674621,25.397730831486584,2.3679485045789295,0.6000000238373112,-0.06727613415084288,320554.5349121094,4152.580850808887,25.14970051545213,44.10000000000002,ok
275.6,44.26000000000002,275.58,0.020000000000038654,13.322900197519376,25.45352622394052,2.3532964885628065,0.6000000238394427,-0.17274553487060545,320624.1455078125,4161.48611025916,25.220053145719355,44.19999999999999,ok
275.7,44.359999999999985,275.68,0.01999999999998181,13.280980775049859,25.496451512325027,2.3258218038765417,0.6000000238394427,-0.40435000874437454,322153.99169921875,4170.413584387038,25.280051632059184,44.30000000000001,ok
275.8,44.46000000000001,275.78,0.020000000000038654,13.240577230687208,25.540803319342075,2.285978753565306,0.6000000238394427,-0.3227585656422666,322950.62255859375,4179.373370696171,25.340047708453746,44.39999999999998,ok
275.9,44.559999999999974,275.88,0.01999999999998181,13.201727406853516,25.58652546337982,2.263930139475928,0.6000000238401532,-0.06730709387460312,322215.6677246094,4188.3340136167735,25.400046235663314,44.5,ok
276.0,44.66,275.98,0.01999999999998181,13.163436058225544,25.632718230839593,2.262183275313334,0.6000000238387321,-0.09411710786492594,323008.0261230469,4197.295453809104,25.46004622854116,44.60000000000002,ok
276.1,44.76000000000002,276.08,0.020000000000038654,13.123978609184151,25.6622326773645,2.256917476906577,0.6000000238429953,-0.05386868290847609,323797.9431152344,4206.278870048522,25.509320895851307,44.69999999999999,ok
276.2,44.859999999999985,276.18,0.01999999999998181,13.085698737109508,25.70448651782277,2.247492401981973,0.600000023840153,-0.23586735028589953,324585.2966308594,4215.284192822775,25.56633611872664,44.80000000000001,ok
276.3,44.96000000000001,276.28,0.020000000000038654,13.04866583198944,25.75169118996612,2.2137450353432846,0.6000000238394425,-0.43459542626181974,325369.873046875,4224.311347957186,25.626333761461943,44.89999999999998,ok
276.4,45.059999999999974,276.38,0.01999999999998181,13.013454421302576,25.800268433235185,2.176957727380264,0.6000000238394425,-0.27402847394943974,324624.20654296875,4233.339043507047,25.686330361417117,45.0,ok
276.5,45.16,276.48,0.01999999999998181,12.979712940904452,25.849880911572612,2.1597838246934877,0.6000000238408636,-0.01843767684027458,326151.67236328125,4242.377597380747,25.74632940729485,45.10000000000002,ok
276.601,45.260999999999996,276.58,0.021000000000015007,12.949494073153133,25.910689707849116,2.1625681560983234,0.6000000238401529,0.23709552157846905,326179.74853515625,4251.437756004333,25.81423293940305,45.19999999999999,ok
276.7,45.359999999999985,276.68,0.01999999999998181,12.91636886191464,25.962837880451957,2.1829497750254365,0.6000000238429951,0.19871670093835092,325427.06298828125,4260.487850608827,25.87601247910197,45.30000000000001,ok
276.8,45.46000000000001,276.78,0.020000000000038654,12.881525578466501,26.01168309440788,2.198378853252508,0.6000000238387319,0.022891762485011777,326197.3876953125,4269.538190201652,25.936011723495938,45.39999999999998,ok
276.9,45.559999999999974,276.88,0.01999999999998181,12.846349712977503,26.060290168827297,2.1913766948853532,0.6000000238394424,-0.1156158974285426,326964.2333984375,4278.609879383511,25.99601163346683,45.5,ok
277.0,45.66,276.98,0.01999999999998181,12.811585486369463,26.109192539103077,2.1900271850913944,0.6000000238387319,0.1246391450258175,326204.0100097656,4287.68166054196,26.056011577385508,45.60000000000002,ok
277.1,45.76000000000002,277.08,0.020000000000038654,12.776056011395845,26.15990706895158,2.2120513591770257,0.6000000238387317,0.21100090852476766,326964.3859863281,4296.75344381968,26.117933359737567,45.69999999999999,ok
277.2,45.859999999999985,277.18,0.01999999999998181,12.739757001606394,26.208273795379124,2.223119586044811,0.6000000238415739,-0.04439268631405577,327720.8251953125,4305.8462939749825,26.178406149792366,45.80000000000001,ok
277.3,45.96000000000001,277.28,0.020000000000038654,12.70351754063293,26.25609279717166,2.2084686134018283,0.6000000238408634,-0.30003531032992725,326952.63671875,4314.938980946008,26.238405778658567,45.89999999999998,ok
277.401,46.06100000000001,277.38,0.021000000000015007,12.668364149035426,26.30471389975983,2.182974324072073,0.600000023842995,-0.11606363597515598,327702.0263671875,4324.031406822203,26.2984038832761,46.0,ok
277.5,46.16,277.48,0.01999999999998181,12.634012536543638,26.353906988066274,2.181596811043664,0.6000000238373107,0.13967149566862067,328447.1435546875,4333.144589737787,26.35840382675867,46.10000000000002,ok
277.601,46.260999999999996,277.58,0.021000000000015007,12.596308238711238,26.40515412400788,2.2110073381271853,0.6000000238422845,0.34406181161858773,329187.8662109375,4342.2784093178625,26.42202680230408,46.19999999999999,ok
277.7,46.359999999999985,277.68,0.01999999999998181,12.559906036892922,26.45284763987143,2.23600306484353,0.6000000238401528,0.23158185098822168,328407.8063964844,4351.4116825485235,26.482025066884386,46.30000000000001,ok
277.8,46.46000000000001,277.78,0.020000000000038654,12.522342867034302,26.49963153092501,2.2685445703218687,0.6000000238408634,0.3611904701650438,329923.9501953125,4360.555179167851,26.54202276843987,46.39999999999998,ok
277.9,46.559999999999974,277.88,0.01999999999998181,12.483156685754569,26.545064018584867,2.3002149264858343,0.6000000238380212,0.18486003462859502,330655.3649902344,4369.729891878764,26.60201999952807,46.5,ok
278.0,46.66,277.98,0.01999999999998181,12.442927803607192,26.58957916956459,2.310387980799157,0.6000000238373105,0.05312401362278635,331381.8664550781,4378.924853426617,26.662019679740343,46.60000000000002,ok
278.1,46.76000000000002,278.08,0.020000000000038654,12.404790040257916,26.63716940372216,2.3123754527624927,0.6000000238394422,0.046462487448592105,330591.552734375,4388.118928693134,26.723005902614513,46.69999999999999,ok
278.2,46.859999999999985,278.18,0.01999999999998181,12.36418036039343,26.68133780760365,2.317041807224737,0.6000000238394422,0.0849653775987824,331309.38720703125,4397.311997303434,26.783005852615613,46.80000000000001,ok
278.3,46.96000000000001,278.28,0.020000000000038654,12.323208154512963,26.72516931021664,2.3346225203898827,0.6000000238415738,0.18099009890236684,332021.9421386719,4406.524932433232,26.843005204912316,46.89999999999998,ok
278.4,47.059999999999974,278.38,0.01999999999998181,12.281477824410059,26.768280135560936,2.3435821132915002,0.6000000238373105,-0.032320982167751915,332729.00390625,4415.757584461636,26.903004902514585,47.0,ok
278.5,47.16,278.48,0.01999999999998181,12.239650875748678,26.811297600165275,2.3380867227453863,0.6000000238373105,-0.1253798896842165,333430.5114746094,4425.009799953039,26.963004868308804,47.10000000000002,ok
278.6,47.26000000000002,278.58,0.020000000000038654,12.196058505891525,26.850436584410772,2.334167739003125,0.6000000238387316,0.05085786622202076,334126.220703125,4434.281421233282,27.021589463532568,47.19999999999999,ok
278.7,47.359999999999985,278.68,0.01999999999998181,12.153823447182315,26.89247566289566,2.3422468842001054,0.6000000238373105,-4.16292612134949e-05,334126.220703125,4443.562705141705,27.0811804385542,47.30000000000001,ok
278.8,47.46000000000001,278.78,0.020000000000038654,12.111944330452888,26.935442301256312,2.3494261396463436,0.6000000238401527,0.21739373847994747,334815.9484863281,4452.853568602666,27.14118037547127,47.39999999999998,ok
278.9,47.559999999999974,278.88,0.01999999999998181,12.069476620337374,26.977826279272644,2.3646197444037464,0.6000000238394422,0.058881283485258194,335499.5422363281,4462.163505973816,27.20117960875757,47.5,ok
279.0,47.66,278.98,0.01999999999998181,12.026513786085099,27.01970877876272,2.3783257518724157,0.6000000238373105,0.11500602813093781,336176.9104003906,4471.492345593773,27.261179182843765,47.60000000000002,ok
279.1,47.76000000000002,279.08,0.020000000000038654,11.98372844041073,27.06677451514791,2.3829255029030203,0.6000000238479687,0.11175932059179752,336847.83935546875,4480.839911562602,27.32478554530819,47.69999999999999,ok
279.2,47.859999999999985,279.18,0.01999999999998181,11.940178554173599,27.109287998204305,2.3945538723662922,0.6000000238373105,0.1320714432459916,337512.1765136719,4490.20602289412,27.38564594978313,47.80000000000001,ok
279.3,47.96000000000001,279.28,0.020000000000038654,11.895967659546494,27.149851097999406,2.4032806413910484,0.6000000238486792,0.03139743873705077,339003.84521484375,4499.602078751457,27.44564568535518,47.89999999999998,ok
279.4,48.059999999999974,279.38,0.01999999999998181,11.85158811126914,27.190229994219415,2.4020978746605257,0.6000000238429949,-0.013775753467933288,338169.677734375,4509.007266570198,27.50564568173225,48.0,ok
279.5,48.16,279.48,0.01999999999998181,11.80728180815814,27.230689248423307,2.4012912186708855,0.6000000238373105,0.02713334025656811,338820.2819824219,4518.4099048996,27.56564567961641,48.10000000000002,ok
279.6,48.26000000000002,279.58,0.020000000000038654,11.763299417886335,27.27190679227953,2.403501983326699,0.6000000238373105,0.03857630774761579,339463.80615234375,4527.830517234802,27.625922844244162,48.19999999999999,ok
279.7,48.359999999999985,279.68,0.01999999999998181,11.719329480974093,27.313228758513628,2.405405623397421,0.6000000238373104,0.01155176345040866,340100.0671386719,4537.268904363846,27.686262385554304,48.30000000000001,ok
279.804,48.46399999999997,279.8,0.003999999999962256,11.66605797725102,27.361762820000983,2.4055110462174554,0.6000000238373104,-0.0070631651826487275,340728.8818359375,4548.616053513423,27.758327690891726,48.420000000000016,ok
279.9,48.559999999999974,279.88,0.01999999999998181,11.630481795161266,27.393986031584827,2.406169941061707,0.6000000238373104,0.013257303611954692,342207.21435546875,4556.204232359993,27.806327691900687,48.5,ok
280.0,48.66,279.98,0.01999999999998181,11.585982132668997,27.434232525762376,2.4062926803532125,0.6000000238373104,0.01887050591326435,342825.50048828125,4565.718575621713,27.86632769402993,48.60000000000002,ok
280.1,48.76000000000002,280.08,0.020000000000038654,11.5400861201569,27.475358705170482,2.4111536691569566,0.6000000238373104,0.019973032798734188,343435.9436035156,4575.249984567429,27.92795404064579,48.69999999999999,ok
280.2,48.859999999999985,280.18,0.01999999999998181,11.495361179512503,27.515354690117885,2.413162677812856,0.6000000238373104,0.021958611577366345,344038.3605957031,4584.79823879242,27.987954033375438,48.80000000000001,ok
280.3,48.96000000000001,280.28,0.020000000000038654,11.450552812004405,27.55525718484325,2.415344096786096,0.6000000238486791,0.020957717730590294,343166.6259765625,4594.342752494809,28.047954024075842,48.89999999999998,ok
280.4,49.059999999999974,280.38,0.01999999999998181,11.405659213050004,27.595063764691343,2.4170199601864186,0.6000000238486791,0.00032486891487502255,344632.62939453125,4603.895519930521,28.107954015961518,49.0,ok
280.5,49.16,280.48,0.01999999999998181,11.360736031147624,27.63483697011312,2.4157619330635787,0.6000000238373104,-0.03814501031424681,345218.5363769531,4613.476786121794,28.16795401714283,49.10000000000002,ok
280.6,49.26000000000002,280.58,0.020000000000038654,11.31597548881103,27.669104176494205,2.4112013867774653,0.6000000238373104,-0.05096760501972498,345795.95947265625,4623.074209675257,28.22432553107877,49.19999999999999,ok
280.7,49.359999999999985,280.68,0.01999999999998181,11.271395149774895,27.707839004034593,2.4015312976007728,0.6000000238373104,-0.19813965808664966,346364.7155761719,4632.687552384271,28.283383074992823,49.30000000000001,ok
280.8,49.46000000000001,280.78,0.020000000000038654,11.228376937576604,27.74785444417781,2.3745617435431035,0.5809315306464422,-0.30901672625986903,347818.6950683594,4642.328988643219,28.342135113515692,49.39999999999998,ok
280.9,49.559999999999974,280.88,0.01999999999998181,11.189849193778441,27.78607322089995,2.3346999544660028,0.5008161648830003,-0.4716694316281961,348374.9694824219,4651.998345095316,28.396403538371345,49.5,ok
281.0,49.66,280.98,0.01999999999998181,11.157355753687035,27.815153781475008,2.2804421151605703,0.46610799911799095,-0.6107821347417217,347475.64697265625,4661.662936990528,28.44000976100451,49.60000000000002,ok
281.1,49.76000000000002,281.08,0.020000000000038654,11.128814582017865,27.848662740529136,2.2130165840803557,0.42540630602336,-0.7520001257552363,348922.18017578125,4671.3351290342525,28.4840262217566,49.69999999999999,ok
281.2,49.859999999999985,281.18,0.01999999999998181,11.105264045101299,27.882353080523053,2.135481012431248,0.3701034721865178,-0.7899795109311875,348017.4560546875,4681.0148462041225,28.525131778533808,49.80000000000001,ok
281.3,49.96000000000001,281.28,0.020000000000038654,11.088138309864648,27.911519187333116,2.0545822417576436,0.30761584011337767,-0.8677656366231822,348550.0183105469,4690.689394459192,28.558954146781048,49.89999999999998,ok
281.401,50.06100000000001,281.38,0.021000000000015007,11.07640048560707,27.935885876132104,1.9723706934222012,0.2585835684077252,-0.8515799629290919,348550.0183105469,4700.371339412265,28.586000626058922,50.0,ok
281.501,50.16099999999997,281.48,0.020999999999958163,11.067143290553421,27.96577227165157,1.8903669889725054,0.19217619361481494,-0.7262645667540193,347636.29150390625,4710.040593715245,28.617287880611013,50.10000000000002,ok
281.6,50.26000000000002,281.58,0.020000000000038654,11.062494677465502,27.98296241518735,1.8196346720334808,0.12080201991022903,-0.6214588513310554,347636.29150390625,4719.6971573681285,28.635095481191158,50.19999999999999,ok
281.705,50.36499999999998,281.68,0.024999999999977263,11.059976175436084,27.993873580221557,1.7572662112181585,0.1031153033853674,-0.5873276284515151,347636.29150390625,4729.353721021017,28.646293533471614,50.30000000000001,ok
281.8,50.46000000000001,281.78,0.020000000000038654,11.058656622644897,28.002322144517393,1.7025672113485775,0.05749003344213579,-0.5053166663591326,346719.05517578125,4738.997545280454,28.65484452512344,50.39999999999998,ok
281.901,50.56100000000001,281.88,0.021000000000015007,11.058462060480949,28.005084084150436,1.6585344259972716,-1.0709348849564926e-08,-0.3235094722966653,346719.05517578125,4748.62863014645,28.65761330914756,50.5,ok
282.0,50.66,281.98,0.01999999999998181,11.058344545721797,28.005034474360297,1.636411195960494,-1.0053028300441302e-08,-0.0683195500712763,346719.05517578125,4758.259715012446,28.657740866389204,50.60000000000002,ok
282.1,50.76000000000002,282.08,0.020000000000038654,11.059642797269408,28.01012443474542,1.6291133405709253,-9.436911743362919e-09,0.00012315221307921575,346719.05517578125,4767.890799878436,28.662993784987755,50.69999999999999,ok
282.2,50.859999999999985,282.18,0.01999999999998181,11.059844571249512,28.011233399267887,1.627719649517153,-8.85855491565557e-09,0.00015450948973325007,346719.05517578125,4777.521884744432,28.66412095624854,50.80000000000001,ok
282.3,50.96000000000001,282.28,0.020000000000038654,11.059761559311417,28.011199862151237,1.6277190506747738,-8.315643646762683e-09,8.443437470404612e-05,346719.05517578125,4787.152969610423,28.664210486802315,50.89999999999998,ok
282.4,51.059999999999974,282.38,0.01999999999998181,11.059688411127253,28.01117030985155,1.627732420598585,-7.806005598853805e-09,-0.00024574091765235475,346719.05517578125,4796.7840544764185,28.664289379103987,51.0,ok
282.501,51.16099999999997,282.48,0.020999999999958163,11.059623954038637,28.011144268865365,1.6277134016189099,-7.327601565451647e-09,0.00013088824001058162,346719.05517578125,4806.4151393424145,28.664358897801,51.10000000000002,ok
282.6,51.26000000000002,282.58,0.020000000000038654,11.059205525547855,28.00570951558805,1.6305296243709844,-6.878517318665428e-09,9.116720073007792e-05,346719.05517578125,4816.046224208405,28.66980973494654,51.19999999999999,ok
282.7,51.359999999999985,282.68,0.01999999999998181,11.059051316773651,28.004302066859,1.6312439119562243,-6.456955947350962e-09,-6.844121217663025e-05,346719.05517578125,4825.677309074401,28.671225606505313,51.30000000000001,ok
282.8,51.46000000000001,282.78,0.020000000000038654,11.059007280539618,28.004284095459028,1.631241411518387,-6.061230665380807e-09,-0.00019714088628754525,346719.05517578125,4835.308393940391,28.67127316868698,51.39999999999998,ok
282.9,51.559999999999974,282.88,0.01999999999998181,11.058968475724997,28.004268259320327,1.631223632650466,-5.6897580653046675e-09,0.0001553180062143219,346719.05517578125,4844.939478806387,28.67131508046249,51.5,ok
283.0,51.66,282.98,0.01999999999998181,11.058934280434825,28.004254304718142,1.6312207386356368,-5.341051781404538e-09,-0.00016988734694640799,346719.05517578125,4854.570563672383,28.67135201349367,51.60000000000002,ok
283.1,51.76000000000002,283.08,0.020000000000038654,11.058904147233426,28.00424200810891,1.6312150143103332,-5.0137165417615814e-09,0.0002893934192766803,346719.05517578125,4864.201648538374,28.671384559098982,51.69999999999999,ok
283.2,51.859999999999985,283.18,0.01999999999998181,11.058877594014314,28.004231172527117,1.631217151183607,-4.706442586783349e-09,0.0001803930435429454,346719.05517578125,4873.83273340437,28.671413238068244,51.80000000000001,ok
283.3,51.96000000000001,283.28,0.020000000000038654,11.058854196355986,28.00422162443447,1.6312117585217871,-4.418000426869434e-09,0.00018196851971414186,346719.05517578125,4883.46381827036,28.67143850893068,51.89999999999998,ok
283.4,52.059999999999974,283.38,0.01999999999998181,11.058833577749482,28.004213210759836,1.6312077343695652,-4.147235924470416e-09,0.00027812125627918883,346719.05517578125,4893.094903136356,28.671460778121393,52.0,ok
283.5,52.16,283.48,0.01999999999998181,11.058815409169695,28.004205796785794,1.6312146396523441,-3.893065674519247e-09,-0.00011831961414392723,346719.05517578125,4902.725988002352,28.671480401176776,52.10000000000002,ok
283.6,52.26000000000002,283.58,0.020000000000038654,11.05879939944813,28.004199263726854,1.6312164641107132,-3.6544726713088477e-09,-5.571827305081646e-05,346719.05517578125,4912.357072868343,28.67149769256318,52.19999999999999,ok
283.7,52.359999999999985,283.68,0.01999999999998181,11.058785291801271,28.004193506898524,1.6312122384411512,-3.430502236879268e-09,4.0752619185648885e-05,346719.05517578125,4921.9881577343385,28.671512929582978,52.30000000000001,ok
283.8,52.46000000000001,283.78,0.020000000000038654,11.058772860374345,28.004188434079957,1.6312200509084958,-3.220258203108159e-09,-0.00013257485932547508,346719.05517578125,4931.619242600329,28.671526356193258,52.39999999999998,ok
283.9,52.559999999999974,283.88,0.01999999999998181,11.058761906036969,28.004183964001015,1.631209758580991,-3.022899324302622e-09,0.000325908723253051,346719.05517578125,4941.250327466325,28.67153818747016,52.5,ok
284.0,52.66,283.98,0.01999999999998181,11.058752253649596,28.004180025067864,1.6312180370028115,-2.8376359129198697e-09,0.0002906985213248776,346719.05517578125,4950.881412332321,28.6715486126213,52.60000000000002,ok
284.1,52.76000000000002,284.08,0.020000000000038654,11.058743748611722,28.004176554176897,1.6312266090982745,-2.6637266773831686e-09,0.0002668368727848545,346719.05517578125,4960.512497198311,28.671557798629866,52.69999999999999,ok
284.2,52.859999999999985,284.18,0.01999999999998181,11.05873625421865,28.004173495693614,1.6312254221230607,-2.5004757587404614e-09,0.0003575139079045472,346719.05517578125,4970.143582064307,28.671565893087692,52.80000000000001,ok
284.288,52.94800000000001,284.28,0.008000000000038199,11.058729650721759,28.004170800637077,1.6312393780101975,-2.3472299440479433e-09,0.0004629294671045337,346719.05517578125,4979.774666930298,28.671573025373505,52.89999999999998,ok
