t_ros_s,t_elapsed_s,tf_stamp_s,tf_age_s,x_map_m,y_map_m,yaw_rad,v_m_s,w_rad_s,dose_rate_uSv_h,exposure_valid_uSv,path_valid_m,covered_s,status
278.2,0.08799999999996544,278.18,0.01999999999998181,11.467938158682351,1.4775184792870315,1.633816705135655,-4.3185687372080533e-10,0.0002623956955455185,231830.74951171875,0.0,0.0,0.0,first_sample
278.3,0.18799999999998818,278.28,0.020000000000038654,11.467937703232819,1.4775178750130382,1.6338311069308424,-4.0538980711820466e-10,0.00011169492587849667,231830.74951171875,6.439743041989992,7.566910435876359e-07,0.0999999999999659,ok
278.4,0.28799999999995407,278.38,0.01999999999998181,11.467937302006913,1.477517342544055,1.633837655312608,-3.8054481871978123e-10,0.00022834184083486117,231830.74951171875,12.879486083983643,1.42340345947948e-06,0.19999999999998863,ok
278.5,0.3879999999999768,278.48,0.01999999999998181,11.467936948496167,1.4775168733442574,1.6338257643405167,-3.5722249672729724e-10,-3.248911542657907e-05,231830.74951171875,19.319229125977294,2.010871158751898e-06,0.30000000000001137,ok
278.601,0.4889999999999759,278.58,0.021000000000015007,11.467936636852365,1.4775164598848871,1.633822566803247,-3.3532952201662317e-10,-3.67095523284268e-05,231830.74951171875,25.758972167967286,2.5286264198650257e-06,0.39999999999997726,ok
278.7,0.5879999999999654,278.68,0.01999999999998181,11.46793636226058,1.4775160955530915,1.6338383449940774,-3.1477829468429946e-10,0.00048036824658460094,231830.74951171875,32.19871520996094,2.9848481917355602e-06,0.5,ok
278.8,0.6879999999999882,278.78,0.020000000000038654,11.467936120431617,1.4775157745188143,1.6338360775868532,-2.954865834707641e-10,0.00010218449113808908,231830.74951171875,38.63845825195093,3.3867738750718006e-06,0.5999999999999659,ok
278.9,0.7879999999999541,278.88,0.01999999999998181,11.467935907285618,1.4775154916257554,1.63383295614672,-2.773771968676234e-10,6.388264584618133e-05,231830.74951171875,45.07820129394458,3.7409767823855394e-06,0.6999999999999886,ok
279.0,0.8879999999999768,278.98,0.01999999999998181,11.467935719467013,1.477515242345391,1.6338400237666983,-2.603776741471383e-10,0.00024036861350014877,231830.74951171875,51.51794433593823,4.053092992277516e-06,0.8000000000000114,ok
279.1,0.9879999999999995,279.08,0.020000000000038654,11.46793555400936,1.4775150226866611,1.6338416609614606,-2.4441999541945786e-10,0.0002869133595790709,231830.74951171875,57.957687377928224,4.328095160480061e-06,0.8999999999999773,ok
279.2,1.0879999999999654,279.18,0.01999999999998181,11.467935408220141,1.4775148291277547,1.6338501865520245,-2.2944030957918957e-10,0.0002758967396814098,231830.74951171875,64.39743041992188,4.570416324686724e-06,1.0,ok
279.3,1.1879999999999882,279.28,0.020000000000038654,11.467935279796333,1.4775146585697032,1.633861300052693,-2.1537867869118443e-10,-6.621968137661503e-05,231830.74951171875,70.83717346191187,4.783917433586428e-06,1.099999999999966,ok
279.4,1.287999999999954,279.38,0.01999999999998181,11.46793516664338,1.4775145082776366,1.633857063268605,-2.021788382327791e-10,-0.0001824602430324565,231830.74951171875,77.27691650390553,4.972043178227701e-06,1.1999999999999886,ok
279.501,1.3889999999999532,279.48,0.020999999999958163,11.46793506692661,1.4775143758423284,1.6338486075523715,-1.8978797194566226e-10,9.699060246107038e-05,231830.74951171875,83.71665954589918,5.1378217808510275e-06,1.3000000000000114,ok
279.6,1.4879999999999995,279.58,0.020000000000038654,11.467934979019283,1.4775142591401758,1.6338356368862266,-1.7815650051131865e-10,-0.00029009273932216993,231830.74951171875,90.15640258788918,5.283928216972474e-06,1.3999999999999773,ok
279.7,1.5879999999999654,279.68,0.01999999999998181,11.467934901501712,1.4775141563007672,1.6338241932232032,-1.6723788312847897e-10,-0.00046579764947155846,231830.74951171875,96.59614562988283,5.41271066052744e-06,1.5,ok
279.8,1.6879999999999882,279.78,0.020000000000038654,11.467934833158909,1.4775140656781993,1.6338344588150362,-1.5698843138271194e-10,-0.00018438078812251695,231830.74951171875,103.03588867187281,5.526214795212385e-06,1.599999999999966,ok
279.9,1.787999999999954,279.88,0.01999999999998181,11.46793477297404,1.4775139858255266,1.6338220138524129,-1.4736713432395628e-10,-0.00023415724719759066,231830.74951171875,109.47563171386646,5.626208133742977e-06,1.6999999999999886,ok
280.0,1.8879999999999768,279.98,0.01999999999998181,11.467934719872192,1.4775139154564352,1.6338128605998206,-1.383354944538371e-10,-4.389446674547148e-05,231830.74951171875,115.91537475586011,5.714364899327067e-06,1.8000000000000114,ok
280.1,1.9879999999999995,280.08,0.020000000000038654,11.467934673073906,1.477513853448032,1.6338193661782083,-1.298573736469846e-10,-2.349196687106186e-05,231830.74951171875,122.35511779785011,5.792050944647876e-06,1.8999999999999773,ok
280.201,2.0889999999999986,280.18,0.021000000000015007,11.467934631839185,1.4775137988074898,1.6338010805930305,-1.2189884858622695e-10,5.537919115320499e-07,231830.74951171875,128.79486083984378,5.860504513153781e-06,2.0,ok
280.3,2.187999999999988,280.28,0.020000000000038654,11.467934595461221,1.477513750656493,1.6337935207888719,-1.1442807495271566e-10,0.0005450660983523261,231830.74951171875,135.23460388183378,5.920852460379411e-06,2.099999999999966,ok
280.4,2.287999999999954,280.38,0.01999999999998181,11.46793456342288,1.4775137082277532,1.6338014180073317,-1.0741516010670917e-10,5.643392083980555e-05,231830.74951171875,141.67434692382744,5.974018740183717e-06,2.1999999999999886,ok
280.5,2.387999999999977,280.48,0.01999999999998181,11.467934535183414,1.477513670839782,1.6337962149589627,-1.0083204341198183e-10,3.242777440619292e-05,231830.74951171875,148.1140899658211,6.020873065712206e-06,2.3000000000000114,ok
280.605,2.492999999999995,280.56,0.045000000000015916,11.467934515021671,1.4775136441538035,1.6338098491805637,-9.585724857781976e-11,-0.00015048706643919083,231830.74951171875,153.26588439941384,6.054319101517351e-06,2.3799999999999955,ok
280.7,2.5879999999999654,280.68,0.01999999999998181,11.467815337125652,1.4792739270746642,1.6323393569120628,0.0829999219240043,-0.10598582642864324,231830.74951171875,160.99357604980474,0.0017703670273178304,2.5,ok
280.8,2.687999999999988,280.78,0.020000000000038654,11.466798042177489,1.4975238326752114,1.6125476235211162,0.282999926706361,-0.3324708779660098,231830.74951171875,167.43331909179474,0.02004860390729181,2.599999999999966,ok
280.9,2.787999999999954,280.88,0.01999999999998181,11.465934093906105,1.528828635086898,1.574454892366608,0.32551328085580666,-0.5098112260208446,234251.0528564453,173.9066774580207,0.051365325649044564,2.6999999999999886,ok
281.0,2.887999999999977,280.98,0.01999999999998181,11.466613312953033,1.565798780295316,1.5151633202803583,0.39400104547251014,-0.7407391395714653,236673.3856201172,180.44729465908557,0.08834170966973018,2.8000000000000114,ok
281.1,2.9879999999999995,281.08,0.020000000000038654,11.470564352225464,1.612380336412938,1.4331044612271058,0.5650009690967462,-0.9552359172592493,239097.27478027344,187.05522049797764,0.1350905287101239,2.8999999999999773,ok
281.2,3.0879999999999654,281.18,0.01999999999998181,11.481095051857677,1.6708544070668236,1.3276226734342729,0.5999433199312637,-1.1979172604330013,241522.24731445312,193.7304916381837,0.19450527918153027,3.0,ok
281.3,3.187999999999988,281.28,0.020000000000038654,11.49849601614245,1.7282548656748848,1.1993406053680666,0.6000000354340108,-1.4158060960877437,243947.81494140625,200.47313139173502,0.254485327584776,3.099999999999966,ok
281.4,3.287999999999954,281.38,0.01999999999998181,11.523572146769096,1.7827403159251674,1.0533032293073015,0.600000034732887,-1.4154722377928877,244882.8125,207.2624456617561,0.31446429570011303,3.1999999999999886,ok
281.5,3.387999999999977,281.48,0.01999999999998181,11.556175721603179,1.8331093495476714,0.9211091826082087,0.6000000340682369,-1.1855780602116186,245786.97204589844,214.07730378045068,0.3744645676997178,3.3000000000000114,ok
281.601,3.488999999999976,281.58,0.021000000000015007,11.594742176911192,1.879104616462402,0.8109469944523866,0.6000000334416531,-0.9827349260355023,248185.28747558594,220.93802960713563,0.4344890298262731,3.3999999999999773,ok
281.7,3.5879999999999654,281.68,0.01999999999998181,11.637817511841286,1.920931228376272,0.7197830230020733,0.6000000328520493,-0.7894038444218293,249044.40307617188,227.84399753146718,0.49453026518609317,3.5,ok
281.8,3.687999999999988,281.78,0.020000000000038654,11.684211715510651,1.9590624068963758,0.6502276042633578,0.60000003229423,-0.6063650298093322,249872.4365234375,234.7733980814594,0.5545836490162035,3.599999999999966,ok
281.9,3.787999999999954,281.88,0.01999999999998181,11.732887823081578,1.9942435119677118,0.5997929148254847,0.6000000317816181,-0.3510079870819731,248314.80407714844,241.69266531202464,0.6146425667744916,3.6999999999999886,ok
282.0,3.887999999999977,281.98,0.01999999999998181,11.784904953345633,2.031901349272232,0.5697598688229447,0.6000000312894019,-0.26954529181417775,249096.1456298828,248.60115072462386,0.6788601231851911,3.8000000000000114,ok
282.1,3.9879999999999995,282.08,0.020000000000038654,11.836437783188826,2.0646153201178854,0.5329841015206331,0.6000000308326882,-0.3580060145297643,249847.0916748047,255.53091790940883,0.7398997532638356,3.8999999999999773,ok
282.2,4.087999999999965,282.18,0.01999999999998181,11.888581082198561,2.0944046663475633,0.5069695894783647,0.6000000304096491,-0.1250540464241655,248256.60705566406,262.44902483622246,0.7999524699418534,4.0,ok
282.3,4.187999999999988,282.28,0.020000000000038654,11.941212138386144,2.1233169622028054,0.5008179308137627,0.6000000300072008,-0.11961897343254013,248962.92114257812,269.35485161675126,0.8600020238706005,4.099999999999966,ok
282.4,4.287999999999954,282.38,0.01999999999998181,11.991057762367365,2.1469269564975795,0.491983283448796,0.6000000296237329,0.022574433174132318,247356.91833496094,276.24818272060753,0.9151565165314582,4.199999999999989,ok
282.5,4.387999999999977,282.48,0.01999999999998181,12.043186498046454,2.174137273005919,0.5032652011140972,0.6000000292705234,0.25423026686687744,248020.12634277344,283.1284194522443,0.9739596321630669,4.300000000000011,ok
282.6,4.4879999999999995,282.58,0.020000000000038654,12.09545747023666,2.2036575005847365,0.5376668611786606,0.600000028936206,0.4935260521332842,248654.52575683594,290.026678509181,1.0339904440017755,4.399999999999977,ok
282.7,4.587999999999965,282.68,0.01999999999998181,12.14643370352834,2.2353441552047433,0.5821585060426554,0.6000000286237116,0.33362400682114096,247021.98791503906,296.91107453240306,1.0940122770428893,4.5,ok
282.8,4.687999999999988,282.78,0.020000000000038654,12.19614466350715,2.268977163428002,0.6148921976072064,0.6000000283360535,0.25173744183219127,247615.66162109375,303.78104188706925,1.1540319303587878,4.599999999999966,ok
282.9,4.787999999999954,282.88,0.01999999999998181,12.244902833862742,2.3039741534331366,0.6337222302463799,0.6000000280606889,0.24667070504201977,248181.61010742188,310.66711510552244,1.214049831736997,4.699999999999989,ok
283.0,4.887999999999977,282.98,0.01999999999998181,12.290748046317955,2.3476814732478397,0.6680269394081977,0.6000000277993583,0.18005249979289262,246526.42822265625,317.5380600823306,1.2773910766762016,4.800000000000011,ok
283.1,4.9879999999999995,283.08,0.020000000000038654,12.337682412283755,2.385081380444107,0.6758250384744546,0.6000000275552907,-0.07497209037933625,247054.18395996094,324.39334636264243,1.337404306608451,4.899999999999977,ok
283.2,5.087999999999965,283.18,0.01999999999998181,12.384658440138622,2.4224264783209497,0.6668297499746795,0.6000000273260941,-0.0730744359052043,247555.419921875,331.26292419433616,1.397416001539125,5.0,ok
283.3,5.187999999999988,283.28,0.020000000000038654,12.43193489227495,2.4593886152064957,0.6593090765311804,0.6000000271122782,-0.07628512001932401,248030.517578125,338.14606221516715,1.4574265213647721,5.099999999999966,ok
283.4,5.287999999999954,283.38,0.01999999999998181,12.479436861683157,2.496058744444625,0.6598384511807586,0.6000000269115664,0.15367931152254075,246347.3358154297,345.0124212900792,1.5174359829187574,5.199999999999989,ok
283.5,5.387999999999977,283.48,0.01999999999998181,12.524487742566293,2.5395751279824177,0.6743379325877547,0.6000000267231554,-0.06653097334428533,246787.8875732422,351.86152161492345,1.5800718951780583,5.300000000000011,ok
283.6,5.4879999999999995,283.58,0.020000000000038654,12.570829574319426,2.578527683962159,0.6641357661013625,0.6000000265477128,-0.10006786910955448,247203.6590576172,358.7225153181275,1.6406100400752262,5.399999999999977,ok
283.7,5.587999999999965,283.68,0.01999999999998181,12.618194804447704,2.6153693552338684,0.658497974338144,0.6000000263845305,0.028546470763045506,247595.15380859375,365.59472105238194,1.700616487788763,5.5,ok
283.801,5.6889999999999645,283.78,0.021000000000015007,12.665564438512355,2.652204003504723,0.6661920806006812,0.6000000262272601,0.027806436800696027,247962.8448486328,372.47747103372996,1.7606221003983893,5.599999999999966,ok
283.901,5.788999999999987,283.88,0.021000000000015007,12.712759399269398,2.689261228554906,0.6618786918620415,0.6000000260795412,-0.16821738683613122,246252.09045410156,379.3415673573806,1.820627118932498,5.699999999999989,ok
284.0,5.887999999999977,283.98,0.01999999999998181,12.76245211301884,2.720198039463715,0.6384465073039477,0.6000000259407883,-0.1776541977407309,246590.07263183594,386.1865974002424,1.8791630230340954,5.800000000000011,ok
284.1,5.9879999999999995,284.08,0.020000000000038654,12.81138214171958,2.75415694964498,0.6243253068345805,0.6000000258104521,0.00876908171392917,246905.79223632812,393.0407066345201,1.9387227014193458,5.899999999999977,ok
284.2,6.087999999999965,284.18,0.01999999999998181,12.859986642271224,2.7893424313556574,0.6354150582951802,0.6000000256965432,0.2642373939966838,245188.56811523438,399.8753505282934,1.9987261646284569,6.0,ok
284.3,6.187999999999988,284.28,0.020000000000038654,12.907826508412006,2.82555543031158,0.6713609681328591,0.6000000255801032,0.3818739993700482,245477.60009765625,406.69015842013675,2.058726448675698,6.099999999999966,ok
284.4,6.287999999999954,284.38,0.01999999999998181,12.954307064582387,2.8634973757476856,0.701124344914887,0.6000000254706253,0.2508568749720335,245745.9716796875,413.51270802815696,2.118726726386592,6.199999999999989,ok
284.501,6.388999999999953,284.48,0.020999999999958163,12.999765377531617,2.902658906788024,0.7255322273951618,0.6000000253705249,0.16641872036058522,247724.67041015625,420.36646694607305,2.1787274241293138,6.300000000000011,ok
284.6,6.4879999999999995,284.58,0.020000000000038654,13.044455854609515,2.9426958418185167,0.73751759354917,0.6000000252765593,0.16573381091355516,245994.20166015625,427.2236735026028,2.2387290483413804,6.399999999999977,ok
284.701,6.588999999999999,284.68,0.021000000000015007,13.088595945908397,2.983337856994364,0.75540072306837,0.6000000251897736,0.27571463431531085,246222.86987304688,434.0600217183433,2.298730057144795,6.5,ok
284.8,6.687999999999988,284.78,0.020000000000038654,13.131743934130519,3.0250283190249974,0.7892603448998741,0.6000000251055516,0.34631822575002585,246432.55615234375,440.90245819091587,2.3587287530634904,6.599999999999966,ok
284.9,6.787999999999954,284.88,0.01999999999998181,13.173403713195267,3.068205412507276,0.8263457922869356,0.6000000250278253,0.45183394510013647,246623.84033203125,447.7504636976449,2.418727074650857,6.699999999999989,ok
285.0,6.887999999999977,284.96,0.040000000000020464,13.20476661663748,3.107004758775516,0.8661774404206505,0.6000000249619681,0.6034751006719827,246797.34802246094,453.232921346027,2.468617163678322,6.779999999999973,ok
285.1,6.9879999999999995,285.08,0.020000000000038654,13.249202444910196,3.1652893958839283,0.9383985288777538,0.6000000248877927,0.561804383264186,248695.66345214844,461.49113820393745,2.541908648566688,6.899999999999977,ok
285.2,7.087999999999965,285.18,0.01999999999998181,13.283664986277513,3.2143995369281457,0.9843783955781639,0.6000000248220781,0.3069408993552293,248836.1053466797,468.4013016594783,2.6019042543297517,7.0,ok
285.3,7.187999999999988,285.28,0.020000000000038654,13.316351308398822,3.2647145699487368,1.004838196852939,0.6000000247617251,0.05111118009785946,248960.09826660156,475.3151378207715,2.6619042393437593,7.099999999999966,ok
285.4,7.287999999999954,285.38,0.01999999999998181,13.348511543288058,3.3153688631145584,1.0038053549163157,0.6000000247050707,0.05063238262308233,250820.20568847656,482.2565309312603,2.7219053903682178,7.199999999999989,ok
285.5,7.387999999999977,285.48,0.01999999999998181,13.380528177704479,3.3661134258167005,1.0190982223873328,0.6000000246518886,0.306598176539946,250912.62817382812,489.22504251268276,2.7819060197248033,7.300000000000011,ok
285.602,7.489999999999952,285.58,0.02199999999999136,13.411320466245034,3.4176077340799615,1.0503736158545487,0.6000000246019659,0.3014667037480513,250989.97497558594,496.1959120008667,2.8419045931834828,7.399999999999977,ok
285.7,7.587999999999965,285.68,0.01999999999998181,13.440491468810789,3.4700373349049913,1.085382720910276,0.6000000245551027,0.4325455343370945,252811.75231933594,503.19315821329775,2.9019030134407133,7.5,ok
285.8,7.687999999999988,285.78,0.020000000000038654,13.46762457337436,3.523548838463485,1.1239337213075504,0.6000000245139537,0.3453012602489403,252859.19189453125,510.2163657718213,2.9619003998533597,7.599999999999966,ok
285.9,7.787999999999954,285.88,0.01999999999998181,13.492910122559993,3.5779598035552036,1.148256121795187,0.6000000244755009,0.09000115978060774,254658.05053710938,517.2652163611513,3.0218996675141505,7.699999999999989,ok
286.0,7.887999999999977,285.98,0.01999999999998181,13.515086223084303,3.63785921292021,1.1546192266302804,0.6000000244381578,-0.0860756742920781,254676.54418945312,524.3393079545773,3.0857723430236432,7.800000000000011,ok
286.1,7.9879999999999995,286.08,0.020000000000038654,13.539624331634906,3.6926124380527896,1.1406998963818236,0.6000000243932428,-0.0815278861345261,256452.2705078125,531.4383192698147,3.1457726299701245,7.899999999999977,ok
286.2,8.087999999999965,286.18,0.01999999999998181,13.564812097384586,3.747070152785175,1.134495909042088,0.6000000243605056,0.043789490365617474,256442.81005859375,538.5618620554608,3.205773181945374,8.0,ok
286.3,8.187999999999988,286.28,0.020000000000038654,13.590033504732217,3.8015122599317404,1.1381496200293921,0.6000000243284407,-0.04878724612093789,259939.60571289062,545.7338400522844,3.26577370210273,8.099999999999966,ok
286.4,8.287999999999954,286.38,0.01999999999998181,13.616653890871282,3.849913334743228,1.1388514576421669,0.600000024298341,0.18378230865791056,258158.935546875,552.9296531253384,3.3210123570564867,8.199999999999989,ok
286.5,8.387999999999977,286.48,0.01999999999998181,13.641758918906499,3.9030455792611827,1.1553544408434282,0.6000000242700859,0.16063997552538306,261608.94775390625,560.1486515045176,3.379777124053087,8.300000000000011,ok
286.6,8.488,286.58,0.020000000000038654,13.6657014330892,3.958061753961979,1.163062255633817,0.6000000242449837,-0.05611157587811793,261531.92138671875,567.414496909246,3.4397773195869137,8.399999999999977,ok
286.7,8.587999999999965,286.68,0.01999999999998181,13.689615078592407,4.013090636104294,1.1574699996861437,0.600000024222928,-0.014913142650624572,263229.1564941406,574.7028452131485,3.4997776555116884,8.5,ok
286.8,8.687999999999988,286.78,0.020000000000038654,13.713633615624747,4.068073719126409,1.1656877688670917,0.6000000241952927,0.11929565247957066,263127.685546875,582.0133569081602,3.559777901676106,8.599999999999966,ok
286.9,8.787999999999954,286.88,0.01999999999998181,13.73845004658351,4.122506260384622,1.1761121514425057,0.6000000241733533,0.1657421796018291,264801.4831542969,589.345706473456,3.619600613026881,8.699999999999989,ok
287.002,8.889999999999986,286.98,0.02199999999999136,13.761536088273811,4.177817053101036,1.190449981499888,0.6000000241584427,0.050808110165499944,264676.7578125,596.6995709313298,3.6795359874884155,8.800000000000011,ok
287.122,9.009999999999991,287.08,0.04200000000003001,13.7836779543843,4.233582268786305,1.1978399318397341,0.6000000241410722,0.09800377413471692,266327.2399902344,604.0746264563653,3.7395361667821434,8.899999999999977,ok
287.201,9.088999999999999,287.18,0.021000000000015007,13.805295987509291,4.289552369747684,1.211796052015707,0.6000000241152776,0.26925319463129077,266180.48095703125,611.470567025079,3.799536096430603,9.0,ok
287.3,9.187999999999988,287.28,0.020000000000038654,13.825652614316729,4.345990755152171,1.2489185005089012,0.600000024099663,0.48918765669499775,267807.7697753906,618.8870705074713,3.8595334597230235,9.099999999999966,ok
287.4,9.287999999999954,287.38,0.01999999999998181,13.84362298904699,4.403232263030825,1.2900325061538487,0.6000000240879347,0.3350284466723544,271033.9660644531,626.3709835052487,3.9195294978602875,9.199999999999989,ok
287.5,9.387999999999977,287.48,0.01999999999998181,13.851467656652877,4.466004665720503,1.3144181725148005,0.6000000240672388,0.2380311051357659,270839.3859863281,633.8970022837334,3.9827901756094386,9.300000000000011,ok
287.6,9.488,287.58,0.020000000000038654,13.863977997959983,4.525448181550765,1.347193791381549,0.6000000240545683,0.32979562459158895,272424.560546875,641.4423348744698,4.043535876806173,9.399999999999977,ok
287.7,9.587999999999965,287.68,0.01999999999998181,13.876628126396662,4.584098173419192,1.3703721268147242,0.6000000240399194,0.14618491879604373,273999.8779296875,649.031563186646,4.103534604256271,9.5,ok
287.8,9.687999999999988,287.78,0.020000000000038654,13.888199559072905,4.642971367698102,1.389443183509621,0.6000000240317653,0.32293415395022695,275565.2160644531,656.6644117143398,4.163534196411411,9.599999999999966,ok
287.9,9.787999999999954,287.88,0.01999999999998181,13.901990751152281,4.69759297547344,1.4336992133386681,0.6000000240158458,0.47592128490333874,275325.86669921875,664.315676752726,4.2198699489574905,9.699999999999989,ok
288.0,9.887999999999977,287.98,0.01999999999998181,13.909986089173524,4.75603060668822,1.4778504789800206,0.6000000240105884,0.3049726802662466,278400.4211425781,672.0063196394193,4.278851998532497,9.800000000000011,ok
288.1,9.988,288.08,0.020000000000038654,13.914947180713058,4.815824175941562,1.4981058658531048,0.600000023997475,0.04923417687084073,279922.30224609375,679.7608019087038,4.338851026468938,9.899999999999977,ok
288.201,10.088999999999999,288.16,0.04099999999999682,13.918410624018184,4.863699276650222,1.4959112172766342,0.6000000239892543,-0.2067102780247072,281433.8073730469,685.9980920155863,4.386851242170455,9.980000000000018,ok
288.3,10.187999999999988,288.28,0.020000000000038654,13.924597670215094,4.935430380057846,1.4619501558642511,0.6000000239873089,-0.42084760555521344,282934.75341796875,695.4042346954325,4.458848677796441,10.099999999999966,ok
288.4,10.287999999999954,288.38,0.01999999999998181,13.932117183136477,4.994953214617907,1.4203954083600199,0.6000000239688651,-0.3437328107798772,284425.0183105469,703.284231524997,4.51884460189666,10.199999999999989,ok
288.501,10.388999999999953,288.48,0.020999999999958163,13.941800592388194,5.0541650297494805,1.395535009145511,0.6000000239594686,-0.1739269527764905,287373.22998046875,711.2258738623741,4.578842997424473,10.300000000000011,ok
288.6,10.488,288.58,0.020000000000038654,13.95267319223125,5.113171065206065,1.377608541906991,0.6000000239605084,-0.23266988540907957,287032.71484375,719.2037342071523,4.6388423778183645,10.399999999999977,ok
288.7,10.587999999999965,288.68,0.01999999999998181,13.964746066933479,5.171942595366942,1.3525539388643992,0.6000000239449541,-0.29405869053926265,288478.8818359375,727.1969508277053,4.6988411033133834,10.5,ok
288.8,10.687999999999988,288.78,0.020000000000038654,13.978382504877347,5.230370815228441,1.328801679017937,0.600000023939778,-0.11135282095321927,289914.1540527344,735.2301874372674,4.758839514258846,10.599999999999966,ok
288.9,10.787999999999954,288.88,0.01999999999998181,13.993046278338964,5.28855097029095,1.3138895812484714,0.6000000239321641,-0.20717879017531632,291338.43994140625,743.3031401316323,4.818839153384688,10.699999999999989,ok
289.0,10.887999999999977,288.98,0.01999999999998181,14.007978361673933,5.348750027015043,1.286364532484789,0.6000000239263509,-0.3091132659935162,290963.68408203125,751.3906696319597,4.880862484020772,10.800000000000011,ok
289.1,10.988,289.08,0.020000000000038654,14.025362300433862,5.406676005469029,1.2524255231011563,0.6000000239208939,-0.3577518426816091,293757.6599121094,759.5117994096533,4.941340747113065,10.899999999999977,ok
289.2,11.087999999999965,289.18,0.01999999999998181,14.044871505608981,5.463413434150422,1.2250457981476977,0.6000000239186135,-0.15600734743794106,295138.12255859375,767.6909074995261,5.00133862124158,11.0,ok
289.3,11.187999999999988,289.28,0.020000000000038654,14.065616864717615,5.519712006100892,1.2059208519720157,0.6000000239166471,-0.1666935237522274,294733.0017089844,775.8835620032397,5.0613377806374285,11.099999999999966,ok
289.4,11.287999999999954,289.38,0.01999999999998181,14.08780417134929,5.575459905578168,1.1979440485678388,0.6000000239064488,0.06552294330259695,296092.46826171875,784.0894713083902,5.1213386545618675,11.199999999999989,ok
289.5,11.387999999999977,289.48,0.01999999999998181,14.109650625056515,5.631339641917807,1.2059104691061149,0.6000000239078959,0.1830236693891027,295679.62646484375,792.3085281795943,5.181337091816261,11.300000000000011,ok
289.6,11.488,289.58,0.020000000000038654,14.13053500083195,5.687585969914695,1.2344366387784438,0.6000000239039184,0.4245998831780475,297018.6767578125,800.540449057684,5.241335479833467,11.399999999999977,ok
289.7,11.587999999999965,289.68,0.01999999999998181,14.149340865833564,5.7445575532988205,1.2815720929600618,0.6000000238945002,0.5987716675724822,298346.8933105469,808.8094153086353,5.3013306619046405,11.5,ok
289.8,11.687999999999988,289.78,0.020000000000038654,14.164903623728144,5.801706583153137,1.336396330495449,0.6000000047101762,0.4173592591528076,299227.2644042969,817.1090563880052,5.360560815091804,11.599999999999966,ok
289.9,11.787999999999954,289.88,0.01999999999998181,14.177982064447978,5.860261010687539,1.369338605546612,0.6000000239016601,0.33591229612039636,300525.08544921875,825.4389501359726,5.420558036657005,11.699999999999989,ok
290.0,11.887999999999977,289.98,0.01999999999998181,14.190786524949882,5.918507433863213,1.4040878335717242,0.6000000239064169,0.3481641085311726,301812.19482421875,833.8047456953278,5.480195273527139,11.800000000000011,ok
290.1,11.988,290.08,0.020000000000038654,14.200366219088124,5.977614274626603,1.436567241012184,0.6000000238915097,0.29362967807793733,301362.85400390625,842.182176929049,5.540073392776252,11.899999999999977,ok
290.2,12.087999999999965,290.18,0.01999999999998181,14.207697635413636,6.0371626415814355,1.4657436141929279,0.6000000238881881,0.28906467921986995,302631.2561035156,850.5709840138762,5.600071373344979,12.0,ok
290.31,12.197999999999979,290.26,0.05000000000001137,14.212317536723061,6.084938828690055,1.4886836061397906,0.6000000238850699,0.2843752557694918,303889.0686035156,857.3100987328419,5.648070410238928,12.079999999999984,ok
290.4,12.287999999999954,290.38,0.01999999999998181,14.217287282493674,6.156764661760141,1.5146333543418764,0.6000000238878272,0.09302070389633614,306372.9248046875,867.4811319563123,5.720067970400619,12.199999999999989,ok
290.5,12.387999999999977,290.48,0.01999999999998181,14.217956035939185,6.2169483647278945,1.5352028742794437,0.6000000238836586,0.11884269927913693,307598.93798828125,876.00851893955,5.780255388804149,12.300000000000011,ok
290.6,12.488,290.58,0.020000000000038654,14.216199123653885,6.277111844570474,1.555524788414057,0.6000000238768161,0.2787915536163048,308814.39208984375,884.5698151906321,5.840444516124179,12.399999999999977,ok
290.7,12.587999999999965,290.68,0.01999999999998181,14.215539238403894,6.3371283455218235,1.5870881254460116,0.600000023875816,0.2258487718487159,310019.2565917969,893.164726977879,5.9004646447060685,12.5,ok
290.8,12.687999999999988,290.78,0.020000000000038654,14.213938341189762,6.397105130967922,1.6174492522937873,0.6000000238721221,0.37382393204599385,311213.5009765625,901.7929597218811,5.960462791880273,12.599999999999966,ok
290.9,12.787999999999954,290.88,0.01999999999998181,14.210291640793686,6.4561648353204015,1.644259920559494,0.5450001025539661,0.10639835578301962,313570.4345703125,910.4705143822563,6.019634973705697,12.699999999999989,ok
291.0,12.887999999999977,290.98,0.01999999999998181,14.207074779622523,6.500951080807351,1.644826305577343,0.4888296636206788,-0.12320909506536132,314733.09326171875,919.1969522688142,6.064536599295556,12.800000000000011,ok
291.1,12.988,291.08,0.020000000000038654,14.204199687986002,6.5542619000769555,1.6259891215466111,0.6000000241070164,-0.16015515480214676,315885.2844238281,927.9555408477772,6.1179248901758125,12.899999999999977,ok
291.2,13.087999999999965,291.18,0.01999999999998181,14.202033108358064,6.610816748847307,1.6042346082988899,0.6000000240961714,-0.34077196211221855,317026.9775390625,936.7459889305972,6.174521223862028,13.0,ok
291.3,13.187999999999988,291.28,0.020000000000038654,14.201122207906414,6.670127726596448,1.5597709867817704,0.6000000240792339,-0.5559062747398678,318158.26416015625,945.5680061764166,6.233839196022175,13.099999999999966,ok
291.4,13.287999999999954,291.38,0.01999999999998181,14.202994335194989,6.730093098787988,1.5132741816045705,0.6000000240604053,-0.44332395934914215,319279.1748046875,954.4213039398192,6.293833785133648,13.199999999999989,ok
291.5,13.387999999999977,291.48,0.01999999999998181,14.206656493514982,6.7955204390551405,1.4683041446506377,0.6000000240467326,-0.5433373984423981,320389.70947265625,963.3055939992287,6.359363536071634,13.300000000000011,ok
291.6,13.488,291.58,0.020000000000038654,14.212874856180411,6.862049121456259,1.4163895947760123,0.6000000240338977,-0.5262600870536658,322579.89501953125,972.2357273949505,6.426182198257192,13.399999999999977,ok
291.7,13.587999999999965,291.68,0.01999999999998181,14.223072279609275,6.9225234807086045,1.3663503659261027,0.6000000240261129,-0.3934596545859541,323659.6374511719,981.2112764570456,6.487510295990361,13.5,ok
291.8,13.687999999999988,291.78,0.020000000000038654,14.236057158760072,6.981099165987087,1.3372164646312887,0.6000000240119608,-0.13792507537167287,324729.18701171875,990.2166767968049,6.5475079458810415,13.599999999999966,ok
291.9,13.787999999999954,291.88,0.01999999999998181,14.250147855020641,7.039421103867595,1.3336467779051995,0.6000000240041864,0.11799115191463624,324167.724609375,999.2291339026555,6.607507913874746,13.699999999999989,ok
292.0,13.887999999999977,291.98,0.01999999999998181,14.265847598814128,7.09237147949827,1.3517359158891349,0.6000000239927993,0.22489764855553035,325223.3581542969,1008.2484544965974,6.662736749048147,13.800000000000011,ok
292.1,13.988,292.08,0.020000000000038654,14.280890906170974,7.144087884357281,1.3725637296411848,0.6000000239848652,0.3566254114111567,326269.10400390625,1017.2969609154583,6.716596637905938,13.899999999999977,ok
292.2,14.087999999999965,292.18,0.01999999999998181,14.292271607492651,7.20168074847979,1.4177312808563238,0.6000000239746622,0.608832307612245,328331.23779296875,1026.388632329306,6.775303182348675,14.0,ok
292.304,14.19199999999995,292.28,0.02400000000000091,14.299915304297242,7.261182080106029,1.4794536822702273,0.6000000239635764,0.5052043240093227,329347.7783203125,1035.523063108654,6.835293469613666,14.099999999999966,ok
292.4,14.287999999999954,292.38,0.01999999999998181,14.304193345773129,7.321023462921162,1.5296412338661252,0.6000000239601013,0.5666815291155476,328779.84619140625,1044.6637245602078,6.895287575458297,14.199999999999989,ok
292.5,14.387999999999977,292.48,0.01999999999998181,14.306132010666712,7.381966632647191,1.584685205086582,0.6000000239599426,0.5453602002336642,329783.9660644531,1053.8104441748746,6.956261572849194,14.300000000000011,ok
292.6,14.488,292.58,0.020000000000038654,14.305092775749326,7.443109049517097,1.6369558251948562,0.6000000239417549,0.4614682670589086,330778.7170410156,1062.9849258846698,7.017412820995957,14.399999999999977,ok
292.703,14.590999999999951,292.68,0.022999999999967713,14.300379404658202,7.503137988596222,1.6728862075513429,0.6000000239353539,0.27406184910052744,332740.2648925781,1072.2004673004162,7.077626518723368,14.5,ok
292.8,14.687999999999988,292.78,0.020000000000038654,14.293580052212677,7.56274945115946,1.7033135001209208,0.6000000239321872,0.3147138902843433,335246.9787597656,1081.4780679066955,7.137624499211104,14.599999999999966,ok
292.9,14.787999999999954,292.88,0.01999999999998181,14.285025556688222,7.622135190095902,1.7245542278878685,0.6000000239251256,0.05914318493705597,336197.5402832031,1090.8036862267388,7.1976232107198115,14.699999999999989,ok
293.0,14.887999999999977,292.98,0.01999999999998181,14.273301477997311,7.680951038437809,1.7257420246026887,0.6000000239198309,-0.027905727716711112,337138.97705078125,1100.155582300824,7.257596188279116,14.800000000000011,ok
293.1,14.988,293.08,0.020000000000038654,14.260225840796451,7.739405302465393,1.7324250389831304,0.6000000239205449,0.08991322278408576,338071.2890625,1109.5335026635053,7.31749504695952,14.899999999999977,ok
293.2,15.087999999999965,293.18,0.01999999999998181,14.24939425579973,7.798371657639467,1.746404428443302,0.600000023911616,0.042528282058857884,340510.1623535156,1118.9582450442854,7.3774479807997935,15.0,ok
293.3,15.187999999999988,293.28,0.020000000000038654,14.238775742928867,7.857424514732248,1.755800840962459,0.600000023904394,0.16498651663790956,342314.5751953125,1128.4419219546826,7.437447920353172,15.099999999999966,ok
293.4,15.287999999999954,293.38,0.01999999999998181,14.227469772621122,7.916349528370573,1.7622852713386183,0.6000000239059671,-0.018582906113854356,343203.5217285156,1137.9630066341824,7.497447771993626,15.199999999999989,ok
293.5,15.387999999999977,293.48,0.01999999999998181,14.215944535189834,7.9794309918986155,1.7696189431337805,0.6000000238978445,0.07817757587545146,344083.740234375,1147.5086630503358,7.561573446560739,15.300000000000011,ok
293.6,15.488,293.58,0.020000000000038654,14.203985207937787,8.043475811099933,1.7679573672610276,0.6000000238999059,-0.044486753748266966,344955.322265625,1157.0786500294992,7.62672530282632,15.399999999999977,ok
293.7,15.587999999999965,293.68,0.01999999999998181,14.192293165133979,8.103375311851002,1.7636889967580482,0.6000000238893997,-0.1452107421489469,348136.6271972656,1166.7049271053747,7.687755246748574,15.5,ok
293.8,15.687999999999988,293.78,0.020000000000038654,14.18125333340882,8.162349735080994,1.7394193222277958,0.6000000238904706,-0.2889548720788194,348974.365234375,1176.3870242224775,7.747754084069226,15.599999999999966,ok
293.9,15.787999999999954,293.88,0.01999999999998181,14.171747627840213,8.221590870823706,1.7197953611974317,0.600000023888895,-0.1766492590032061,349803.7414550781,1186.0922757042777,7.807753005746564,15.699999999999989,ok
294.0,15.887999999999977,293.98,0.01999999999998181,14.165218325969015,8.27367095450889,1.698963221496145,0.6000000238818186,-0.24575353119711657,350624.8779296875,1195.8204509735128,7.860240784320068,15.800000000000011,ok
294.1,15.988,294.08,0.020000000000038654,14.158770471977334,8.331429149881087,1.6634849353910948,0.6000000238820201,-0.4984859089778302,351437.8356933594,1205.571321996052,7.918357769391137,15.899999999999977,ok
294.201,16.089,294.18,0.021000000000015007,14.154527886632803,8.39127107771894,1.6048991342531356,0.6000000238752781,-0.5881730406846257,352242.7062988281,1215.3446628570566,7.978349901023181,16.0,ok
294.3,16.187999999999988,294.28,0.020000000000038654,14.153771255109646,8.451259611962154,1.5560485996302582,0.6000000238743726,-0.3325522592575883,353828.55224609375,1225.1512081146216,8.038343206748996,16.099999999999966,ok
294.4,16.287999999999954,294.38,0.01999999999998181,14.15532935120088,8.511237816731734,1.5322736993584056,0.6000000238707675,-0.2098377844046098,354609.68017578125,1234.9906280093721,8.098341645985457,16.19999999999999,ok
294.5,16.387999999999977,294.48,0.01999999999998181,14.15830392924642,8.574561703627833,1.5024474757550352,0.6000000238687169,-0.35433669410943536,355383.0871582031,1244.851638666791,8.161735358340696,16.30000000000001,ok
294.6,16.488,294.58,0.020000000000038654,14.163203089856083,8.638610444198688,1.4758107800435711,0.6000000238724764,-0.11591758699935335,356148.8342285156,1254.7340264638253,8.2259711968064,16.399999999999977,ok
294.7,16.587999999999965,294.68,0.01999999999998181,14.16905972425612,8.699174273834569,1.4743820391983253,0.6000000238692484,0.08777363472850688,356907.04345703125,1264.6375803205713,8.28681754120489,16.5,ok
294.8,16.687999999999988,294.78,0.020000000000038654,14.174651517207337,8.758913019326979,1.4822942813952864,0.600000023863289,0.14031274626677587,358401.123046875,1274.5724159664555,8.346817423383243,16.599999999999966,ok
294.903,16.790999999999997,294.88,0.023000000000024556,14.179615092903761,8.818706870029118,1.497384960567058,0.6000000238616968,0.1760652611459776,359137.14599609375,1284.5382252587212,8.406816937260306,16.69999999999999,ok
295.0,16.887999999999977,294.98,0.01999999999998181,14.186030539471231,8.873863306583965,1.5133508577885528,0.6000000238715709,0.23348082506921192,359865.9362792969,1294.524379179215,8.462345222377794,16.80000000000001,ok
295.1,16.988,295.08,0.020000000000038654,14.189550043348293,8.932595739896499,1.5361649680806375,0.6000000238701679,0.2422682131045853,360587.58544921875,1304.5306780921076,8.521183013212866,16.899999999999977,ok
295.2,17.087999999999965,295.18,0.01999999999998181,14.191051370967292,8.99257559854063,1.5585496084456825,0.6000000238574823,0.11966418376880808,361302.18505859375,1314.5569249047182,8.581181658427484,17.0,ok
295.302,17.189999999999998,295.28,0.022000000000048203,14.191426809634827,9.052573749984166,1.5763662943822265,0.6000000238562461,0.19022230513402721,362710.4797363281,1324.6126563602,8.641180984513987,17.099999999999966,ok
295.4,17.287999999999954,295.38,0.01999999999998181,14.190713182796058,9.112569001531945,1.5891728658772304,0.6000000238550856,0.057868714382293365,363404.35791015625,1334.697584660848,8.701180480108086,17.19999999999999,ok
295.5,17.387999999999977,295.48,0.01999999999998181,14.187647432352714,9.176913228243194,1.599627189719294,0.6000000238539961,0.09298282666750834,364091.4611816406,1344.8016932593475,8.765597700917816,17.30000000000001,ok
295.6,17.488,295.58,0.020000000000038654,14.185222194806054,9.237959638076513,1.6044133414484911,0.6000000238529735,-0.09607400065884861,364771.8811035156,1354.9247952355267,8.826692266393767,17.399999999999977,ok
295.7,17.587999999999965,295.68,0.01999999999998181,14.183497311937707,9.297934455480359,1.5937854580319053,0.6000000238520136,-0.02464649249863552,365445.6787109375,1365.0667057885075,8.886691882588657,17.5,ok
295.8,17.687999999999988,295.78,0.020000000000038654,14.182080726728719,9.35791768314639,1.600092314578247,0.6000000238582178,0.16699757545923002,366773.74267578125,1375.2364199744306,8.946691835212714,17.599999999999966,ok
295.9,17.787999999999954,295.88,0.01999999999998181,14.180045437891742,9.417882939748676,1.6065599572952831,0.6000000238502666,-0.012688364125913208,367428.0700683594,1385.433667373657,9.006691621879234,17.69999999999999,ok
296.0,17.887999999999977,295.98,0.01999999999998181,14.176941186654613,9.475511508176382,1.6154777764017594,0.6000000238494725,0.0693365880804784,368076.0803222656,1395.6490027957514,9.064403737373038,17.80000000000001,ok
296.1,17.988,296.08,0.020000000000038654,14.172989904330818,9.532507170122953,1.6146945908062276,0.6000000238544115,-0.046701819549610814,368717.83447265625,1405.882251612344,9.121536198485177,17.899999999999977,ok
296.2,18.087999999999965,296.18,0.01999999999998181,14.170088769997765,9.591856650140821,1.616116619982511,0.6000000238480274,-0.05661552756313716,369353.33251953125,1416.1332400427932,9.180956543139258,18.0,ok
296.3,18.187999999999988,296.28,0.020000000000038654,14.167628929019868,9.651805759844928,1.600230467251346,0.6000000238473706,-0.31214551714864636,370605.95703125,1426.4104523976616,9.240956097903869,18.099999999999966,ok
296.4,18.287999999999954,296.38,0.01999999999998181,14.166526485983734,9.711794043984028,1.5764322336571903,0.6000000238467541,-0.13994895828698467,371223.08349609375,1436.7136335160992,9.300954511337903,18.19999999999999,ok
296.5,18.387999999999977,296.48,0.01999999999998181,14.16816410529489,9.769130144201567,1.5630790311978482,0.6000000238532808,-0.11991331901594343,371834.2590332031,1447.0338743845641,9.358313993423813,18.30000000000001,ok
296.601,18.488999999999976,296.58,0.021000000000015007,14.169487652249641,9.828444551131772,1.5401500227440668,0.6000000238513163,-0.2938735308029051,372439.4836425781,1457.3710096995019,9.417643165388569,18.399999999999977,ok
296.7,18.587999999999965,296.68,0.01999999999998181,14.17190804964069,9.888394561966637,1.520997959568117,0.6000000238479641,-0.0382746234959201,373038.7878417969,1467.7248745812317,9.477642016399491,18.5,ok
296.8,18.687999999999988,296.78,0.020000000000038654,14.174864031479652,9.948321648307308,1.5273918643547373,0.6000000238503276,0.21694253354800158,373632.26318359375,1478.0953058454697,9.537641962282088,18.599999999999966,ok
296.9,18.787999999999954,296.88,0.01999999999998181,14.176840534407694,10.008287185104187,1.554772877694216,0.6000000238441938,0.20721090516655333,374801.7883300781,1488.4902232276065,9.597640063645068,18.69999999999999,ok
297.001,18.888999999999953,296.98,0.020999999999958163,14.17668106806763,10.07177112673837,1.5694802855897136,0.600000023843772,0.06695168907040538,375377.8991699219,1498.9093855539977,9.661124205561974,18.80000000000001,ok
297.1,18.988,297.08,0.020000000000038654,14.176432218233536,10.132640874906233,1.5717608092960824,0.6000000238476393,-0.11332273235112225,375948.3642578125,1509.344472546046,9.72199446240601,18.899999999999977,ok
297.2,19.087999999999965,297.18,0.01999999999998181,14.176769069851659,10.192639043550418,1.5502091945364809,0.6000000238486886,-0.36893144358716384,376513.1530761719,1519.7953269534648,9.781993576646713,19.0,ok
297.3,19.187999999999988,297.28,0.020000000000038654,14.1788113201193,10.252601849614138,1.5210544367544314,0.6000000238426553,-0.144893722987063,377625.8850097656,1530.2694802602105,9.841991150740927,19.099999999999966,ok
297.4,19.287999999999954,297.38,0.01999999999998181,14.182108585699115,10.312510799874994,1.5087302360675172,0.6000000238423278,-0.05519484167102921,378173.88916015625,1540.766699345906,9.901990769753565,19.19999999999999,ok
297.5,19.387999999999977,297.48,0.01999999999998181,14.187720864249115,10.370350249842154,1.5106731282382366,0.6000000238420202,0.20079573394335992,378716.3391113281,1551.279063627457,9.960101867170723,19.30000000000001,ok
297.6,19.488,297.58,0.020000000000038654,14.191218633635836,10.429747524100065,1.5395869568933633,0.6000000238417316,0.3233067807291724,379253.3264160156,1561.806420093111,10.019602040111247,19.399999999999977,ok
297.7,19.587999999999965,297.68,0.01999999999998181,14.192387832746313,10.489734209363842,1.5671183296250721,0.600000023847145,0.1835273119880216,379784.7595214844,1572.3486157311343,10.07960011870961,19.5,ok
297.801,19.688999999999965,297.78,0.021000000000015007,14.192290962173978,10.549733838324514,1.5752417711022748,0.6000000238440485,-0.0601587583333454,380310.791015625,1582.9054983774795,10.139599825869945,19.599999999999966,ok
297.9,19.787999999999954,297.88,0.01999999999998181,14.192153529674211,10.609733623337878,1.5704675888858985,0.6000000238523362,-0.039544041870875034,381346.4050292969,1593.4840705447725,10.1995997682811,19.69999999999999,ok
298.0,19.887999999999977,297.98,0.01999999999998181,14.192022271412181,10.676058682639141,1.561675334406321,0.6000000238435855,-0.10964015494409299,381856.0791015625,1604.0841050465924,10.265924957463247,19.80000000000001,ok
298.1,19.988,298.08,0.020000000000038654,14.192659064301141,10.73763488430877,1.555721297125822,0.6000000238476384,-0.07474408482259523,382360.3515625,1614.6982221391452,10.327504451755114,19.899999999999977,ok
298.2,20.087999999999965,298.18,0.01999999999998181,14.193865264359811,10.797622190118748,1.5385561708370719,0.6000000238403355,-0.23940186232557284,382859.2224121094,1625.3262717776838,10.387503883226765,20.0,ok
298.3,20.187999999999988,298.28,0.020000000000038654,14.196373279336951,10.857568376727999,1.5150896812588628,0.6000000238458344,-0.1649632961400757,383840.8203125,1635.9748834821887,10.44750251177873,20.099999999999966,ok
298.4,20.287999999999954,298.38,0.01999999999998181,14.199991406052787,10.917458967909026,1.5080882075834114,0.6000000238399761,0.025001003020850433,384323.54736328125,1646.6438330332437,10.507502293052871,20.19999999999999,ok
298.5,20.387999999999977,298.48,0.01999999999998181,14.199165781682936,10.976160629353075,1.5168489133624763,0.6000000238398127,0.0058169262297633004,384800.84228515625,1657.3261162228077,10.566209760311235,20.30000000000001,ok
298.6,20.488,298.58,0.020000000000038654,14.202420101363671,11.036072296832383,1.5131078039916797,0.6000000238396593,-0.10209307272415725,384255.859375,1668.0074593014174,10.626209747784031,20.399999999999977,ok
298.7,20.587999999999965,298.68,0.01999999999998181,14.206138288517842,11.095956678702604,1.5017256830458978,0.6000000238395153,-0.12166648872309316,384727.8137207031,1678.6877880944157,10.686209448680719,20.5,ok
298.8,20.687999999999988,298.78,0.020000000000038654,14.210540115039814,11.155794732676396,1.4913007724393539,0.6000000238436435,-0.0864467256755312,385655.1513671875,1689.3875514984106,10.746209188514321,20.599999999999966,ok
298.9,20.787999999999954,298.88,0.01999999999998181,14.215400004209476,11.21559756889565,1.489472035433178,0.6000000238506221,-0.012123597374081712,386110.53466796875,1700.1065193600125,10.80620916970272,20.69999999999999,ok
299.0,20.887999999999977,298.98,0.01999999999998181,14.223937908004064,11.273815439796646,1.4830714428004257,0.6000000238391343,0.032096050982864555,386560.4553222656,1710.838060887657,10.865049770425783,20.80000000000001,ok
299.1,20.988,299.08,0.020000000000038654,14.230039626804565,11.333134407831434,1.485614662077303,0.6000000238390225,0.09790920945338069,387004.7607421875,1721.582022221882,10.924681732837165,20.899999999999977,ok
299.2,21.087999999999965,299.18,0.01999999999998181,14.234902858238211,11.392936721846791,1.4977258771280684,0.6000000238502863,0.21280077292029936,387443.5119628906,1732.3382482316772,10.984681464349636,21.0,ok
299.3,21.187999999999988,299.28,0.020000000000038654,14.238738183461187,11.452812633733263,1.5240027564206333,0.6000000238388191,0.3583740459487875,388304.38232421875,1743.1125245412168,11.044680085532148,21.099999999999966,ok
299.4,21.287999999999954,299.38,0.01999999999998181,14.240724916909913,11.512777125164575,1.5550664986080431,0.6000000238387266,0.24693387441631084,388726.4099121094,1753.904618877835,11.104677479995676,21.19999999999999,ok
299.5,21.387999999999977,299.48,0.01999999999998181,14.240402238877312,11.574943827705368,1.5763626060910858,0.6000000238429031,0.07078557383724729,389142.7917480469,1764.708357789784,11.166845019965567,21.30000000000001,ok
299.6,21.488,299.58,0.020000000000038654,14.239042411793463,11.637635835685348,1.5745207544184425,0.6000000238399795,-0.15404215179253725,389553.5888671875,1775.5235852983253,11.229551773941992,21.399999999999977,ok
299.7,21.587999999999965,299.68,0.01999999999998181,14.238854444135006,11.698171948558189,1.5683481789510574,0.6000000238413241,0.04915391322897197,389958.740234375,1786.3501454247385,11.290088178638621,21.5,ok
299.8,21.687999999999988,299.78,0.020000000000038654,14.238878855366757,11.758171886687652,1.5715434770750842,0.6000000238384101,-0.07879616319942692,390751.8615722656,1797.1933482276047,11.350088121733991,21.599999999999966,ok
299.901,21.788999999999987,299.88,0.021000000000015007,14.239129001069706,11.818170878336552,1.5583141042529434,0.6000000238440271,-0.059253903233083965,391139.892578125,1808.0529559241404,11.410087634829996,21.69999999999999,ok
300.0,21.887999999999977,299.98,0.01999999999998181,14.239272111037936,11.874982734407915,1.5634764665520675,0.6000000238397005,0.19444512036499634,391522.1252441406,1818.9232617272298,11.466899671149214,21.80000000000001,ok
300.1,21.988,300.08,0.020000000000038654,14.239158637543586,11.93498119564252,1.5880573804992573,0.60000002383822,0.26339828778890134,391898.5595703125,1829.8041045718712,11.526898239688425,21.899999999999977,ok
300.2,22.087999999999965,300.18,0.01999999999998181,14.237479284134395,11.994955919554693,1.6153883177791042,0.6000000238381643,0.28002826820491594,392269.22607421875,1840.6953238169367,11.58689647079747,22.0,ok
300.3,22.187999999999988,300.28,0.020000000000038654,14.234208009076394,12.054865391778419,1.6362889353984666,0.6000000238437964,0.16498744435586252,392992.9504394531,1851.6017429351784,11.646895188305685,22.099999999999966,ok
300.4,22.287999999999954,300.38,0.01999999999998181,14.229767790871476,12.114699488482827,1.6607717067299794,0.6000000238437472,0.22361128768995192,393345.9777832031,1862.5231169382735,11.706893810507697,22.19999999999999,ok
300.5,22.387999999999977,300.48,0.01999999999998181,14.225024475485284,12.17117322592991,1.6794799255410837,0.6000000238451222,0.12926158679412433,393693.0847167969,1873.4542150285538,11.763566397020888,22.30000000000001,ok
300.6,22.488,300.58,0.020000000000038654,14.218329398741112,12.230798435176915,1.6822052576195348,0.6000000238436578,-0.12590117668110873,394034.2102050781,1884.394871902465,11.823566310607154,22.399999999999977,ok
300.7,22.587999999999965,300.68,0.01999999999998181,14.212071327358066,12.290470257552974,1.6626439703560898,0.6000000238379328,-0.20887165117552073,394369.32373046875,1895.3449209849057,11.88356539262609,22.5,ok
300.8,22.687999999999988,300.78,0.020000000000038654,14.207096660773994,12.350262407516082,1.6391901185570552,0.6000000238378946,-0.2540190885361102,395021.484375,1906.308682208589,11.943564130153089,22.599999999999966,ok
300.9,22.787999999999954,300.88,0.01999999999998181,14.201900698113896,12.408562618533766,1.6245729681592889,0.6000000238407011,-0.026712162465112987,395338.4094238281,1917.2859029557976,12.002095426334462,22.69999999999999,ok
301.0,22.887999999999977,300.98,0.01999999999998181,14.198152270710889,12.46805725582616,1.6328325169200337,0.6000000238420885,0.22892519001916795,396561.46240234375,1928.284512286719,12.061708030492888,22.80000000000001,ok
301.1,22.988,301.08,0.020000000000038654,14.193762171492644,12.527894164942412,1.6659487287385115,0.6000000238377937,0.43694257741841536,396864.3798828125,1939.304315651787,12.121705769314717,22.899999999999977,ok
301.2,23.087999999999965,301.18,0.01999999999998181,14.187104339923044,12.587520117042585,1.701466588873684,0.6000000238434484,0.20658777659888666,397161.1633300781,1950.332448196413,12.181702276588569,23.0,ok
301.3,23.187999999999988,301.28,0.020000000000038654,14.17891587078535,12.64695830098134,1.7119363895674953,0.6000000238405785,-0.04863859267418243,397451.8737792969,1961.3687403784838,12.241701849393351,23.099999999999966,ok
301.4,23.287999999999954,301.38,0.01999999999998181,14.172445555196685,12.692683118334237,1.6940626453802548,0.6000000238448157,-0.30414697212118175,397736.3586425781,1972.4130213843457,12.287882190511327,23.19999999999999,ok
301.5,23.387999999999977,301.48,0.01999999999998181,14.166358008766123,12.748883172978449,1.6572378819729139,0.6000000238376857,-0.2936230730854029,398014.6789550781,1983.46511912876,12.344410982852546,23.30000000000001,ok
301.6,23.488,301.58,0.020000000000038654,14.161837989007909,12.808710988301538,1.6330332591617118,0.6000000238376627,-0.10913245141940638,398552.5817871094,1994.528553305731,12.40440930003685,23.399999999999977,ok
301.7,23.587999999999965,301.68,0.01999999999998181,14.1583394784189,12.868608669151312,1.620905015414185,0.6000000238447465,-0.24457251865394403,398812.07275390625,2005.603062396581,12.464409064599078,23.5,ok
301.8,23.687999999999988,301.78,0.020000000000038654,14.15601435217809,12.928561349979159,1.587850930735875,0.6000000238376209,-0.43688416410710706,399065.24658203125,2016.6846918317985,12.524406815810947,23.599999999999966,ok
301.9,23.787999999999954,301.88,0.01999999999998181,14.15601300472012,12.988557077935111,1.5456584700758114,0.6000000238376018,-0.4181397213692876,399311.9812011719,2027.7732644399011,12.58440254378203,23.69999999999999,ok
302.0,23.887999999999977,301.98,0.01999999999998181,14.155899210426487,13.060809201352225,1.516824493159017,0.5910000416538822,-0.20368380748348305,399786.2243652344,2038.871850628326,12.656654756809889,23.80000000000001,ok
302.1,23.988,302.08,0.020000000000038654,14.158476185998929,13.114242229105217,1.4882660656040942,0.47594749424115373,-0.34364512500342137,400013.61083984375,2049.9801816728373,12.710149889840409,23.899999999999977,ok
302.2,24.087999999999965,302.18,0.01999999999998181,14.163642778124476,13.170087845923973,1.4626392959021852,0.6000000240408023,-0.12653487283164258,400234.4665527344,2061.094738303292,12.766233992686573,24.0,ok
302.301,24.188999999999965,302.28,0.021000000000015007,14.170300532349556,13.229717298176782,1.4601742238335582,0.6000000240256815,0.1288892377600403,400448.73046875,2072.21533826192,12.826233969913998,24.099999999999966,ok
302.4,24.287999999999954,302.38,0.01999999999998181,14.177960596168187,13.285496773206624,1.470372969002017,0.6000000240255056,0.05921564439013796,400656.4025878906,2083.3417984432645,12.882536957510665,24.19999999999999,ok
302.5,24.387999999999977,302.48,0.01999999999998181,14.184256692580357,13.344210469674596,1.4726841957038805,0.6000000240032998,0.021061046716461317,400857.3913574219,2094.4739344702853,12.941587266425728,24.30000000000001,ok
302.601,24.488999999999976,302.58,0.021000000000015007,14.190162596400924,13.403919093941052,1.4670063195668048,0.6000000239931268,-0.1741581554431222,401239.3798828125,2105.6141674041737,13.001587262356816,24.399999999999977,ok
302.7,24.587999999999965,302.68,0.01999999999998181,14.196702088295286,13.463561359174125,1.45819567618698,0.6000000239835773,0.030392293340505472,401420.2880859375,2116.7622183481867,13.061586968659169,24.5,ok
302.8,24.687999999999988,302.78,0.020000000000038654,14.203493362355138,13.523175734194869,1.4518406291118453,0.6000000239746132,-0.09925911088443026,400694.0612792969,2127.9026954227,13.121586927929737,24.599999999999966,ok
302.9,24.787999999999954,302.88,0.01999999999998181,14.210779704345942,13.582731611219698,1.4458807248277397,0.6000000239661983,-0.044256733872012,400860.7177734375,2139.035400687324,13.181586871828074,24.69999999999999,ok
303.0,24.887999999999977,302.98,0.01999999999998181,14.220328695356928,13.650120733854344,1.437645602180354,0.6000000239582992,-0.06024771341435687,401173.1872558594,2150.1747604794,13.249649174748232,24.80000000000001,ok
303.1,24.988,303.08,0.020000000000038654,14.228437722662697,13.70957017923906,1.4319778353854342,0.6000000239537264,0.0020427661382444937,401318.90869140625,2161.320484034219,13.30964911541817,24.899999999999977,ok
303.2,25.087999999999965,303.18,0.01999999999998181,14.236741620400329,13.768992803265688,1.430126114319404,0.6000000239467659,-0.12573245592657326,401457.6110839844,2172.470157919991,13.36964914011689,25.0,ok
303.3,25.187999999999988,303.28,0.020000000000038654,14.245422462271522,13.82836127230251,1.4223031325815745,0.6000000239373897,0.05722763804959181,401589.2333984375,2183.623586315576,13.429648907877848,25.099999999999966,ok
303.4,25.287999999999954,303.38,0.01999999999998181,14.2540426583697,13.887738378334982,1.438226309472688,0.6000000239312562,0.3122098587189568,400799.4079589844,2194.7678730010985,13.489648478722666,25.19999999999999,ok
303.5,25.387999999999977,303.48,0.01999999999998181,14.261293405460302,13.937442170770147,1.4617052490181834,0.6000000239297618,0.0874999326456769,400915.52734375,2205.9028026580836,13.53987835345683,25.30000000000001,ok
303.6,25.488,303.58,0.020000000000038654,14.267735406481368,13.994631665351797,1.4602390309034623,0.6000000239200938,-0.14674276869760505,401024.4445800781,2217.0408578236884,13.597429527794631,25.399999999999977,ok
303.7,25.587999999999965,303.68,0.01999999999998181,14.274705941309163,14.054224876110563,1.4455330457819509,0.6000000239178624,-0.1211821357189786,401220.458984375,2228.183148150975,13.657429020495188,25.5,ok
303.8,25.687999999999988,303.78,0.020000000000038654,14.282369835430885,14.113733343806464,1.4436079977374452,0.6000000239102578,0.13391857887534014,401307.55615234375,2239.3293705834253,13.717428962167018,25.599999999999966,ok
303.9,25.787999999999954,303.88,0.01999999999998181,14.289539561974935,14.173302343554727,1.4659050917441898,0.600000023905787,0.25580015960385233,401387.3596191406,2250.477911080254,13.777427884738387,25.69999999999999,ok
304.0,25.887999999999977,303.98,0.01999999999998181,14.294440558734488,14.232069601304426,1.492446602541176,0.6000000239072747,0.1823048547724464,401459.8083496094,2261.6285661909337,13.836399151917044,25.80000000000001,ok
304.1,25.988,304.08,0.020000000000038654,14.298587881581513,14.291666836328137,1.505735234041729,0.6000000238976508,0.20367591187934114,401524.90234375,2272.7811316172265,13.896140517061045,25.899999999999977,ok
304.2,26.087999999999965,304.18,0.01999999999998181,14.301879372468713,14.351574590897071,1.5362219708958353,0.6000000238939528,0.41690148909617886,400694.3054199219,2283.9230650583913,13.956138625112485,26.0,ok
304.3,26.187999999999988,304.28,0.020000000000038654,14.30298125308946,14.411560632118006,1.5761603081570492,0.6000000238919024,0.35960237387591526,400735.1989746094,2295.0540303972007,14.016134785675158,26.099999999999966,ok
304.4,26.287999999999954,304.38,0.01999999999998181,14.301919128709965,14.471549297742024,1.6027318647466282,0.600000023892907,0.1740881339191481,400768.6767578125,2306.1860286712645,14.07613285324027,26.19999999999999,ok
304.5,26.387999999999977,304.48,0.01999999999998181,14.299720185286919,14.535362886686015,1.6161022024647007,0.600000023888427,0.15154045171744396,401739.74609375,2317.33197898865,14.139984317484172,26.30000000000001,ok
304.6,26.488,304.58,0.020000000000038654,14.296532228652516,14.596240202468032,1.6414779198343754,0.6000000238898188,0.4066306869811982,401760.5285644531,2328.491705025566,14.200945047830242,26.399999999999977,ok
304.7,26.587999999999965,304.68,0.01999999999998181,14.291321985343217,14.656009581267897,1.6827103352255475,0.6000000238800178,0.4857936776545772,401779.72412109375,2339.6519863128674,14.260941091678681,26.5,ok
304.8,26.687999999999988,304.78,0.020000000000038654,14.283446419392765,14.715484530367675,1.7318950132707673,0.6000000238760664,0.42673262991800537,401778.1677246094,2350.8125125884985,14.320935208969138,26.599999999999966,ok
304.9,26.787999999999954,304.88,0.01999999999998181,14.271143106510799,14.776800527482663,1.7718885330311767,0.6000000238736912,0.38013064967335125,401769.1955566406,2361.972892634074,14.383473381392681,26.69999999999999,ok
305.0,26.887999999999977,304.98,0.01999999999998181,14.257748630385883,14.835930943073944,1.812051809279182,0.6000000238714616,0.40428029650158914,401752.74658203125,2373.1329196082247,14.444101906351305,26.80000000000001,ok
305.1,26.988,305.08,0.020000000000038654,14.242574181551586,14.89397755348597,1.8432982707141536,0.6000000238707897,0.1653458631863655,402683.837890625,2384.305649948119,14.504099180270627,26.899999999999977,ok
305.2,27.087999999999965,305.18,0.01999999999998181,14.22616107643304,14.951688805419193,1.8496387932917189,0.6000000238674038,-0.08953504674140988,402619.2626953125,2395.4904152340373,14.564099002098132,27.0,ok
305.3,27.187999999999988,305.28,0.020000000000038654,14.209971660568357,15.00946270861108,1.8315573402240635,0.6000000238712438,-0.18686528269436786,402575.8972167969,2406.673681343924,14.62409834439507,27.099999999999966,ok
305.4,27.287999999999954,305.38,0.01999999999998181,14.194817769995918,15.06751720728003,1.8218612727548968,0.6000000238638282,-0.09486160688071055,403483.94775390625,2417.8689569685193,14.68409805452091,27.19999999999999,ok
305.5,27.387999999999977,305.48,0.01999999999998181,14.179169107690877,15.127672057804565,1.8079211158164359,0.6000000238735717,-0.16968232206083897,403428.8330078125,2429.0760789235455,14.746255006453628,27.30000000000001,ok
305.6,27.488,305.58,0.020000000000038654,14.16518959976644,15.186568333211932,1.788949283804298,0.6000000238635196,-0.30529317708881876,403366.4245605469,2440.281568611991,14.806787624922267,27.399999999999977,ok
305.701,27.589,305.68,0.021000000000015007,14.15299402257269,15.245312898512452,1.7547388423843393,0.6000000238592453,-0.3412742786497994,403296.630859375,2451.4852221594924,14.866784758649102,27.5,ok
305.801,27.688999999999965,305.78,0.021000000000015007,14.142919610995051,15.304457157323831,1.714121370116434,0.6000000238579011,-0.3791275459332588,404102.11181640625,2462.699093585541,14.926780901183294,27.599999999999966,ok
305.9,27.787999999999954,305.88,0.01999999999998181,14.135129085644534,15.363947014316148,1.6861932689092767,0.6000000238566391,-0.18693712102927632,404013.7023925781,2473.922924338446,14.986778695894461,27.69999999999999,ok
306.0,27.887999999999977,305.98,0.01999999999998181,14.130504040593662,15.412033993942806,1.6633342046884696,0.6000000238668232,-0.22635225709932164,403918.1213378906,2485.1441996680387,15.035087583806908,27.80000000000001,ok
306.1,27.988,306.08,0.020000000000038654,14.12596367506117,15.468916187553791,1.6416721852046923,0.6000000238543425,-0.1974955117851475,403815.3076171875,2496.362719514633,15.092150696841216,27.899999999999977,ok
306.2,28.087999999999965,306.18,0.01999999999998181,14.122210387328801,15.528797570047322,1.6190333537962829,0.6000000238532986,-0.26206291868119885,403705.2917480469,2507.5782833947083,15.152149589648822,28.0,ok
306.3,28.187999999999988,306.28,0.020000000000038654,14.119852607654796,15.588750236977402,1.6014053571956337,0.6000000238537399,-0.026835580243201464,403588.1042480469,2518.790691672428,15.212148601282516,28.099999999999966,ok
306.4,28.287999999999954,306.38,0.01999999999998181,14.118152264919946,15.648726015695432,1.5937874702540875,0.600000023851399,-0.1006304993014788,403463.7451171875,2529.9997451358363,15.272148477934474,28.19999999999999,ok
306.5,28.387999999999977,306.48,0.01999999999998181,14.118783535544678,15.723934805104424,1.5858939975379422,0.6000000238505355,-0.017679705219763055,403193.603515625,2541.2033194224055,15.347359916605514,28.30000000000001,ok
306.6,28.488,306.58,0.020000000000038654,14.11839735301392,15.787715343768848,1.5837200423327153,0.6000000238497251,0.013892189013739547,403047.8515625,2552.4011174095976,15.411141624400706,28.399999999999977,ok
306.7,28.587999999999965,306.68,0.01999999999998181,14.117508491345898,15.847708676206745,1.5897484312253658,0.6000000238574906,0.10979950654230722,402894.9890136719,2563.594767973158,15.471141541167889,28.5,ok
306.8,28.687999999999988,306.78,0.020000000000038654,14.115987627826966,15.90768856385115,1.6088638998006257,0.60000002384825,0.16757133046506256,402568.2067871094,2574.781756803721,15.531140707392751,28.599999999999966,ok
306.9,28.787999999999954,306.88,0.01999999999998181,14.113394994561673,15.954549199951938,1.6154106166031834,0.6000000238490006,-0.0879562499897372,402394.22607421875,2585.961790593464,15.578073009307518,28.69999999999999,ok
307.001,28.888999999999953,306.98,0.020999999999958163,14.111044232711448,16.011231663000473,1.5964952840355042,0.6000000238540556,-0.34119659048825757,402213.2873535156,2597.136894946629,15.634804197365984,28.80000000000001,ok
307.1,28.988,307.08,0.020000000000038654,14.110382846940787,16.071224695387418,1.5613209840567714,0.6000000238477805,-0.2394226110585793,402025.4211425781,2608.3068770090713,15.694800875325006,28.899999999999977,ok
307.2,29.087999999999965,307.18,0.01999999999998181,14.111403104188383,16.131215367350677,1.5476094391864297,0.6000000238472258,0.016071716925325906,401830.62744140625,2619.471544350518,15.754800222383576,29.0,ok
307.3,29.187999999999988,307.28,0.020000000000038654,14.112735649805357,16.191200554239682,1.5503325804323083,0.6000000238566529,0.02991653341102948,401628.90625,2630.6307045406725,15.814800208416326,29.099999999999966,ok
307.4,29.287999999999954,307.38,0.01999999999998181,14.113971367699316,16.251187809194683,1.5471422450319006,0.6000000238447956,-0.07344169465788954,401204.9865722656,2641.781175274318,15.874800189714238,29.19999999999999,ok
307.5,29.387999999999977,307.48,0.01999999999998181,14.114936698158608,16.30634289349106,1.5338933334957885,0.6000000238443368,-0.28824107565774293,400982.7575683594,2652.922671720718,15.929963721024661,29.30000000000001,ok
307.601,29.488999999999976,307.58,0.021000000000015007,14.116990769428066,16.360215525888357,1.498076820630612,0.6000000238453272,-0.4499162396024655,400753.84521484375,2664.0579023149253,15.983875498311209,29.399999999999977,ok
307.7,29.587999999999965,307.68,0.01999999999998181,14.12232590578647,16.418740545601285,1.4463083608630567,0.6000000238506074,-0.48541320019717416,400518.1884765625,2675.186680560642,16.042643190220634,29.5,ok
307.8,29.687999999999988,307.78,0.020000000000038654,14.130808352096018,16.47813385388922,1.407994155253482,0.6000000238502279,-0.2300250741396473,400275.8483886719,2686.308819961544,16.102639164792098,29.599999999999966,ok
307.9,29.787999999999954,307.88,0.01999999999998181,14.146932692248797,16.53331338654556,1.3924493797260562,0.6000000238498717,0.02579947937452979,400026.8859863281,2697.424135716755,16.16012633874886,29.69999999999999,ok
308.0,29.887999999999977,307.98,0.01999999999998181,14.158912582779902,16.591377765581637,1.4045653630606467,0.6000000238495373,0.2815586470311543,398711.9140625,2708.51773016188,16.21941368891719,29.80000000000001,ok
308.1,29.988,308.08,0.020000000000038654,14.168056151417812,16.6506738841712,1.4426153050420616,0.600000023842118,0.4875644855308915,398173.0041503906,2719.5855762481665,16.27941064323342,29.899999999999977,ok
308.2,30.087999999999965,308.18,0.01999999999998181,14.174586898756825,16.710312079288677,1.4873703217433016,0.6000000238432445,0.31856209749598535,397893.798828125,2730.6420596228704,16.339405351147334,30.0,ok
308.3,30.187999999999988,308.28,0.020000000000038654,14.178946018271988,16.7701520897247,1.5090274945165167,0.6000000238415468,0.06331628512010681,397608.154296875,2741.690697860714,16.39940392422979,30.099999999999966,ok
308.4,30.287999999999954,308.38,0.01999999999998181,14.182614685107342,16.83003981032832,1.5071464363729996,0.6000000238483926,-0.037519250980231234,397316.10107421875,2752.7313125186483,16.45940390919184,30.19999999999999,ok
308.5,30.387999999999977,308.48,0.01999999999998181,14.188639840200164,16.889269581250748,1.5076165052738792,0.6000000238410435,0.14858814702244355,397017.7307128906,2763.7637268490275,16.518939346180375,30.30000000000001,ok
308.6,30.488,308.58,0.020000000000038654,14.191960305312886,16.949176498137135,1.52883800257062,0.6000000238521833,0.18580071961882824,396713.0432128906,2774.787765375771,16.578938214331345,30.399999999999977,ok
308.7,30.587999999999965,308.68,0.01999999999998181,14.194033669677303,17.009139856129092,1.5461515832532722,0.6000000238519686,0.1337624776303584,396084.9304199219,2785.798848342896,16.638937407171408,30.5,ok
308.8,30.687999999999988,308.78,0.020000000000038654,14.195226194040623,17.069127720160726,1.5545985955349855,0.6000000238446616,-0.050614524892581454,395761.65771484375,2796.7967176225416,16.698937123382695,30.599999999999966,ok
308.9,30.787999999999954,308.88,0.01999999999998181,14.191724400703041,17.124265917140935,1.5491733620405512,0.600000023840209,-0.19211328806513797,395432.31201171875,2807.785522757635,16.75418640684237,30.69999999999999,ok
309.0,30.887999999999977,308.98,0.01999999999998181,14.19198293008414,17.182845005916924,1.5342672047823211,0.6000000238400314,-0.16272269030939804,395096.8017578125,2818.7650937822145,16.812766066104487,30.80000000000001,ok
309.1,30.988,309.08,0.020000000000038654,14.194468005191663,17.242793262282678,1.5267673866723934,0.6000000238441279,0.008140419218773554,394755.37109375,2829.7352628495937,16.872765808100468,30.899999999999977,ok
309.2,31.087999999999965,309.18,0.01999999999998181,14.197169315836735,17.302732388312908,1.5229598250661573,0.6000000238496557,-0.06767469863130625,394054.7180175781,2840.690958531698,16.932765774004366,31.0,ok
309.3,31.187999999999988,309.28,0.020000000000038654,14.200201049571348,17.362655636232667,1.5166007896160085,0.6000000238395612,-0.04686666701118554,392563.4460449219,2851.61621081034,16.992765666093355,31.099999999999966,ok
309.4,31.287999999999954,309.38,0.01999999999998181,14.205173842031604,17.43061960276541,1.510862103841405,0.6000000238465286,0.07113702183421895,392194.3359375,2862.515624448987,17.060911314609726,31.19999999999999,ok
309.5,31.387999999999977,309.48,0.01999999999998181,14.209054692467255,17.4925110470118,1.5142081392966775,0.6000000238392937,0.009889873330921698,391819.51904296875,2873.404705768163,17.122924312207065,31.30000000000001,ok
309.6,31.488,309.58,0.020000000000038654,14.212403333973162,17.552417512708406,1.5176762930165824,0.6000000238505409,0.06341995989480272,391052.8869628906,2884.2779336293515,17.18292429580868,31.399999999999977,ok
309.7,31.587999999999965,309.68,0.01999999999998181,14.215347901323563,17.61234484653232,1.5323713532528276,0.600000023839058,0.29435846365270063,390661.2243652344,2895.135074064467,17.242923927608583,31.5,ok
309.8,31.687999999999988,309.78,0.020000000000038654,14.216844336842335,17.67232314299513,1.5683364845136973,0.600000023838951,0.360978059618786,390264.0686035156,2905.9812586890293,17.302920888913658,31.599999999999966,ok
309.9,31.787999999999954,309.88,0.01999999999998181,14.216248617771125,17.732318228171263,1.5941978604784075,0.6000000238388504,0.10545138129110641,389861.4501953125,2916.8163353390155,17.362918931602593,31.69999999999999,ok
310.0,31.887999999999977,309.98,0.01999999999998181,14.216090400305465,17.787394715375115,1.5970998041731095,0.6000000238387561,0.061091752980380415,389453.4606933594,2927.640153545805,17.417995646060543,31.80000000000001,ok
310.1,31.988,310.08,0.020000000000038654,14.214746937666932,17.84613147390845,1.6002312230284632,0.6000000238415096,-0.07640198342729787,389040.1306152344,2938.452564536198,17.47674776682962,31.899999999999977,ok
310.2,32.087999999999965,310.18,0.01999999999998181,14.213287377324008,17.90611313497477,1.583330124641198,0.6000000238385843,-0.2326375674513219,388197.75390625,2949.2475351545545,17.536747183332363,32.0,ok
310.3,32.18799999999999,310.28,0.020000000000038654,14.212996163165963,17.966111719732243,1.5688926140667896,0.6000000238385063,-0.031369622027750184,387768.798828125,2960.0248483869727,17.596746474816392,32.099999999999966,ok
310.4,32.287999999999954,310.38,0.01999999999998181,14.213074903731584,18.02611161625571,1.5753659988816948,0.600000023838433,0.17176384215374632,387334.8083496094,2970.7901762644437,17.65674642300723,32.19999999999999,ok
310.5,32.38799999999998,310.48,0.01999999999998181,14.213440592697179,18.082188135789956,1.5934689581294108,0.6000000238383641,0.16718171140009908,386895.7214355469,2981.543378067018,17.71282413490326,32.30000000000001,ok
310.6,32.488,310.58,0.020000000000038654,14.211926850247696,18.141178054873844,1.6095405380791434,0.6000000238382995,0.13855320311433214,386451.72119140625,2992.284314770166,17.771833472890794,32.39999999999998,ok
310.7,32.587999999999965,310.68,0.01999999999998181,14.209303128631158,18.2011203438652,1.6186418374664115,0.6000000238382389,-0.04282250100749775,385549.01123046875,3003.006547164917,17.831833155595323,32.5,ok
310.8,32.68799999999999,310.78,0.020000000000038654,14.206590382767333,18.26105886080303,1.6113433483694821,0.6000000238381821,-0.08019809941131226,385090.4846191406,3013.709873496158,17.891833028952092,32.599999999999966,ok
310.9,32.787999999999954,310.88,0.01999999999998181,14.20425413337167,18.321013336433786,1.612095849623688,0.6000000238423919,0.1553131020615871,384627.2277832031,3024.4003972795263,17.95183300569707,32.69999999999999,ok
311.0,32.88799999999998,310.98,0.01999999999998181,14.202248513407445,18.38046877508349,1.6364759495757937,0.600000023846605,0.3755469203782492,384159.2712402344,3035.077987543743,18.011322262680743,32.80000000000001,ok
311.1,32.988,311.08,0.020000000000038654,14.198807884501466,18.43965226870029,1.6621076441459754,0.6000000238408736,0.12281608646452355,384907.4401855469,3045.759469646875,18.0706056823186,32.89999999999998,ok
311.2,33.087999999999965,311.18,0.01999999999998181,14.1934360206389,18.49925583503671,1.6638142850136353,0.6000000238436716,-0.12118642839573573,384434.5397949219,3056.444774924384,18.130450832843753,33.0,ok
311.3,33.18799999999999,311.28,0.020000000000038654,14.188159014886862,18.559022944653652,1.649640505831379,0.6000000238379457,-0.24928762620044773,383475.3112792969,3067.1101895226334,18.190450451023125,33.099999999999966,ok
311.4,33.287999999999954,311.38,0.01999999999998181,14.184105642873329,18.618883848697003,1.6224831762276473,0.6000000238393279,-0.1672422296419641,382989.1357421875,3077.755529064601,18.250448431468865,33.19999999999999,ok
311.5,33.38799999999998,311.48,0.01999999999998181,14.179759193208985,18.683192498919762,1.61875941736712,0.6000000238392913,0.0881389995789671,382498.6267089844,3088.387303543092,18.31490379678594,33.30000000000001,ok
311.601,33.488999999999976,311.58,0.021000000000015007,14.176165607881165,18.744178233460897,1.6296058267496951,0.6000000238492046,0.02333864598795946,382003.8757324219,3099.0053938547744,18.375995315616546,33.39999999999998,ok
311.7,33.587999999999965,311.68,0.01999999999998181,14.172523172119902,18.80406745718205,1.638690203367038,0.6000000238392248,0.14721594518393713,381001.89208984375,3109.6026961856414,18.435995202751418,33.5,ok
311.8,33.68799999999999,311.78,0.020000000000038654,14.168222513754825,18.863912988687257,1.643187850762338,0.6000000238406157,-0.1080123486883434,380494.7509765625,3120.179038450449,18.495995063613872,33.599999999999966,ok
311.9,33.787999999999954,311.88,0.01999999999998181,14.16426408495973,18.923781428444464,1.6230688390977928,0.6000000238377451,-0.2158399961355791,379983.58154296875,3130.7412375132226,18.555994223920397,33.69999999999999,ok
312.0,33.88799999999998,311.98,0.01999999999998181,14.161628184039136,18.97759788499546,1.6082315938183633,0.6000000238377184,-0.14424848620578243,379468.505859375,3141.289183171591,18.60987519430298,33.80000000000001,ok
312.1,33.988,312.08,0.020000000000038654,14.159705620196771,19.03756668837661,1.5967501232486088,0.6000000238376935,-0.07821485118157426,378949.52392578125,3151.8227669186035,18.66987480789086,33.89999999999998,ok
312.204,34.091999999999985,312.2,0.004000000000019099,14.158215627363697,19.109550581438732,1.5785825368592212,0.6000000238447709,-0.26435756952000095,377900.08544921875,3164.436927074854,18.741874119964113,34.01999999999998,ok
312.301,34.188999999999965,312.28,0.021000000000015007,14.158184721541675,19.157549951287514,1.5606641980261462,0.6000000238376479,-0.20928455071355867,377369.7509765625,3172.82881414625,18.78987349976271,34.099999999999966,ok
312.4,34.287999999999954,312.38,0.01999999999998181,14.15935866733488,19.21753691441392,1.532842713440857,0.6000000238404695,-0.34420519502680197,376835.7849121094,3183.303891033595,18.849871948858116,34.19999999999999,ok
312.5,34.38799999999998,312.48,0.01999999999998181,14.16252791113171,19.280724176163375,1.5046903725870229,0.6000000238418711,-0.29269311572080214,376298.1872558594,3193.764085091486,18.913138639570036,34.30000000000001,ok
312.6,34.488,312.58,0.020000000000038654,14.16730174437462,19.34135074541409,1.4716237535734193,0.600000023843274,-0.36575152274987055,375757.080078125,3204.2092971377874,18.973952868028046,34.39999999999998,ok
312.7,34.587999999999965,312.68,0.01999999999998181,14.174131403496917,19.40095737967557,1.4347807044165397,0.6000000238432569,-0.29321449654237974,374664.36767578125,3214.631817245483,19.033949493697403,34.5,ok
312.8,34.68799999999999,312.78,0.020000000000038654,14.182842144320448,19.460320547938835,1.415695902365091,0.6000000238389775,-0.03717187972139483,374112.97607421875,3225.0315025753407,19.09394834995273,34.599999999999966,ok
312.9,34.787999999999954,312.88,0.01999999999998181,14.192077793326044,19.519605419107982,1.4217454215143368,0.60000002384891,0.1441212541795751,373558.2275390625,3235.4158248477497,19.153948292970178,34.69999999999999,ok
313.0,34.88799999999998,312.98,0.01999999999998181,14.202567692927419,19.570373589774768,1.4337466558372725,0.600000023848896,0.15098290751864174,371687.255859375,3245.766456561619,19.205788867296654,34.80000000000001,ok
313.1,34.988,313.08,0.020000000000038654,14.210944896850933,19.627671133294978,1.4448959051746177,0.6000000238375139,0.08908558968846098,371122.2229003906,3256.0832548777234,19.263695568454867,34.89999999999998,ok
313.2,35.087999999999965,313.18,0.01999999999998181,14.218270961763437,19.687222013916053,1.4535740042958845,0.6000000238375015,0.08650456273311039,370554.0771484375,3266.384314600626,19.323695390203333,35.0,ok
313.3,35.18799999999999,313.28,0.020000000000038654,14.2249930435424,19.746843751225203,1.4706053170908295,0.6000000238374897,0.31451021490123815,369982.84912109375,3276.6695496876996,19.383694873061142,35.099999999999966,ok
313.4,35.287999999999954,313.38,0.01999999999998181,14.230161108062964,19.806617616805177,1.5068629392052315,0.600000023841742,0.34716654188108736,368831.3293457031,3286.930857721963,19.44369173878979,35.19999999999999,ok
313.503,35.39099999999996,313.48,0.022999999999967713,14.23402521206615,19.864275814971705,1.5313624964113508,0.6000000238417317,0.24937520479014808,368251.15966796875,3297.168114513822,19.50147927304726,35.30000000000001,ok
313.6,35.488,313.58,0.020000000000038654,14.235905992142534,19.923681131872865,1.5596498810801485,0.6000000238374588,0.20041092299482027,367668.0908203125,3307.3892152150443,19.56091435536253,35.39999999999998,ok
313.7,35.587999999999965,313.68,0.01999999999998181,14.236211789222462,19.983679946270193,1.5722888902337606,0.6000000238374497,0.13710500850517937,367082.2448730469,3317.5940809885656,19.620913949035646,35.5,ok
313.8,35.68799999999999,313.78,0.020000000000038654,14.235785243936341,20.043677935252326,1.5883485756791154,0.6000000238431255,0.2602476942878391,366493.65234375,3327.782635116573,19.68091345422345,35.599999999999966,ok
313.9,35.787999999999954,313.88,0.01999999999998181,14.234125228208693,20.103653489680344,1.6129310300721826,0.6000000238402753,0.2029811468430643,365308.28857421875,3337.9465509626584,19.740911977381643,35.69999999999999,ok
314.0,35.88799999999998,313.98,0.01999999999998181,14.228371057626509,20.16513132340308,1.6291502797678536,0.6000000238402677,0.003562542753418642,364711.7004394531,3348.0857174767393,19.802658511845767,35.80000000000001,ok
314.1,35.988,314.08,0.020000000000038654,14.224160003119998,20.22535633939117,1.620398475512336,0.6000000238374186,-0.25211476544455835,364112.5183105469,3358.2082760704857,19.863030571035612,35.89999999999998,ok
314.2,36.087999999999965,314.18,0.01999999999998181,14.221851063747309,20.28530997467643,1.5941607354142742,0.6000000238416752,-0.14987801494694183,363510.8337402344,3368.314155960082,19.923028650879427,36.0,ok
314.3,36.18799999999999,314.28,0.020000000000038654,14.220871846589954,20.34530112206035,1.5748216735119422,0.6000000238374057,-0.2151022092576568,362906.6467285156,3378.403287633256,19.983027789462245,36.099999999999966,ok
314.4,36.287999999999954,314.38,0.01999999999998181,14.221093483409568,20.405299917589662,1.5570236425655366,0.6000000238416632,-0.17954711528805867,361691.0705566406,3388.467144817774,20.04302699435571,36.19999999999999,ok
314.5,36.38799999999998,314.48,0.01999999999998181,14.222467538981416,20.46650283741971,1.5351581889579535,0.6000000238430787,-0.18798150349393528,361079.77294921875,3398.505628755358,20.10424533657794,36.30000000000001,ok
314.6,36.488,314.58,0.020000000000038654,14.224990980694137,20.52797529972913,1.5252749539856412,0.6000000238373893,-0.05048239079902821,360466.1865234375,3408.527100414697,20.165769570668747,36.39999999999998,ok
314.7,36.587999999999965,314.68,0.01999999999998181,14.227894674971933,20.58943118379536,1.5219591991828907,0.6000000238373844,0.011057870394906048,359850.3723144531,3418.5314970652257,20.22729401399675,36.5,ok
314.8,36.68799999999999,314.78,0.020000000000038654,14.230774635493757,20.649667235856857,1.5279744478130264,0.6000000238373798,0.19475555458845048,359232.36083984375,3428.518757247921,20.28759887400457,36.599999999999966,ok
314.9,36.787999999999954,314.88,0.01999999999998181,14.23276540823179,20.70963254562114,1.5547713184364662,0.6000000238373756,0.301800872882088,357989.8986816406,3438.480177519055,20.34759722024195,36.69999999999999,ok
315.0,36.88799999999998,314.98,0.01999999999998181,14.235363523962107,20.76599900740252,1.5723905729342613,0.6000000238373716,0.0586193469736196,357365.5090332031,3448.4156692928746,20.404023528105395,36.80000000000001,ok
315.1,36.988,315.08,0.020000000000038654,14.23578563847751,20.825054861448017,1.573557234363208,0.6000000238444733,0.032928412722054955,356739.1357421875,3458.333789359196,20.46308089070911,36.89999999999998,ok
315.201,37.089,315.18,0.021000000000015007,14.235419145168269,20.88505343747437,1.586122091879976,0.6000000238444698,0.14077619371330033,356110.77880859375,3468.2344826168483,20.523080586062804,37.0,ok
315.3,37.18799999999999,315.28,0.020000000000038654,14.234284811852596,20.945042596229115,1.5899647396829142,0.6000000238402032,-0.11505997054374459,355480.4382324219,3478.1176939646366,20.583080468397466,37.099999999999966,ok
315.401,37.28899999999999,315.38,0.021000000000015007,14.233513417188057,21.00503689535352,1.573570651122628,0.600000023838779,-0.08434187966808995,354214.17236328125,3487.974563556246,20.643079726535856,37.19999999999999,ok
315.5,37.38799999999998,315.48,0.01999999999998181,14.232018951405768,21.068606131698505,1.5774163104650147,0.6000000238373551,0.1692945382069723,353578.2165527344,3497.8050134023038,20.706666527347494,37.30000000000001,ok
315.6,37.488,315.58,0.020000000000038654,14.231105281139465,21.128597830519386,1.6015305976923653,0.6000000238373523,0.27208869535004226,352940.5212402344,3507.617773649425,20.766665183338866,37.39999999999998,ok
315.7,37.587999999999965,315.68,0.01999999999998181,14.228616900055929,21.18854451624486,1.6263916426171674,0.600000023841613,0.13673948718085566,352301.0559082031,3517.4127955542667,20.826663493064103,37.5,ok
315.8,37.68799999999999,315.78,0.020000000000038654,14.225072471258114,21.248439618768316,1.631713564151764,0.600000023848716,0.004465290236199431,351659.8815917969,3527.1900307973187,20.886663378745645,37.599999999999966,ok
315.9,37.787999999999954,315.88,0.01999999999998181,14.221332803884467,21.30832288415677,1.6381746577643967,0.6000000238444505,0.09622379480101742,350372.49755859375,3536.940480507743,20.946663300292673,37.69999999999999,ok
316.0,37.88799999999998,315.98,0.01999999999998181,14.215388413061516,21.368298775680785,1.6405032505164803,0.6000000238430273,-0.07792983297934757,349726.318359375,3546.6640751732725,21.00693305511511,37.80000000000001,ok
316.1,37.988,316.08,0.020000000000038654,14.211290041124606,21.428158626911014,1.6389038555576738,0.6000000238416042,-0.06352185657320539,349078.6437988281,3556.369699647689,21.066933042130426,37.89999999999998,ok
316.2,38.087999999999965,316.18,0.01999999999998181,14.207413730975798,21.488033069437474,1.6291464829264755,0.6000000238373391,-0.14509476926339424,348429.38232421875,3566.057311121622,21.126932830865254,38.0,ok
316.3,38.18799999999999,316.28,0.020000000000038654,14.204228917633058,21.547948133703223,1.61949448776089,0.6000000238373373,0.03876817763715604,347778.5949707031,3575.726866361826,21.18693248054754,38.099999999999966,ok
316.4,38.287999999999954,316.38,0.01999999999998181,14.201265542895394,21.60204396132119,1.6184393915475286,0.6000000238487043,-0.10539518758285374,346472.59521484375,3585.369244003294,21.241109414343285,38.19999999999999,ok
316.5,38.38799999999998,316.48,0.01999999999998181,14.198752324850966,21.660532970518336,1.5997216422813756,0.6000000238373341,-0.2891283244722448,347265.07568359375,3595.0044894324415,21.299652393954872,38.30000000000001,ok
316.6,38.488,316.58,0.020000000000038654,14.197588341336768,21.720520574576106,1.581020370110362,0.6000000238373326,-0.03354860674590096,346611.02294921875,3604.641657469005,21.359651289763153,38.39999999999998,ok
316.7,38.587999999999965,316.68,0.01999999999998181,14.196932947954794,21.78051693165903,1.5878308419877185,0.6000000238344891,0.2126534111962897,345955.5358886719,3614.260637452867,21.419651226460676,38.5,ok
316.8,38.68799999999999,316.78,0.020000000000038654,14.195409297011507,21.840496570189753,1.6066387025359787,0.6000000238373301,0.10430423153692131,345298.7060546875,3623.861390813188,21.47965021437275,38.599999999999966,ok
316.9,38.787999999999954,316.88,0.01999999999998181,14.19300371272814,21.9004480447395,1.6183844982477,0.6000000238373289,0.14754218785353276,343980.95703125,3633.4347194671614,21.539649932175696,38.69999999999999,ok
317.0,38.88799999999998,316.98,0.01999999999998181,14.191607315505268,21.96029093355899,1.6289117490711813,0.6000000238430121,0.034972370463724665,343320.12939453125,3642.9805678897437,21.599509110815784,38.80000000000001,ok
317.1,38.988,317.08,0.020000000000038654,14.188160867560725,22.02019180715409,1.6221921382515812,0.600000023843011,-0.22066471715581845,342658.0505371094,3652.5080426110135,21.65950904965651,38.89999999999998,ok
317.2,39.087999999999965,317.18,0.01999999999998181,14.185687610174408,22.08013910828634,1.5954882881561556,0.6000000238373256,-0.2807393327695267,341994.68994140625,3662.0171084509952,21.719507348925234,39.0,ok
317.3,39.18799999999999,317.28,0.020000000000038654,14.184987837682963,22.14013208407562,1.5595034795274239,0.6000000238373248,-0.34934921184267603,341330.078125,3671.5077302296922,21.77950440573299,39.099999999999966,ok
317.4,39.287999999999954,317.38,0.01999999999998181,14.186469685301674,22.200111162258395,1.5272701109422944,0.6000000238373239,-0.23390703591304557,339997.3449707031,3680.9706111060236,21.839501786442653,39.19999999999999,ok
317.5,39.38799999999998,317.48,0.01999999999998181,14.189630718614358,22.271304039086605,1.5141130102729232,0.6000000238401652,0.02179983185030282,339329.16259765625,3690.4057014889195,21.9107648052019,39.30000000000001,ok
317.6,39.488,317.58,0.020000000000038654,14.19289743272554,22.331214928534788,1.522672609050153,0.6000000238387433,0.20730918211456684,338659.912109375,3699.8222164154026,21.97076468933143,39.39999999999998,ok
317.7,39.587999999999965,317.68,0.01999999999998181,14.195178377563606,22.39116976826838,1.5493040039217576,0.600000023844427,0.20281454977380536,337989.501953125,3709.2201249440504,22.030762901945096,39.5,ok
317.8,39.68799999999999,317.78,0.020000000000038654,14.196104224099331,22.45116222420216,1.5593392108775233,0.6000000238430052,-0.05288358508504946,336645.4162597656,3718.590054363671,22.09076250161688,39.599999999999966,ok
317.9,39.787999999999954,317.88,0.01999999999998181,14.197041436103003,22.511154480264416,1.5438107287591578,0.6000000238430045,-0.2994004194182038,335971.7712402344,3727.9319597456174,22.150762077896875,39.69999999999999,ok
318.0,39.88799999999998,317.98,0.01999999999998181,14.20057399718853,22.554668429778886,1.5201421990016708,0.6000000238387407,-0.0915315926579664,333810.72998046875,3737.234494484796,22.19441918258982,39.80000000000001,ok
318.1,39.988,318.08,0.020000000000038654,14.204155700268018,22.610458773322573,1.5113326648085876,0.6000000238472667,-0.08659617564743247,333133.23974609375,3746.4976051754393,22.250324379393625,39.89999999999998,ok
318.2,40.087999999999965,318.18,0.01999999999998181,14.207923747722813,22.670340176976683,1.504525488827584,0.6000000238401607,0.03596788629672806,332454.77294921875,3755.741883129543,22.310324218436808,40.0,ok
318.3,40.18799999999999,318.28,0.020000000000038654,14.21174908238221,22.73021800137356,1.5091799591984478,0.6000000238486867,-0.027021128385414782,331775.3601074219,3764.9673016442157,22.37032411043471,40.099999999999966,ok
318.4,40.287999999999954,318.38,0.01999999999998181,14.21287027629597,22.794330424334788,1.5195142769866545,0.600000023844423,0.20782412751453094,331095.0012207031,3774.1738344404416,22.43444633632988,40.19999999999999,ok
318.5,40.38799999999998,318.48,0.01999999999998181,14.214579291420051,22.855266182724886,1.5504187197882648,0.6000000238401593,0.37334209229989057,329731.50634765625,3783.351980378893,22.49540605568021,40.30000000000001,ok
318.602,40.48999999999995,318.58,0.02199999999999136,14.214785270299798,22.915260977495404,1.5978264226281933,0.6000000238401589,0.561536524053349,329048.40087890625,3792.501701312592,22.555401204041186,40.39999999999998,ok
318.7,40.587999999999965,318.68,0.01999999999998181,14.211940501190028,22.975187841509527,1.6437204039926208,0.6000000238373163,0.3058454016036233,328364.3798828125,3801.632434378729,22.61539555162373,40.5,ok
318.8,40.68799999999999,318.78,0.020000000000038654,14.206959945628054,23.03497948601758,1.6640574489463553,0.600000023837316,0.050307395286355756,327679.5654296875,3810.7441558414,22.675394273999157,40.599999999999966,ok
318.9,40.787999999999954,318.88,0.01999999999998181,14.201274757173387,23.094709489640152,1.6698006026880108,0.6000000238373157,0.09986495687436923,326993.83544921875,3819.83684196472,22.735394229836785,40.69999999999999,ok
319.0,40.88799999999998,318.98,0.01999999999998181,14.197091528389354,23.15078960944271,1.6722325113561445,0.6000000238415786,0.003403750047666361,327124.6337890625,3828.9218207041426,22.791630154654726,40.80000000000001,ok
319.1,40.988,319.08,0.020000000000038654,14.191595451111233,23.209562707827192,1.6668305837332755,0.6000000238387361,-0.08654014316207423,326437.6525878906,3837.9990746815974,22.850659672348495,40.89999999999998,ok
319.2,41.087999999999965,319.18,0.01999999999998181,14.1861545289504,23.26931495273141,1.651803873587406,0.6000000238387359,-0.1323573882222511,325749.7863769531,3847.0572335561114,22.910659125721455,41.0,ok
319.3,41.18799999999999,319.28,0.020000000000038654,14.181616347285509,23.32914266059968,1.6391186516608989,0.6000000238387355,-0.05924123736108025,325061.09619140625,3856.09627359178,22.97065870673328,41.099999999999966,ok
319.4,41.287999999999954,319.38,0.01999999999998181,14.177667763314012,23.38901249566598,1.6312407468211738,0.6000000238373142,-0.18473852654647263,324371.5515136719,3865.116171476575,23.030658610618584,41.19999999999999,ok
319.5,41.38799999999998,319.48,0.01999999999998181,14.170120414654894,23.46486624309053,1.6170859333227117,0.6000000238401562,-0.11771489601584587,322989.92919921875,3874.107303153145,23.106886908973785,41.30000000000001,ok
319.6,41.488,319.58,0.020000000000038654,14.167534440536052,23.524810387794847,1.610948465112431,0.6000000238373138,-0.04091357665403642,322297.91259765625,3883.0696342892097,23.166886806860994,41.39999999999998,ok
319.703,41.59099999999995,319.68,0.022999999999967713,14.165187286681176,23.584764450955483,1.6119572486240392,0.6000000238429979,0.14587115731151631,321605.0109863281,3892.0127304501,23.22688679703339,41.5,ok
319.8,41.68799999999999,319.78,0.020000000000038654,14.162304044307367,23.64469436595056,1.6278500019013713,0.6000000238429977,0.04851268857309293,320911.3464355469,3900.9365687476234,23.286886028677664,41.599999999999966,ok
319.9,41.787999999999954,319.88,0.01999999999998181,14.158687752591986,23.704585029698737,1.6404867643159364,0.6000000238387343,0.2736195506809294,319521.54541015625,3909.83147002326,23.34688577176018,41.69999999999999,ok
320.001,41.88899999999995,319.98,0.020999999999958163,14.157492960685628,23.756021955187826,1.6718723669650384,0.6000000238387341,0.3957923012805308,318825.50048828125,3918.697401216296,23.398336571865425,41.80000000000001,ok
320.1,41.988,320.08,0.020000000000038654,14.15156948218037,23.813429403201866,1.6998671603231543,0.6000000238415761,0.1405744404617517,318128.5705566406,3927.543985536361,23.45604881220564,41.89999999999998,ok
320.2,42.087999999999965,320.18,0.01999999999998181,14.143541003333969,23.872889479389666,1.7103344716844775,0.6000000238373128,0.011570177231692066,318949.6154785156,3936.3922936757403,23.516048454978296,42.0,ok
320.3,42.18799999999999,320.28,0.020000000000038654,14.135136079237402,23.93229783760462,1.715807408228644,0.6000000238373125,0.11967754742614972,318251.8310546875,3945.2423137664764,23.576048419768828,42.099999999999966,ok
320.4,42.287999999999954,320.38,0.01999999999998181,14.126147844632632,23.991620264480563,1.732689572487995,0.6000000238429968,0.3038327274658219,317553.2531738281,3954.072939936319,23.636047908864672,42.19999999999999,ok
320.5,42.38799999999998,320.48,0.01999999999998181,14.115672381924227,24.045135637570887,1.7723007218171318,0.6000000238373123,0.5134796744353728,316853.82080078125,3962.8841492970796,23.690578913586315,42.30000000000001,ok
320.6,42.488,320.58,0.020000000000038654,14.10257245044611,24.09673237987917,1.815366959916344,0.6000000238373122,0.3697458034838757,316153.564453125,3971.675918536714,23.743812662482657,42.39999999999998,ok
320.701,42.589,320.68,0.021000000000015007,14.087071850924943,24.15330028009493,1.8609345588528916,0.6000000238373121,0.4413199448036791,316273.13232421875,3980.4596226586236,23.802465845860336,42.5,ok
320.8,42.68799999999999,320.78,0.020000000000038654,14.069012388231409,24.210514529265875,1.8948644780996375,0.6000000238387331,0.18620937645916283,315570.8923339844,3989.235234112207,23.86246263328245,42.599999999999966,ok
320.9,42.787999999999954,320.88,0.01999999999998181,14.048317403011998,24.258819813138903,1.9149791400144764,0.6000000238429962,0.29297310660875153,316391.54052734375,3998.0124901241716,23.915014349365613,42.69999999999999,ok
321.0,42.88799999999998,320.98,0.01999999999998181,14.026949308410527,24.31287158580673,1.9543465426999462,0.6000000238486805,0.4609113867871977,315687.9577636719,4006.7913720448823,23.973136544742523,42.80000000000001,ok
321.1,42.988,321.08,0.020000000000038654,14.003447028913898,24.368070903968878,2.005150924353812,0.600000023841575,0.6133382236649983,314983.45947265625,4015.5506972842727,24.033130893368906,42.89999999999998,ok
321.2,43.087999999999965,321.18,0.01999999999998181,13.97689797720505,24.42186807319957,2.0621858068758283,0.6000000238373117,0.43920034237323746,315803.28369140625,4024.3116242726646,24.093122455807926,43.0,ok
321.3,43.18799999999999,321.28,0.020000000000038654,13.94777001709992,24.474319767520072,2.0959259722933425,0.6000000238373115,0.18375339569722093,316623.1384277344,4033.095324579872,24.153119274865084,43.099999999999966,ok
321.401,43.28899999999999,321.38,0.021000000000015007,13.917362269930376,24.526043109993612,2.1109240094206685,0.6000000238401537,0.12076699524285657,315916.4733886719,4041.880596966213,24.21311873523401,43.19999999999999,ok
321.5,43.38799999999998,321.48,0.01999999999998181,13.884610798629673,24.606776675620186,2.12371539442657,0.6000000238373114,0.07409599652160245,316027.1301269531,4050.657591459488,24.300242598159965,43.30000000000001,ok
321.602,43.48999999999995,321.58,0.02199999999999136,13.853049442992965,24.6578048933358,2.1230610845275804,0.6000000238373113,0.009414076458820433,315317.626953125,4059.4262686411525,24.360242582933786,43.39999999999998,ok
321.701,43.589,321.68,0.021000000000015007,13.821448974434187,24.708808684298187,2.1334079240818347,0.6000000238429957,0.12224010661265733,316134.7961425781,4068.1964411841504,24.420242385480705,43.5,ok
321.8,43.68799999999999,321.78,0.020000000000038654,13.789301463678692,24.75946960913683,2.1353761998575442,0.6000000238373112,-0.13371128868100138,316951.5380859375,4076.989306937321,24.48024231675801,43.599999999999966,ok
321.901,43.78899999999999,321.88,0.021000000000015007,13.751938768811202,24.791934257052915,2.1219784248592957,0.6000000238486799,-0.08166751412139012,316951.5380859375,4085.7935163285993,24.52973902707371,43.69999999999999,ok
322.0,43.88799999999998,321.98,0.01999999999998181,13.719235513569398,24.83850680334229,2.11834021323735,0.6000000238373112,0.004661611154998367,317767.7001953125,4094.60906130473,24.58664689095285,43.80000000000001,ok
322.1,43.988,322.08,0.020000000000038654,13.687988924844838,24.889728389410376,2.1189497251367806,0.6000000238373111,0.006145001785224031,318583.2214355469,4103.4472685496,24.64664689250495,43.89999999999998,ok
322.2,44.087999999999965,322.18,0.01999999999998181,13.656682752959616,24.940913549555166,2.1242116353000644,0.6000000238415744,0.12948712622163983,317868.4997558594,4112.286875788372,24.7066468676479,44.0,ok
322.3,44.18799999999999,322.28,0.020000000000038654,13.624987250389424,24.99185846829954,2.126933115701992,0.600000023837311,-0.1002268761492105,318682.06787109375,4121.127855894299,24.76664678122324,44.099999999999966,ok
322.4,44.287999999999954,322.38,0.01999999999998181,13.593413247657436,25.04287884046602,2.127107748106888,0.6000000238387321,0.09858798144897782,319494.6594238281,4129.991421551174,24.82664674809428,44.19999999999999,ok
322.5,44.38799999999998,322.48,0.01999999999998181,13.564782344966197,25.078636162534572,2.122446156878198,0.6000000238444164,-0.008539676821029393,318776.123046875,4138.856293529936,24.872454112899835,44.30000000000001,ok
322.6,44.488,322.58,0.020000000000038654,13.533257845043527,25.129687058524993,2.1292679234409264,0.6000000238486797,0.10691657789703912,319586.181640625,4147.7224366505925,24.932454013539747,44.39999999999998,ok
322.7,44.587999999999965,322.68,0.01999999999998181,13.501249643017744,25.180435889606443,2.13843596745976,0.600000023840153,-0.007988570753964086,318864.8986816406,4156.589812766181,24.992453753981327,44.5,ok
322.8,44.68799999999999,322.78,0.020000000000038654,13.469068131709893,25.231075243037278,2.135695912221323,0.6000000238373109,0.03649850645376168,319672.18017578125,4165.458383305865,25.052453702197557,44.599999999999966,ok
322.9,44.787999999999954,322.88,0.01999999999998181,13.436350019964783,25.28905812248653,2.1442217777583203,0.6000000238373109,0.16844948213862518,320477.9968261719,4174.34935798645,25.119030643741848,44.69999999999999,ok
323.0,44.88799999999998,322.98,0.01999999999998181,13.403365681767067,25.341101418982916,2.158922196445449,0.6000000238373108,0.1393902308418907,319752.0751953125,4183.2414423200835,25.18064615539721,44.80000000000001,ok
323.1,44.988,323.08,0.020000000000038654,13.36987155259792,25.39088215709644,2.164656183800578,0.6000000238373108,-0.03915866973706131,320554.5349121094,4192.134589682683,25.240645976863,44.89999999999998,ok
323.201,45.089,323.18,0.021000000000015007,13.336323479727204,25.44062675909842,2.167630844971104,0.6000000238373108,0.17507783241950148,321355.28564453125,4201.0500038570835,25.300645965376955,45.0,ok
323.3,45.18799999999999,323.28,0.020000000000038654,13.302235957769915,25.49000224851259,2.186461934867098,0.6000000238373108,0.16137450784244584,320624.1455078125,4209.966384845307,25.36064511627159,45.099999999999966,ok
323.401,45.28899999999999,323.38,0.021000000000015007,13.267265947391953,25.541530086411903,2.199772882048511,0.6000000238373108,0.20361996876032032,321421.0205078125,4218.883678817749,25.422918864387572,45.19999999999999,ok
323.5,45.38799999999998,323.48,0.01999999999998181,13.23153377298773,25.590421883633287,2.2215054767242775,0.6000000238401528,0.15690547864696192,322215.6677246094,4227.823077265423,25.483476243155074,45.30000000000001,ok
323.6,45.488,323.58,0.020000000000038654,13.194887368568569,25.63792943731436,2.2381645387671547,0.6000000238373107,0.19020303242196915,323008.0261230469,4236.784517457749,25.543475631598728,45.39999999999998,ok
323.7,45.587999999999965,323.68,0.01999999999998181,13.15740133263804,25.68477706498762,2.2549381629626826,0.6000000238373107,0.11128130923917372,322269.1955566406,4245.746701092191,25.603474824163275,45.5,ok
323.8,45.68799999999999,323.78,0.020000000000038654,13.119246712448247,25.7310822419352,2.271119809010676,0.6000000238401528,0.2803904073457833,323056.9152832031,4254.709563742741,25.66347436127794,45.599999999999966,ok
323.9,45.787999999999954,323.88,0.01999999999998181,13.080083988671504,25.80358079120304,2.2903512338127596,0.6000000238415739,0.042524461084730306,323096.7712402344,4263.683920500013,25.745874352658735,45.69999999999999,ok
324.0,45.88799999999998,323.98,0.01999999999998181,13.040542381077822,25.8554690437856,2.2843768570753884,0.6000000238373107,-0.18723249054637053,323876.64794921875,4272.669662433203,25.81111183795028,45.80000000000001,ok
324.101,45.988999999999976,324.08,0.021000000000015007,13.00167509788031,25.901176440889092,2.25919822141403,0.6000000238373107,-0.29571673111312924,323127.0751953125,4281.655825254651,25.871110436710016,45.89999999999998,ok
324.2,46.087999999999965,324.18,0.01999999999998181,12.964161729865095,25.94799964364761,2.2239217729534992,0.6000000238387317,-0.3746635057129278,324653.4423828125,4290.652776887682,25.931107645781857,46.0,ok
324.3,46.18799999999999,324.28,0.020000000000038654,12.928328579358771,25.996121541139935,2.19472507798252,0.6000000238444161,-0.18430654071998476,325427.06298828125,4299.681672795611,25.99110540985245,46.099999999999966,ok
324.4,46.287999999999954,324.38,0.01999999999998181,12.89344478856232,26.020632394635648,2.186491022253476,0.6000000238373105,0.07101741381591262,326197.3876953125,4308.732012388441,26.033739443199284,46.19999999999999,ok
324.5,46.38799999999998,324.48,0.01999999999998181,12.858544680996207,26.063360929619,2.2009728185466284,0.6000000238373105,0.1850511150105858,325439.9719238281,4317.782531272042,26.088909591014474,46.30000000000001,ok
324.6,46.488,324.58,0.020000000000038654,12.822851233126942,26.11158850621833,2.2152078619409696,0.6000000238429949,0.01127140271751463,326204.0100097656,4326.833142132228,26.148908935722893,46.39999999999998,ok
324.7,46.587999999999965,324.68,0.01999999999998181,12.786830101811665,26.159572643488236,2.2137655565694665,0.6000000238373105,-0.01448675188363262,326964.3859863281,4335.904925409954,26.208908930145974,46.5,ok
324.8,46.68799999999999,324.78,0.020000000000038654,12.750863189036975,26.207597437427733,2.2162351997977687,0.6000000238486792,0.09398453150893192,326199.15771484375,4344.976641294689,26.26890892720825,46.599999999999966,ok
324.9,46.787999999999954,324.88,0.01999999999998181,12.71452610567108,26.255342130328238,2.2312293917545074,0.6000000238373105,0.178039971393222,326952.63671875,4354.048193995158,26.32890842160365,46.69999999999999,ok
325.0,46.88799999999998,324.98,0.01999999999998181,12.679782025353003,26.310999546938923,2.236457971266227,0.6000000238373105,-0.047650265634972766,327702.0263671875,4363.140619871353,26.394520151811932,46.80000000000001,ok
325.1,46.988,325.08,0.020000000000038654,12.643355906720341,26.36030290152754,2.236082373065179,0.6000000238373105,0.02494140591464474,328447.1435546875,4372.253802786931,26.45582009383745,46.89999999999998,ok
325.2,47.087999999999965,325.18,0.01999999999998181,12.606310917017465,26.407501088638742,2.2357777852889726,0.6000000238373105,-0.011464981539062304,327670.41015625,4381.366546588474,26.515820094909703,47.0,ok
325.3,47.18799999999999,325.28,0.020000000000038654,12.569305842389602,26.454730576652054,2.236479772585675,0.6000000238415738,0.10454697217421996,328407.8063964844,4390.478744040593,26.575820095628146,47.099999999999966,ok
325.4,47.287999999999954,325.38,0.01999999999998181,12.530647179755723,26.49759631194379,2.252264221671138,0.6000000238373105,0.195636982331544,329923.9501953125,4399.622240659925,26.63354325786603,47.19999999999999,ok
325.5,47.38799999999998,325.48,0.01999999999998181,12.492067056530946,26.542778138967314,2.2770923365613553,0.6000000238373105,0.3219531723113928,330655.3649902344,4408.796953370838,26.69295557478115,47.30000000000001,ok
325.6,47.488,325.58,0.020000000000038654,12.452564349132395,26.587936483577508,2.3048403844542444,0.6000000238415738,0.145713741840371,329868.5302734375,4417.970896360608,26.752953407906592,47.39999999999998,ok
325.7,47.587999999999965,325.68,0.01999999999998181,12.412203498918736,26.63233226823158,2.3091978910794455,0.6000000238373105,-0.1097073485696128,330591.552734375,4427.143953069052,26.812953273948278,47.5,ok
325.8,47.68799999999999,325.78,0.020000000000038654,12.372096428795684,26.676956593763034,2.2907330925194915,0.6000000238486792,-0.21980402978843586,331309.38720703125,4436.337021679346,26.872952503134933,47.599999999999966,ok
325.9,47.787999999999954,325.88,0.01999999999998181,12.333231513166456,26.722180534434287,2.2638619007026994,0.5985204603513501,-0.30095978978366256,332021.9421386719,4445.54995680915,26.932582080332025,47.69999999999999,ok
326.001,47.88899999999995,325.98,0.020999999999958163,12.295023859298059,26.771874124870678,2.2332336037936646,0.6000000238433706,-0.24023019775902282,332729.00390625,4454.782608837554,26.995266031584215,47.80000000000001,ok
326.1,47.988,326.08,0.020000000000038654,12.258481069662631,26.81946136100633,2.219408777771945,0.6000000238486854,0.014797097474590112,331925.048828125,4464.013915125528,27.055265369225303,47.89999999999998,ok
326.201,48.089,326.18,0.021000000000015007,12.222126013888282,26.867192829230635,2.2258695907196797,0.6000000238426524,-0.013122197536066,332622.6501464844,4473.243744277956,27.115265228718506,48.0,ok
326.3,48.18799999999999,326.28,0.020000000000038654,12.185690335559965,26.914862720598972,2.2148772242202215,0.6000000238465882,-0.25944512528471386,333314.3615722656,4482.492869440713,27.17526503870415,48.099999999999966,ok
326.4,48.287999999999954,326.38,0.01999999999998181,12.150156781985277,26.965593288827606,2.1930293183926652,0.6000000238462809,-0.08797497076767347,332499.7863769531,4491.740288162232,27.23720229713916,48.19999999999999,ok
326.5,48.38799999999998,326.48,0.01999999999998181,12.115260925104083,27.01499841725566,2.1944519353676752,0.6000000238417291,0.16754159970043625,333181.4270019531,4500.985860570275,27.297688556260265,48.30000000000001,ok
326.6,48.488,326.58,0.020000000000038654,12.079926228097854,27.063489649647657,2.208632011544058,0.600000023852827,0.12983233088034946,333856.8115234375,4510.250280549791,27.35768805985335,48.39999999999998,ok
326.7,48.587999999999965,326.68,0.01999999999998181,12.043880472741632,27.111454281910618,2.22761270795404,0.6000000238454674,0.20558156181222287,334525.7568359375,4519.533371777006,27.417687246742187,48.5,ok
326.8,48.68799999999999,326.78,0.020000000000038654,12.006937939611264,27.15873207302717,2.241473372573874,0.6000000238409655,0.13894644113598728,333695.8312988281,4528.814227167763,27.47768674913136,48.599999999999966,ok
326.9,48.787999999999954,326.88,0.01999999999998181,11.969235347397088,27.21223373551412,2.265586229141456,0.6000000238450047,0.3932305484636247,334353.8818359375,4538.092695405749,27.543138359871936,48.69999999999999,ok
327.0,48.88799999999998,326.98,0.01999999999998181,11.930089992248249,27.259408058976323,2.305427780007766,0.6000000238405312,0.46090239743222644,335005.06591796875,4547.389347457888,27.604439058268003,48.80000000000001,ok
327.1,48.988,327.08,0.020000000000038654,11.889061813703009,27.303181123791482,2.351183504697528,0.6000000238403338,0.4523265012359305,335649.23095703125,4556.703990470038,27.664433996704943,48.89999999999998,ok
327.2,49.087999999999965,327.18,0.01999999999998181,11.846093766506412,27.345052049182332,2.3956611616184342,0.6000000238401485,0.4396528416171715,337133.97216796875,4566.048201624554,27.724429225456696,49.0,ok
327.3,49.18799999999999,327.28,0.020000000000038654,11.801347051519315,27.385017460606857,2.43706554449703,0.6000000238399746,0.4039306494308217,336286.2854003906,4575.401260757445,27.784425080417417,49.099999999999966,ok
327.4,49.287999999999954,327.38,0.01999999999998181,11.755062351101406,27.42319284525501,2.472353886996536,0.6000000238398113,0.3294802329372718,336916.0461425781,4584.751293139989,27.844422026054758,49.19999999999999,ok
327.5,49.38799999999998,327.48,0.01999999999998181,11.706797524434531,27.4569324354952,2.5066751673906666,0.600000023839658,0.3114278857558781,337538.26904296875,4594.118714184235,27.903310509162743,49.30000000000001,ok
327.6,49.488,327.58,0.020000000000038654,11.657864676915757,27.491185359869217,2.5373270717432876,0.6000000238437774,0.27783271532756076,339014.6789550781,4603.515282906426,27.963040622124865,49.39999999999998,ok
327.7,49.587999999999965,327.68,0.01999999999998181,11.608136598078937,27.524755128431288,2.5622981269668856,0.6000000238393791,0.18614445634208268,339626.3122558594,4612.940852228802,28.023039048655168,49.5,ok
327.8,49.68799999999999,327.78,0.020000000000038654,11.557683132782214,27.557225862684763,2.5804479477942466,0.6000000238420945,0.11235699928512773,340230.0720214844,4622.383302010428,28.083038221511195,49.599999999999966,ok
327.9,49.787999999999954,327.88,0.01999999999998181,11.505584725690339,27.57820402029889,2.592431745986655,0.600000023850502,0.05010168398172198,341699.0966796875,4631.854540464614,28.139201618117827,49.69999999999999,ok
328.0,49.88799999999998,327.98,0.01999999999998181,11.454031382244013,27.60668990497607,2.5952200604035047,0.6000000238390216,-0.010023067332634618,342291.5954589844,4641.354411188764,28.198101472500806,49.80000000000001,ok
328.1,49.988,328.08,0.020000000000038654,11.402782099597513,27.637891041675356,2.593729557165548,0.6000000238389167,-0.01800410050818595,343755.8898925781,4650.88284848531,28.258101471693376,49.89999999999998,ok
328.2,50.087999999999965,328.18,0.01999999999998181,11.351600673272051,27.66920330070023,2.5892826334297627,0.6000000238388182,-0.06807473488130932,344336.7004394531,4660.439690017702,28.318101438076276,50.0,ok
328.3,50.18799999999999,328.28,0.020000000000038654,11.300698879076077,27.700781743205173,2.5803314512123325,0.5898357911875249,-0.11937645642817758,344908.9660644531,4670.01254649692,28.378002946266033,50.099999999999966,ok
328.4,50.287999999999954,328.38,0.01999999999998181,11.25118071148172,27.73236706382111,2.5609601295943785,0.582071529122118,-0.21751797319906702,346364.7155761719,4679.613569853042,28.436736934725136,50.19999999999999,ok
328.5,50.38799999999998,328.48,0.01999999999998181,11.206813047424808,27.767882076387234,2.5274911023796136,0.5240974404460135,-0.3874142112755398,346924.6826171875,4689.242589272396,28.493568314538045,50.30000000000001,ok
328.6,50.488,328.58,0.020000000000038654,11.167543856773516,27.798008951084853,2.4803508725053787,0.47216042700665034,-0.48736827581887854,348374.9694824219,4698.899528884887,28.5430627375921,50.39999999999998,ok
328.702,50.589999999999975,328.68,0.02199999999999136,11.132030637117689,27.82687386779823,2.421970747413504,0.4179447495902496,-0.6820924714681679,348922.18017578125,4708.584211519032,28.588827048874943,50.5,ok
328.8,50.68799999999999,328.78,0.020000000000038654,11.101920819069136,27.85485582435402,2.347224323225354,0.37546392718468,-0.7933177523216565,348017.4560546875,4718.263928688896,28.62993168408324,50.599999999999966,ok
328.9,50.787999999999954,328.88,0.01999999999998181,11.078456847566763,27.882597861484935,2.256535337710633,0.3494827694780667,-0.9954793012249895,349460.14404296875,4727.951117579144,28.666265945914702,50.69999999999999,ok
329.0,50.88799999999998,328.98,0.01999999999998181,11.059512694390026,27.90833371241475,2.156998848891816,0.29326190913676536,-1.0475923859717797,348550.0183105469,4737.64570316739,28.698222400077597,50.80000000000001,ok
329.1,50.988,329.08,0.020000000000038654,11.045939931947643,27.930730190309706,2.055835055171832,0.2515508761225745,-1.0472975304452548,349988.70849609375,4747.34762992859,28.724410605484167,50.89999999999998,ok
329.2,51.087999999999965,329.18,0.01999999999998181,11.036755783829406,27.950180184106532,1.9580426828785682,0.18998273625779402,-0.9392764555606138,349073.05908203125,4757.056821144955,28.74591992521665,51.0,ok
329.301,51.188999999999965,329.28,0.021000000000015007,11.031940617770688,27.963733249724452,1.8682419146226157,0.12191849112833199,-0.8489943998650515,349073.05908203125,4766.753295008341,28.760302950344094,51.099999999999966,ok
329.4,51.287999999999954,329.38,0.01999999999998181,11.028984104381028,27.97459976098906,1.7857969369629083,0.10188076442395896,-0.7379561287470453,349073.05908203125,4776.449768871734,28.771564479480368,51.19999999999999,ok
329.5,51.38799999999998,329.48,0.01999999999998181,11.029249376350858,27.990620588293122,1.7087696322125572,0.05020159513684824,-0.5844735793651223,349073.05908203125,4786.146242735126,28.787587502813203,51.30000000000001,ok
329.6,51.488,329.58,0.020000000000038654,11.029377978618651,27.99558510545632,1.6513618963858776,3.213886652989051e-08,-0.468715470020656,349073.05908203125,4795.842716598512,28.792553685371967,51.39999999999998,ok
329.7,51.587999999999965,329.68,0.01999999999998181,11.02924961667065,27.995526420061122,1.6129327305105805,-9.82507513021258e-09,-0.23556903535761947,349073.05908203125,4805.539190461905,28.792694826313245,51.5,ok
329.8,51.68799999999999,329.78,0.020000000000038654,11.029129925595448,27.995474370885365,1.5995974079839719,-9.222929063697205e-09,9.205205427437885e-05,349073.05908203125,4815.235664325291,28.79282534478006,51.599999999999966,ok
329.9,51.787999999999954,329.88,0.01999999999998181,11.029023167064922,27.995428462811134,1.599605545819293,-8.657686519954189e-09,-4.200488949908745e-05,349073.05908203125,4824.932138188683,28.792941555515878,51.69999999999999,ok
330.0,51.88799999999998,329.98,0.01999999999998181,11.02948595105478,27.99184039727279,1.596810278111884,-8.12708580554683e-09,0.0003294128193036802,349073.05908203125,4834.628612052075,28.79655934259208,51.80000000000001,ok
330.1,51.988,330.08,0.020000000000038654,11.029528120203127,27.99088426860318,1.5961162937673883,-7.629003838383053e-09,0.00010350968816658618,349073.05908203125,4844.325085915461,28.79751640072507,51.89999999999998,ok
330.2,52.087999999999965,330.18,0.01999999999998181,11.029454965319308,27.990853112371806,1.5961165914909297,-7.161447652340863e-09,1.777817131276169e-05,349073.05908203125,4854.021559778854,28.797595913917558,52.0,ok
330.3,52.18799999999999,330.28,0.020000000000038654,11.02939050275608,27.990825658045033,1.5961194220715267,-6.722546424912934e-09,8.43355921367555e-05,349073.05908203125,4863.71803364224,28.797665979330684,52.099999999999966,ok
330.4,52.287999999999954,330.38,0.01999999999998181,11.029333699493288,27.99080146576707,1.596108033624834,-6.310543989272721e-09,-0.0002485449843326724,349073.05908203125,4873.414507505632,28.79772771973056,52.19999999999999,ok
330.503,52.39099999999996,330.48,0.022999999999967713,11.029283643670528,27.990780147904516,1.5961060999384264,-5.9237918077770235e-09,-0.00010851969863379706,349073.05908203125,4883.110981369025,28.797782125949468,52.30000000000001,ok
330.6,52.488,330.58,0.020000000000038654,11.029239534358327,27.990761362947048,1.5960949514931952,-5.5607423765473285e-09,-9.624141933993967e-05,349073.05908203125,4892.807455232411,28.797830068686665,52.39999999999998,ok
330.701,52.589,330.68,0.021000000000015007,11.029200665329567,27.990744809949916,1.5960919464648726,-5.2199430333743635e-09,-0.0003217666519162262,349073.05908203125,4902.503929095803,28.797872315616857,52.5,ok
330.8,52.68799999999999,330.78,0.020000000000038654,11.029166414158572,27.99073022372304,1.596092000351767,-4.900030145093409e-09,-0.00012653081492096182,349073.05908203125,4912.200402959189,28.797909543304524,52.599999999999966,ok
330.9,52.787999999999954,330.88,0.01999999999998181,11.029136232297656,27.99071737058353,1.596082648404164,-4.599723649710563e-09,0.00010012137984588853,349073.05908203125,4921.896876822581,28.79794234799815,52.69999999999999,ok
331.0,52.88799999999998,330.98,0.01999999999998181,11.029109636363447,27.990706044613745,1.596077986207495,-4.317821937667443e-09,0.00047669242530776445,349073.05908203125,4931.593350685974,28.79797125511333,52.80000000000001,ok
331.1,52.988,331.08,0.020000000000038654,11.02908619987281,27.990696064349127,1.5960753530658793,-4.053197040151946e-09,-0.00012109272262178115,349073.05908203125,4941.28982454936,28.797996728133864,52.89999999999998,ok
331.2,53.087999999999965,331.18,0.01999999999998181,11.029065547320755,27.99068726989392,1.5960781237796255,-3.804790120118251e-09,-3.84507888411919e-05,349073.05908203125,4950.986298412752,28.798019175190436,53.0,ok
331.3,53.18799999999999,331.28,0.020000000000038654,11.029047349027785,27.990679520381327,1.5960824506189684,-3.5716072308879243e-09,0.0002501013851122202,349073.05908203125,4960.682772276138,28.79803895479641,53.099999999999966,ok
331.4,53.287999999999954,331.38,0.01999999999998181,11.029031314420967,27.99067269168031,1.596102668802115,-3.3527153429826345e-09,-4.0125617194844724e-06,349073.05908203125,4970.379246139531,28.798056382928078,53.19999999999999,ok
331.5,53.38799999999998,331.48,0.01999999999998181,11.029017203495888,27.99066596385064,1.5961009119539065,-3.1472481337637553e-09,5.780802706015578e-06,349073.05908203125,4980.075720002923,28.798072015646927,53.30000000000001,ok
331.6,53.488,331.58,0.020000000000038654,11.029004752197874,27.990660699535592,1.5960957754885043,-2.954362744245556e-09,0.00018392517898758423,349073.05908203125,4989.772193866309,28.79808553407269,53.39999999999998,ok
331.703,53.59099999999995,331.68,0.022999999999967713,11.028993780793797,27.990656060726668,1.5961145016259795,-2.773298838623303e-09,-0.00010505261103330299,349073.05908203125,4999.468667729701,28.798097445842316,53.5,ok
331.8,53.68799999999999,331.78,0.020000000000038654,11.028984139872154,27.99065093158983,1.5961125154255695,-2.603346044597818e-09,-0.00015017569071274766,349073.05908203125,5009.165141593087,28.798108366255075,53.599999999999966,ok
