t_ros_s,t_elapsed_s,tf_stamp_s,tf_age_s,x_map_m,y_map_m,yaw_rad,dose_rate_uSv_h,exposure_valid_uSv,path_valid_m,covered_s,status
318.6,0.06100000000003547,318.58,0.020000000000038654,9.090785666647657e-17,-5.550349022910571e-17,0.0006959469609566503,147.13140869140625,0.0,0.0,0.0,first_sample
318.7,0.16100000000000136,318.68,0.01999999999998181,9.091260395222041e-17,-5.550348693342225e-17,0.0007093353094842492,147.13140869140625,0.004086983574762214,4.747286887805584e-21,0.10000000000002274,ok
318.8,0.2610000000000241,318.78,0.020000000000038654,9.092841722976625e-17,-5.550347576039665e-17,0.0006971324083253628,147.13140869140625,0.008173967149522104,2.056056838085248e-20,0.19999999999998863,ok
318.901,0.3620000000000232,318.88,0.021000000000015007,9.09456726819042e-17,-5.550346360179477e-17,0.0006958896092013057,147.13140869140625,0.012260950724284318,3.7816024802416583e-20,0.30000000000001137,ok
319.0,0.46100000000001273,318.98,0.01999999999998181,9.09653452201954e-17,-5.550344990165232e-17,0.0007049965662346834,147.13140869140625,0.016347934299046532,5.748856786407606e-20,0.4000000000000341,ok
319.1,0.5610000000000355,319.08,0.020000000000038654,9.096927656737861e-17,-5.550344713252344e-17,0.0007018797692510681,147.13140869140625,0.020434917873806423,6.141991602253231e-20,0.5,ok
319.2,0.6610000000000014,319.18,0.01999999999998181,9.098048941597362e-17,-5.5503439388144795e-17,0.0006935885364747204,147.13140869140625,0.02452190144856864,7.26327672919485e-20,0.6000000000000227,ok
319.3,0.7610000000000241,319.28,0.020000000000038654,9.098399479332148e-17,-5.550343697017634e-17,0.000686076799647939,147.13140869140625,0.02860888502332853,7.613814547375614e-20,0.6999999999999886,ok
319.4,0.86099999999999,319.38,0.01999999999998181,9.098769666968348e-17,-5.550343445072003e-17,0.0006902331998830394,147.13140869140625,0.032695868598090747,7.984002269310528e-20,0.8000000000000114,ok
319.501,0.9619999999999891,319.48,0.020999999999958163,9.100072925988456e-17,-5.550342549324072e-17,0.0006885494908828171,147.13140869140625,0.03678285217285296,9.287261597249237e-20,0.9000000000000341,ok
319.6,1.0610000000000355,319.58,0.020000000000038654,9.100918339045932e-17,-5.550341963756205e-17,0.0006903459661313784,147.13140869140625,0.04086983574761285,1.0132674857519227e-19,1.0,ok
319.7,1.1610000000000014,319.68,0.01999999999998181,9.101545885253458e-17,-5.5503415302273254e-17,0.0006852356309856589,147.13140869140625,0.04495681932237506,1.076022121479246e-19,1.1000000000000227,ok
319.8,1.261000000000024,319.78,0.020000000000038654,9.10204203989234e-17,-5.55034119073793e-17,0.0006876663398722724,147.13140869140625,0.04904380289713495,1.125637596982042e-19,1.1999999999999886,ok
319.9,1.36099999999999,319.88,0.01999999999998181,9.103638974937271e-17,-5.550340096629099e-17,0.0006836423013805159,147.13140869140625,0.05313078647189716,1.285331138955544e-19,1.3000000000000114,ok
320.0,1.4610000000000127,319.98,0.01999999999998181,9.10519554738593e-17,-5.550339038469187e-17,0.0006883985684145163,147.13140869140625,0.05721777004665937,1.4409884197884313e-19,1.400000000000034,ok
320.1,1.5610000000000355,320.08,0.020000000000038654,9.106225400377858e-17,-5.550338322952543e-17,0.0007030257454112566,147.13140869140625,0.06130475362141926,1.5439737438373767e-19,1.5,ok
320.203,1.6639999999999873,320.18,0.022999999999967713,9.107256625339304e-17,-5.550337597275181e-17,0.0006999926048791849,147.13140869140625,0.06539173719618148,1.647096265515047e-19,1.6000000000000227,ok
320.3,1.761000000000024,320.28,0.020000000000038654,9.108793496798897e-17,-5.550336538382702e-17,0.0006802797282219332,147.13140869140625,0.06947872077094137,1.8007834479527656e-19,1.6999999999999886,ok
320.4,1.86099999999999,320.38,0.01999999999998181,9.110161112628115e-17,-5.550335606719115e-17,0.0006764036862980661,147.13140869140625,0.07356570434570359,1.9375450626085748e-19,1.8000000000000114,ok
320.5,1.9610000000000127,320.48,0.01999999999998181,9.111004061000798e-17,-5.5503350349731674e-17,0.0006865570524201561,147.13140869140625,0.0776526879204658,2.0218399192666916e-19,1.900000000000034,ok
320.601,2.062000000000012,320.58,0.021000000000015007,9.113618044031907e-17,-5.5503332418429527e-17,0.0006925634658272453,147.13140869140625,0.0817396714952257,2.2832382838798305e-19,2.0,ok
320.7,2.1610000000000014,320.68,0.01999999999998181,9.114443729934685e-17,-5.5503326715391426e-17,0.000691200534729486,147.13140869140625,0.0858266550699879,2.365806893853137e-19,2.1000000000000227,ok
320.8,2.261000000000024,320.78,0.020000000000038654,9.115979926672466e-17,-5.5503316048332976e-17,0.000708395295700104,147.13140869140625,0.0899136386447478,2.519426604666283e-19,2.1999999999999886,ok
320.9,2.36099999999999,320.88,0.01999999999998181,9.116891674696171e-17,-5.550330953868641e-17,0.0007124470016908192,147.13140869140625,0.09400062221951001,2.610601430275358e-19,2.3000000000000114,ok
321.0,2.4610000000000127,320.98,0.01999999999998181,9.118510992866086e-17,-5.5503298076691366e-17,0.0007074254326049356,147.13140869140625,0.09808760579427223,2.772533287832477e-19,2.400000000000034,ok
321.1,2.5610000000000355,321.08,0.020000000000038654,9.119315309668589e-17,-5.550329243146072e-17,0.0006960933897706137,147.13140869140625,0.10217458936903212,2.852964987893816e-19,2.5,ok
321.2,2.6610000000000014,321.18,0.01999999999998181,9.120963502736759e-17,-5.55032808691216e-17,0.0007120347195996859,147.13140869140625,0.10626157294379433,3.017784335266652e-19,2.6000000000000227,ok
321.3,2.761000000000024,321.28,0.020000000000038654,9.121817200419316e-17,-5.55032748006001e-17,0.0007022806176415489,147.13140869140625,0.11034855651855423,3.103154125091387e-19,2.6999999999999886,ok
321.4,2.86099999999999,321.38,0.01999999999998181,9.122755197782204e-17,-5.5503268168233256e-17,0.0007082899424708525,147.13140869140625,0.11443554009331644,3.1969538848282176e-19,2.8000000000000114,ok
321.5,2.9610000000000127,321.48,0.01999999999998181,9.12353869645485e-17,-5.5503262621639856e-17,0.0007118510010135636,147.13140869140625,0.11852252366807865,3.27530377172572e-19,2.900000000000034,ok
321.6,3.0610000000000355,321.58,0.020000000000038654,9.125726539915434e-17,-5.5503247160119824e-17,0.000705371041346936,147.13140869140625,0.12260950724283855,3.49408817241745e-19,3.0,ok
321.7,3.1610000000000014,321.68,0.01999999999998181,9.126433439724776e-17,-5.550324218919644e-17,0.0007079535694649586,147.13140869140625,0.12669649081760076,3.564778170829464e-19,3.1000000000000227,ok
321.8,3.261000000000024,321.78,0.020000000000038654,0.004232138027143622,7.093594477447574e-06,0.0049793566356122225,147.13140869140625,0.13078347439236065,0.00423214397201666,3.1999999999999886,ok
321.9,3.36099999999999,321.88,0.01999999999998181,0.023394622198708893,0.0002728745230858863,0.030559150829901682,147.13140869140625,0.13487045796712288,0.023396471226775732,3.3000000000000114,ok
322.0,3.4610000000000127,321.98,0.01999999999998181,0.05425399463200855,0.0017655641531903023,0.07951469951804802,147.63748168945312,0.13896447033352463,0.05429192379360045,3.400000000000034,ok
322.102,3.562999999999988,322.08,0.02199999999999136,0.0849100074048956,0.005082341823739894,0.1547572347957407,147.63748168945312,0.1430655114915636,0.08512684122898967,3.5,ok
322.2,3.6610000000000014,322.18,0.01999999999998181,0.11764197742765331,0.011369340962454415,0.240666818357243,148.14456176757812,0.14717359542846775,0.11845713105282568,3.6000000000000227,ok
322.3,3.761000000000024,322.28,0.020000000000038654,0.15232985887984468,0.02116376494940627,0.32592745388477334,148.6527099609375,0.15129577975802908,0.15450126872981082,3.6999999999999886,ok
322.4,3.86099999999999,322.38,0.01999999999998181,0.18926430935723623,0.03500564550962854,0.4093209797200149,148.6527099609375,0.1554250217013894,0.19394428191985943,3.8000000000000114,ok
322.5,3.9610000000000127,322.48,0.01999999999998181,0.2253350875501779,0.05219088983520822,0.4962176040652812,150.39686584472656,0.15957848803202457,0.23389967782547227,3.900000000000034,ok
322.6,4.0610000000000355,322.58,0.020000000000038654,0.2636308092526403,0.07430026074997537,0.5703528643770638,150.91522216796875,0.16376337814331057,0.2781194311373034,4.0,ok
322.7,4.161000000000001,322.68,0.01999999999998181,0.304439757953737,0.10218169209970891,0.640816622016208,152.68759155273438,0.16798008388943242,0.3275435599429652,4.100000000000023,ok
322.8,4.261000000000024,322.78,0.020000000000038654,0.3422261124311568,0.13236818101286352,0.7070577325683733,152.68759155273438,0.17222140587700693,0.3759071071412139,4.199999999999989,ok
322.9,4.36099999999999,322.88,0.01999999999998181,0.37413882092049455,0.16963247335009332,0.7655181857960786,154.4794464111328,0.17648761473761718,0.4249687871625908,4.300000000000011,ok
323.0,4.461000000000013,322.98,0.01999999999998181,0.4065531036812158,0.20428300741758024,0.7994097978100279,156.29110717773438,0.18080387242635243,0.4724171300003977,4.400000000000034,ok
323.1,4.5610000000000355,323.08,0.020000000000038654,0.4375501192573534,0.23648376964494716,0.8170819312971249,156.29110717773438,0.1851452920701769,0.5171128128193315,4.5,ok
323.2,4.661000000000001,323.18,0.01999999999998181,0.4684898033027027,0.270002526219283,0.8255021435572167,158.1229248046875,0.18951215362548932,0.5627282826855471,4.600000000000023,ok
323.3,4.761000000000024,323.28,0.020000000000038654,0.500817357070532,0.30538775669952334,0.8343308792595016,159.9752197265625,0.19393018341064405,0.6106572433330681,4.699999999999989,ok
323.4,4.86099999999999,323.38,0.01999999999998181,0.5281611611971125,0.3358723968614031,0.843804318162591,159.9752197265625,0.19837393951416069,0.6516083960630231,4.800000000000011,ok
323.5,4.961000000000013,323.48,0.01999999999998181,0.5566803454910864,0.36386433510571875,0.8567503086656835,161.84832763671875,0.2028437110053184,0.6915695331773148,4.900000000000034,ok
323.6,5.0610000000000355,323.58,0.020000000000038654,0.58353017166427,0.39416144598614744,0.8724139023648211,161.84832763671875,0.2073394978841146,0.7320519749667026,5.0,ok
323.7,5.161000000000001,323.68,0.01999999999998181,0.6077522321684263,0.4233559965779286,0.8867524780680124,163.74258422851562,0.21186159388224388,0.7699865238545315,5.100000000000023,ok
323.8,5.261000000000024,323.78,0.020000000000038654,0.6342943332598909,0.45584163526905674,0.8919836019339196,165.05685424804688,0.21642825274997235,0.8119364922874165,5.199999999999989,ok
323.9,5.36099999999999,323.88,0.01999999999998181,0.6644462429051792,0.48817582667945947,0.8744210544347396,165.6583251953125,0.22102151913113116,0.8561477757953875,5.300000000000011,ok
324.0,5.461000000000013,323.98,0.01999999999998181,0.6917589579266813,0.519478148145749,0.8615244561389611,166.98268127441406,0.22564153310987842,0.8976907623397455,5.400000000000034,ok
324.1,5.5610000000000355,324.08,0.020000000000038654,0.7157311970111642,0.5474398198531092,0.8564165828696902,167.5958709716797,0.23028845744662813,0.9345217727982409,5.5,ok
324.2,5.661000000000001,324.18,0.01999999999998181,0.7389916176191514,0.5741797650578393,0.8537286154059134,168.93032836914062,0.23496243243747392,0.9699628765679099,5.600000000000023,ok
324.3,5.761000000000024,324.28,0.020000000000038654,0.7623862761735303,0.6012179190628071,0.8594574144132068,170.90011596679688,0.2396822997199159,1.0057172024722298,5.699999999999989,ok
324.4,5.86099999999999,324.38,0.01999999999998181,0.7815573739138523,0.6255343273241136,0.8710355424648583,170.90011596679688,0.2444295251634391,1.0366820002157888,5.800000000000011,ok
324.5,5.961000000000013,324.48,0.01999999999998181,0.8037219526039202,0.6524770073961901,0.8872963366280637,172.89236450195312,0.24920442072550616,1.071570057742319,5.900000000000034,ok
324.602,6.062999999999988,324.58,0.02199999999999136,0.8270654295861682,0.6813115146528893,0.8972738304468105,172.89236450195312,0.25400698640611435,1.108669204988009,6.0,ok
324.7,6.161000000000001,324.68,0.01999999999998181,0.8518088444780012,0.7124937350228875,0.9060031787119998,174.9073486328125,0.25883753797743164,1.1484758306640508,6.100000000000023,ok
324.801,6.2620000000000005,324.78,0.021000000000015007,0.8768274885777618,0.7444693526014361,0.9061223063862311,174.9073486328125,0.26369607543945256,1.189075986724343,6.199999999999989,ok
324.9,6.36099999999999,324.88,0.01999999999998181,0.9020877139302715,0.7766090887880382,0.8986516318172689,176.9453887939453,0.2685829190148253,1.2299543627562253,6.300000000000011,ok
325.0,6.461000000000013,324.98,0.01999999999998181,0.9266307066367732,0.8061047834875384,0.8779053067681002,178.32066345214844,0.2735171697404666,1.2683256345203657,6.400000000000034,ok
325.1,6.5610000000000355,325.08,0.020000000000038654,0.9509783233989628,0.8335657673085726,0.850049237711368,179.00677490234375,0.27848005082872174,1.3050259352605171,6.5,ok
325.2,6.661000000000001,325.18,0.01999999999998181,0.97503399001201,0.8601527227133797,0.8243592610288265,180.3920135498047,0.28347170066833605,1.340880381203737,6.600000000000023,ok
325.3,6.761000000000024,325.28,0.020000000000038654,0.9968837463225435,0.8834307796451195,0.8007618323222413,180.3920135498047,0.2884825899336067,1.3728065426602452,6.699999999999989,ok
325.4,6.86099999999999,325.38,0.01999999999998181,1.0176765403916397,0.9044793945863119,0.7793535373635652,182.4869842529297,0.2935225760142014,1.4023934396949533,6.800000000000011,ok
325.5,6.961000000000013,325.48,0.01999999999998181,1.040639960737014,0.9289663959967447,0.7696962528727488,182.4869842529297,0.29859165891011724,1.4359632462483563,6.900000000000034,ok
325.603,7.064000000000021,325.58,0.023000000000024556,1.0680691829109599,0.9555628261162711,0.7719823208521642,184.60580444335938,0.30369016986423064,1.4741696897385652,7.0,ok
325.7,7.161000000000001,325.68,0.01999999999998181,1.0966599409044608,0.9835234873402988,0.7777686578751127,184.60580444335938,0.30881810887654737,1.5141600638144324,7.100000000000023,ok
325.8,7.261000000000024,325.78,0.020000000000038654,1.124820999558061,1.0113262961236629,0.7801543643999092,186.74871826171875,0.31397581058078283,1.5537333047827409,7.199999999999989,ok
325.9,7.36099999999999,325.88,0.01999999999998181,1.154197879380592,1.0382243057859357,0.7844732671034478,187.49102783203125,0.3191735848320861,1.5935642474266096,7.300000000000011,ok
326.0,7.461000000000013,325.98,0.01999999999998181,1.1830963994763821,1.0665063034993356,0.7843112275525927,188.91600036621094,0.3244014602237295,1.6339993294518453,7.400000000000034,ok
326.103,7.564000000000021,326.08,0.023000000000024556,1.2110331512644397,1.0942701952046814,0.7814749502316392,189.6730499267578,0.32965964147779675,1.6733858218457323,7.5,ok
326.2,7.661000000000001,326.18,0.01999999999998181,1.2405743591173628,1.12361850578352,0.7843361901207934,191.1078338623047,0.3349482648637572,1.7150272230618486,7.600000000000023,ok
326.3,7.761000000000024,326.28,0.020000000000038654,1.2705011152662837,1.1535878351813917,0.787942739553832,193.324462890625,0.3402876023186572,1.757380162017193,7.699999999999989,ok
326.401,7.862000000000023,326.38,0.021000000000015007,1.2977085197418237,1.1827385838090225,0.7945314789409651,193.324462890625,0.3456577262878424,1.7972550789932438,7.800000000000011,ok
326.5,7.961000000000013,326.48,0.01999999999998181,1.3260033323838891,1.2120900554703868,0.7970484044932781,195.5660400390625,0.3510589832729782,1.838024004796329,7.900000000000034,ok
326.6,8.061000000000035,326.58,0.020000000000038654,1.352507570705894,1.2392427364434944,0.7968610891495687,196.36891174316406,0.3565025242699517,1.8759679467773223,8.0,ok
326.7,8.161000000000001,326.68,0.01999999999998181,1.3799130765136645,1.2671804961283728,0.791139063273101,197.83279418945312,0.36197754796346154,1.9151033548471221,8.100000000000023,ok
326.811,8.271999999999991,326.76,0.05099999999998772,1.401631848322693,1.2890646736494005,0.7861014294520096,198.65142822265625,0.3663829282124841,1.9459355178374884,8.180000000000007,ok
326.9,8.36099999999999,326.88,0.01999999999998181,1.439426866427441,1.326717954615886,0.7821753118233303,200.12486267089844,0.3730291997273769,1.999285615879379,8.300000000000011,ok
327.0,8.461000000000013,326.98,0.01999999999998181,1.4758630261070809,1.363061934826973,0.7887843687653545,202.44239807128906,0.3786204116821308,2.050748987609029,8.400000000000034,ok
327.1,8.561000000000035,327.08,0.020000000000038654,1.513895519538458,1.401711437867285,0.8004680763710428,204.78550720214844,0.3842763548109266,2.104973102556816,8.5,ok
327.201,8.662000000000035,327.18,0.021000000000015007,1.5499320709211102,1.4391558715903814,0.8097988250479418,204.78550720214844,0.38996484112209867,2.1569415415597137,8.600000000000023,ok
327.3,8.761000000000024,327.28,0.020000000000038654,1.5855558877481275,1.4768387262607827,0.8190206970491928,207.1543426513672,0.39568622792561775,2.208797629547871,8.699999999999989,ok
327.4,8.86099999999999,327.38,0.01999999999998181,1.6173091142452505,1.5113418314144431,0.8397237917210795,209.54896545410156,0.4014737738715283,2.255688264628046,8.800000000000011,ok
327.501,8.961999999999989,327.48,0.020999999999958163,1.645455963787979,1.543482656375146,0.8717754194200755,209.54896545410156,0.4072945784674769,2.2984115342634044,8.900000000000034,ok
327.6,9.061000000000035,327.58,0.020000000000038654,1.6712340879426457,1.575063951008794,0.9068843718530059,211.96942138671875,0.41314900050693076,2.3391778175827196,9.0,ok
327.7,9.161000000000001,327.68,0.01999999999998181,1.6957167645885884,1.6073491819706882,0.9444278806785456,213.48602294921875,0.4190581039004868,2.379696178778758,9.100000000000023,ok
327.805,9.26600000000002,327.78,0.025000000000034106,1.7197544641820146,1.6416772805521826,0.9843672280627096,214.41578674316406,0.4250011845906568,2.421603568985792,9.199999999999989,ok
327.9,9.36099999999999,327.88,0.01999999999998181,1.7416413331940386,1.6757922146595219,1.0212803140870226,215.9409637451172,0.43097836168077314,2.4621358248358876,9.300000000000011,ok
328.0,9.461000000000013,327.98,0.01999999999998181,1.7614647253646976,1.7093165135532769,1.0578817457545222,218.421630859375,0.4370111754947258,2.501082525510907,9.400000000000034,ok
328.1,9.561000000000035,328.08,0.020000000000038654,1.779302041412232,1.7418812051850618,1.0860514615626715,218.421630859375,0.4430784430185952,2.538212418923801,9.5,ok
328.2,9.661000000000001,328.18,0.01999999999998181,1.7971046053974244,1.776272226920671,1.1088597395481614,219.95152282714844,0.44916695904202053,2.5769380391314365,9.600000000000023,ok
328.3,9.761000000000024,328.28,0.020000000000038654,1.815590418495557,1.8141554438854854,1.1282744363323334,222.4658660888672,0.4553116449991853,2.619090896845977,9.699999999999989,ok
328.4,9.86099999999999,328.38,0.01999999999998181,1.8316501634165192,1.848916694759559,1.1440864951197176,222.4658660888672,0.4614912523905441,2.6573826710182016,9.800000000000011,ok
328.5,9.961000000000013,328.48,0.01999999999998181,1.8456135935777116,1.882991915949612,1.1586584312978006,223.99951171875,0.4676921604156513,2.6942079080305756,9.900000000000034,ok
328.6,10.061000000000035,328.58,0.020000000000038654,1.859267071898822,1.9160685440753267,1.1794539642062023,226.5467987060547,0.47394974806043816,2.7299917144020593,10.0,ok
328.7,10.161000000000001,328.68,0.01999999999998181,1.8716635235802759,1.946740730723967,1.2018515192769572,226.5467987060547,0.4802427146911633,2.763074263398466,10.100000000000023,ok
328.8,10.261000000000024,328.78,0.020000000000038654,1.8851719917876693,1.9821746292510385,1.219911828925953,228.0831756591797,0.4865570198906783,2.8009957596523978,10.199999999999989,ok
328.9,10.36099999999999,328.88,0.01999999999998181,1.8980127510760463,2.0162920844203036,1.2244491029489153,229.61460876464844,0.4929139335632329,2.837449646226107,10.300000000000011,ok
329.0,10.461000000000013,328.98,0.01999999999998181,1.910458128916655,2.050282055349877,1.2259822031365186,232.2006378173828,0.499328034210207,2.873646407868397,10.400000000000034,ok
329.1,10.561000000000035,329.08,0.020000000000038654,1.9229137136797052,2.085180826846344,1.238678502846146,232.2006378173828,0.5057780519273544,2.910701310968421,10.5,ok
329.202,10.663000000000011,329.18,0.02199999999999136,1.9360646305134233,2.1240023514414954,1.2554845787891926,233.73316955566406,0.5122493548075371,2.9516898140572057,10.600000000000023,ok
329.3,10.761000000000024,329.28,0.020000000000038654,1.94970900112594,2.1664421169875405,1.2638175598237504,235.25994873046875,0.5187631481170645,2.996268985752236,10.699999999999989,ok
329.4,10.86099999999999,329.38,0.01999999999998181,1.9621142159787517,2.2059336222275134,1.2696739597814704,237.88238525390625,0.5253345694224045,3.0376630474237274,10.800000000000011,ok
329.5,10.961000000000013,329.48,0.01999999999998181,1.974089013606626,2.24516396439186,1.278691138649593,237.88238525390625,0.5319424134572368,3.078680306285824,10.900000000000034,ok
329.6,11.061000000000035,329.58,0.020000000000038654,1.9855489963383117,2.283653727113685,1.288722564265698,239.4085693359375,0.5385714544932046,3.1188399008877736,11.0,ok
329.7,11.161000000000001,329.68,0.01999999999998181,1.9969267955993824,2.3242928850042546,1.3085706600863338,240.92820739746094,0.5452427986145034,3.1610417429101294,11.100000000000023,ok
329.8,11.261000000000024,329.78,0.020000000000038654,2.0064788446891546,2.360972691127711,1.326937418586714,243.58447265625,0.5519721413930249,3.198944906618028,11.199999999999989,ok
329.901,11.362000000000023,329.88,0.021000000000015007,2.014908064431984,2.3956937090424937,1.3368448645379472,243.58447265625,0.5587383767445889,3.2346744578398328,11.300000000000011,ok
330.0,11.461000000000013,329.98,0.01999999999998181,2.0238173758049336,2.4334974764823127,1.3457437449581982,245.10174560546875,0.5655256853315588,3.2735138793312,11.400000000000034,ok
330.1,11.561000000000035,330.08,0.020000000000038654,2.0323793795759912,2.4713747148566316,1.35304717368234,246.61163330078125,0.5723550378163654,3.312346766108268,11.5,ok
330.2,11.661000000000001,330.18,0.01999999999998181,2.041141752658979,2.5114248066439506,1.3627540604770334,248.11383056640625,0.5792262248145224,3.3533441932741055,11.600000000000023,ok
330.3,11.761000000000024,330.28,0.020000000000038654,2.049277877858228,2.5510085069634743,1.3708879714646043,249.60813903808594,0.5861390299479157,3.393755402910093,11.699999999999989,ok
330.4,11.86099999999999,330.38,0.01999999999998181,2.0563606063663964,2.586447067970733,1.3737646006716562,250.80470275878906,0.5930892083062071,3.429894808679774,11.800000000000011,ok
330.5,11.961000000000013,330.48,0.01999999999998181,2.063257653144017,2.6207678088245374,1.3711009900799875,252.3021697998047,0.6000768037584114,3.4649017009583907,11.900000000000034,ok
330.6,12.061000000000035,330.58,0.020000000000038654,2.0703276408696936,2.6557644987998446,1.3739782589952991,253.79116821289062,0.6071058778974743,3.500605384741286,12.0,ok
330.701,12.162000000000035,330.68,0.021000000000015007,2.077973697141402,2.6940026757227824,1.3795472991588307,253.79116821289062,0.6141556325700561,3.5396005171413694,12.100000000000023,ok
330.835,12.295999999999992,330.78,0.05500000000000682,2.086560743005883,2.7385810118358163,1.387742310323127,255.27142333984375,0.6212259463416194,3.5849983739992135,12.199999999999989,ok
330.9,12.36099999999999,330.88,0.01999999999998181,2.0952332227741963,2.786438519284763,1.3963144227007314,256.74267578125,0.6283372532738585,3.633635324197163,12.300000000000011,ok
331.0,12.461000000000013,330.98,0.01999999999998181,2.1025844534035287,2.8294702134381664,1.4033934616646342,259.46453857421875,0.635506797917686,3.6772904188995876,12.400000000000034,ok
331.1,12.561000000000035,331.08,0.020000000000038654,2.1090487740069492,2.869004151797812,1.4116903099493119,260.9280090332031,0.6427344721900089,3.7173493719948456,12.5,ok
331.2,12.661000000000001,331.18,0.01999999999998181,2.114603478593794,2.9042687438690065,1.4139158035311048,262.3817138671875,0.6500026627858493,3.7530487585021075,12.600000000000023,ok
331.3,12.761000000000024,331.28,0.020000000000038654,2.119697608847539,2.9363980027758716,1.411777082801649,262.3817138671875,0.657291043726602,3.78557935088753,12.699999999999989,ok
331.401,12.862000000000023,331.38,0.021000000000015007,2.124493544643348,2.966238843908657,1.405316618324309,263.82537841796875,0.6645994755638974,3.8158031296001536,12.800000000000011,ok
331.5,12.961000000000013,331.48,0.01999999999998181,2.128797967997531,2.991704544364952,1.4024831745249906,263.82537841796875,0.6719279582977316,3.8416300527645917,12.900000000000034,ok
331.6,13.061000000000035,331.58,0.020000000000038654,2.133169761849771,3.017166169550074,1.3959430416045813,265.2587890625,0.6792763495127355,3.8674642730654663,13.0,ok
331.7,13.161000000000001,331.68,0.01999999999998181,2.137162827283436,3.0392069504314096,1.3828646319587645,265.2587890625,0.6866446492089178,3.889863839878612,13.100000000000023,ok
331.8,13.261000000000024,331.78,0.020000000000038654,2.142046360758849,3.063885504906268,1.3726065879751606,266.68170166015625,0.6940327115800633,3.9150209452401996,13.199999999999989,ok
331.9,13.36099999999999,331.88,0.01999999999998181,2.148986965650198,3.0972350868609095,1.357456415728948,266.68170166015625,0.7014405366261804,3.949085099608203,13.300000000000011,ok
332.0,13.461000000000013,331.98,0.01999999999998181,2.157063320009891,3.1305410209738125,1.3418420978366614,269.42523193359375,0.7088864662594286,3.9833562645559604,13.400000000000034,ok
332.1,13.561000000000035,332.08,0.020000000000038654,2.1638129724272543,3.1590440447586596,1.3326372631980947,270.83673095703125,0.716390104632907,4.012647563138215,13.5,ok
332.2,13.661000000000001,332.18,0.01999999999998181,2.170173105517213,3.1849117197532757,1.3262934610336383,270.83673095703125,0.7239133471594928,4.039285654333889,13.600000000000023,ok
332.3,13.761000000000024,332.28,0.020000000000038654,2.1769300062440755,3.2117655488053045,1.3210298781240544,272.2369384765625,0.7314560370127347,4.066976516404043,13.699999999999989,ok
332.4,13.86099999999999,332.38,0.01999999999998181,2.1842545269891662,3.239885875417351,1.3080111588114205,272.2369384765625,0.7390181741926409,4.096035101588346,13.800000000000011,ok
332.5,13.961000000000013,332.48,0.01999999999998181,2.190550060550524,3.2628204581850793,1.2942818901326176,273.6257019042969,0.7465995997534879,4.1198180540869735,13.900000000000034,ok
332.6,14.061000000000035,332.58,0.020000000000038654,2.1964569061953836,3.2830560243531344,1.275251461725197,273.6257019042969,0.7542003136952713,4.140898114893668,14.0,ok
332.7,14.161000000000001,332.68,0.01999999999998181,2.202200494244695,3.3013462397652487,1.2546462687752513,276.3822021484375,0.7618393123626721,4.160068946474529,14.100000000000023,ok
332.826,14.287000000000035,332.78,0.04600000000004911,2.208020432203978,3.3186812652994466,1.2318919591310604,276.3822021484375,0.7695165957556817,4.178354864228943,14.199999999999989,ok
332.9,14.36099999999999,332.88,0.01999999999998181,2.2140676334688876,3.3352580361131197,1.2115866834498203,276.3822021484375,0.7771938791486955,4.196000202813039,14.300000000000011,ok
333.0,14.461000000000013,332.98,0.01999999999998181,2.2213518566185857,3.3533003513259896,1.1990800297480222,277.7570495605469,0.7848902576446554,4.215457464828419,14.400000000000034,ok
333.1,14.561000000000035,333.08,0.020000000000038654,2.229916756702963,3.374701687528757,1.1828822679017057,277.7570495605469,0.7926057312435568,4.238509031038099,14.5,ok
333.2,14.661000000000001,333.18,0.01999999999998181,2.2398807599559496,3.398288182242324,1.1599884468456778,277.7570495605469,0.8003212048424626,4.264113798049315,14.600000000000023,ok
333.3,14.761000000000024,333.28,0.020000000000038654,2.2474300230343656,3.4151116397625016,1.1449108697340302,279.1196594238281,0.808055603578354,4.282553431884084,14.699999999999989,ok
333.4,14.86099999999999,333.38,0.01999999999998181,2.2528227466938366,3.4313776615451,1.1373415981853234,280.52655029296875,0.8158284676022002,4.299690086548848,14.800000000000011,ok
333.5,14.961000000000013,333.48,0.01999999999998181,2.2605632819398047,3.44892471473669,1.11754395082604,280.52655029296875,0.8236208717770066,4.318868589139055,14.900000000000034,ok
333.6,15.061000000000035,333.58,0.020000000000038654,2.27049189579893,3.468896292180143,1.0877182818140523,281.8861389160156,0.8314321591271288,4.341171980781213,15.0,ok
333.7,15.161000000000001,333.68,0.01999999999998181,2.28061737729954,3.4874432858893023,1.0523090592057633,281.8861389160156,0.8392623296525754,4.3623029142974294,15.100000000000023,ok
333.801,15.262,333.78,0.021000000000015007,2.2909669645822346,3.5050946719885747,1.01385958397394,283.23297119140625,0.8471112061818424,4.382764717447389,15.199999999999989,ok
333.903,15.364000000000033,333.88,0.023000000000024556,2.301942625342349,3.5218423506070264,0.9682609809051465,284.6667785644531,0.8549987027062311,4.402788450072154,15.300000000000011,ok
334.0,15.461000000000013,333.98,0.01999999999998181,2.312306322271567,3.5310937793955333,0.9148451315169605,284.6667785644531,0.8629061132219121,4.416680719457301,15.400000000000034,ok
334.1,15.561000000000035,334.08,0.020000000000038654,2.3246661160238027,3.5448866129009873,0.8543736176598496,284.6667785644531,0.8708135237375887,4.435201161074795,15.5,ok
334.2,15.661000000000001,334.18,0.01999999999998181,2.3356530728979723,3.5569031317916644,0.789386984586759,286.0097961425781,0.8787395872751882,4.451483358334528,15.600000000000023,ok
334.3,15.761000000000024,334.28,0.020000000000038654,2.3490133898344405,3.569944344145119,0.7286622178220309,286.0097961425781,0.8866843038347015,4.470153422295072,15.699999999999989,ok
334.4,15.86099999999999,334.38,0.01999999999998181,2.3680515808951084,3.58642181743882,0.6686810047229736,287.46087646484375,0.8946491742875842,4.495331981527226,15.800000000000011,ok
334.5,15.961000000000013,334.48,0.01999999999998181,2.388850955832846,3.601888669869193,0.6026760347732837,288.79962158203125,0.9026527923160148,4.521251810267083,15.900000000000034,ok
334.6,16.061000000000035,334.58,0.020000000000038654,2.407897564718465,3.61410489998207,0.5436724944176803,290.267822265625,0.910695395702785,4.543879439135626,16.0,ok
334.7,16.161,334.68,0.01999999999998181,2.4261262260639604,3.6246866932270065,0.4933704887630583,290.267822265625,0.9187583907657209,4.564956878323709,16.100000000000023,ok
334.8,16.261000000000024,334.78,0.020000000000038654,2.447302601196099,3.635730763325147,0.4425977065716503,290.267822265625,0.9268213858286521,4.588840143344843,16.19999999999999,ok
334.9,16.36099999999999,334.88,0.01999999999998181,2.4717532540793985,3.6457398357015016,0.37822853377713017,291.743896484375,0.934904881922404,4.615260134946936,16.30000000000001,ok
335.0,16.461000000000013,334.98,0.01999999999998181,2.5006448324381565,3.6564499126464685,0.30930874836583294,294.5797119140625,0.9430482653723841,4.646072941508939,16.400000000000034,ok
335.101,16.562000000000012,335.08,0.021000000000015007,2.5334805107386194,3.6657728008265957,0.24186797920192268,294.5797119140625,0.9512310351477719,4.6802064736067255,16.5,ok
335.201,16.662000000000035,335.18,0.021000000000015007,2.565837104578621,3.672980219784293,0.1821323447230849,296.080078125,0.9594346433427607,4.713356074704757,16.600000000000023,ok
335.3,16.761000000000024,335.28,0.020000000000038654,2.598117345437099,3.677840067467307,0.1287150799104149,296.080078125,0.9676590899573413,4.746000095127853,16.69999999999999,ok
335.4,16.86099999999999,335.38,0.01999999999998181,2.6249694813794933,3.6804303294318292,0.07767712357333689,297.5877990722656,0.9759044771406385,4.7729768751750274,16.80000000000001,ok
335.501,16.96199999999999,335.48,0.020999999999958163,2.647411367226206,3.6761313083331233,0.03133578694118787,297.5877990722656,0.9841708048926479,4.795826816592108,16.900000000000034,ok
335.601,17.062000000000012,335.58,0.021000000000015007,2.670609508184022,3.6766005053905437,-0.004468577947226886,299.1026611328125,0.9924581723954934,4.819029701968229,17.0,ok
335.7,17.161,335.68,0.01999999999998181,2.700215446839034,3.6764079576346727,-0.03304376093737083,300.62445068359375,1.0007877156151677,4.84863626675178,17.100000000000023,ok
335.8,17.261000000000024,335.78,0.020000000000038654,2.730947342495515,3.6753227975145655,-0.050726473837397604,300.62445068359375,1.0091383948008201,4.879387315240036,17.19999999999999,ok
335.901,17.362000000000023,335.88,0.021000000000015007,2.76181031039139,3.6734457137815757,-0.054278713039021424,302.1529541015625,1.0175103032006159,4.910307312502042,17.30000000000001,ok
336.0,17.461000000000013,335.98,0.01999999999998181,2.792064440723493,3.6719375187216623,-0.04685148227595116,302.1529541015625,1.02590344081455,4.940599011934241,17.400000000000034,ok
336.1,17.561000000000035,336.08,0.020000000000038654,2.821934983164144,3.6704411552211726,-0.04351572214266911,303.6878967285156,1.034317897076076,4.970507011021848,17.5,ok
336.2,17.661,336.18,0.01999999999998181,2.8489969757494715,3.669213359353731,-0.04047301033179511,303.6878967285156,1.0427536719852033,4.997596841685409,17.600000000000023,ok
336.3,17.761000000000024,336.28,0.020000000000038654,2.8728987541190634,3.668214566600199,-0.04005103898919786,305.22906494140625,1.0512108520083938,5.021519479420275,17.69999999999999,ok
336.4,17.86099999999999,336.38,0.01999999999998181,2.9004390509318148,3.667373528211843,-0.033254925579871905,306.77618408203125,1.059710924911499,5.049072615250977,17.80000000000001,ok
336.5,17.961000000000013,336.48,0.01999999999998181,2.928816891569272,3.6670509644329163,-0.025616117313606464,306.77618408203125,1.0682324855804464,5.077452289079906,17.900000000000034,ok
336.6,18.061000000000035,336.58,0.020000000000038654,2.9597781355765846,3.66643019193369,-0.02572549347233256,308.3289794921875,1.0767756128523076,5.108419755701768,18.0,ok
336.7,18.161,336.68,0.01999999999998181,2.990603754729245,3.665627956407389,-0.02809030769724009,308.3289794921875,1.0853403067270926,5.139255812161448,18.100000000000023,ok
336.8,18.261000000000024,336.78,0.020000000000038654,3.0241407716139657,3.6647155979232973,-0.02516565348724132,309.8871765136719,1.093926642227171,5.172805236888699,18.19999999999999,ok
336.9,18.36099999999999,336.88,0.01999999999998181,3.057161590510178,3.664864801013811,-0.02535244889030174,311.45050048828125,1.1025563321855334,5.20582639286693,18.30000000000001,ok
337.018,18.478999999999985,336.98,0.03799999999995407,3.0969906296702567,3.664327800370626,-0.027204106683470702,311.45050048828125,1.1112077349768765,5.245659051955998,18.400000000000034,ok
337.1,18.561000000000035,337.08,0.020000000000038654,3.145144441764749,3.6630651206382265,-0.025201847621936644,313.01861572265625,1.1198809171464699,5.293829416074803,18.5,ok
337.2,18.661,337.18,0.01999999999998181,3.1915067720266688,3.6619169257026365,-0.02106796877301639,314.59124755859375,1.128597720803156,5.340205962075183,18.600000000000023,ok
337.3,18.761000000000024,337.28,0.020000000000038654,3.238650096498888,3.6610376444893107,-0.014335182580654996,316.1680908203125,1.1373582671695266,5.387357485674586,18.69999999999999,ok
337.4,18.86099999999999,337.38,0.01999999999998181,3.2896055447901937,3.660772868419078,-0.0019474466410515899,317.748779296875,1.1461626681433785,5.438313621879515,18.80000000000001,ok
337.5,18.961000000000013,337.48,0.01999999999998181,3.3556112480454945,3.6609125064467363,0.00403777844955221,320.92041015625,1.1550330735524517,5.504319472839907,18.900000000000034,ok
337.6,19.061000000000035,337.58,0.020000000000038654,3.423783698416873,3.661379021700187,0.014042023014948937,322.5106201171875,1.1639696156395798,5.5724935194127765,19.0,ok
337.7,19.161,337.68,0.01999999999998181,3.4925867023505255,3.662784858028205,0.029624117403022506,324.1033020019531,1.1729503645579031,5.641310884416643,19.100000000000023,ok
337.801,19.262,337.78,0.021000000000015007,3.5610096043311334,3.6652139400164456,0.0461884076422949,327.2945251464844,1.1819975566016283,5.709776890249855,19.19999999999999,ok
337.9,19.36099999999999,337.88,0.01999999999998181,3.6308727888076,3.66876912605231,0.05868532884240586,328.8923034667969,1.1911112625545925,5.779730474096162,19.30000000000001,ok
338.0,19.461000000000013,337.98,0.01999999999998181,3.699925630803477,3.673210324004935,0.07253777212087359,330.4909973144531,1.2002693639543343,5.848925988596467,19.400000000000034,ok
338.1,19.561000000000035,338.08,0.020000000000038654,3.7692706490615935,3.6785027774721195,0.0811493084879218,333.689453125,1.209494092432657,5.918472675224378,19.5,ok
338.2,19.661,338.18,0.01999999999998181,3.835077320807749,3.6840360956666935,0.09074933262781927,335.2883605957031,1.2187854509565577,5.984511570252601,19.600000000000023,ok
338.3,19.761000000000024,338.28,0.020000000000038654,3.8931315782729987,3.6895708704151247,0.10315153904702522,336.8865051269531,1.2281212129804802,6.042829067981477,19.69999999999999,ok
338.4,19.86099999999999,338.38,0.01999999999998181,3.947427821585671,3.695462775773822,0.1153411332900549,338.4834289550781,1.2375013509538437,6.0974440529821585,19.80000000000001,ok
338.502,19.963000000000022,338.48,0.02199999999999136,4.003038975883646,3.702204735351718,0.13017222002049916,343.2960205078125,1.2469705099741637,6.15346239374037,19.900000000000034,ok
338.6,20.061000000000035,338.58,0.020000000000038654,4.054810243438416,3.709574312342023,0.16111958738797585,344.89654541015625,1.2565287400563545,6.205755555905644,20.0,ok
338.7,20.161,338.68,0.01999999999998181,4.10315675649528,3.7181487896592853,0.1972788114874411,346.4939880371094,1.2661313863542354,6.254856543533408,20.100000000000023,ok
338.8,20.261000000000024,338.78,0.020000000000038654,4.151498789656673,3.728618968163744,0.2392162480304205,348.08795166015625,1.2757783577389163,6.304319426669072,20.19999999999999,ok
338.903,20.364000000000033,338.88,0.023000000000024556,4.205145647658114,3.7471418021716265,0.2867407443575424,349.67791748046875,1.2854695503658717,6.361073992592091,20.30000000000001,ok
339.0,20.461000000000013,338.98,0.01999999999998181,4.257080584191493,3.7648937941508644,0.3434008839260638,352.9155578613281,1.2952277930789544,6.415959062073299,20.400000000000034,ok
339.1,20.561000000000035,339.08,0.020000000000038654,4.305817596174296,3.7834184697985704,0.3934753170792765,354.50579833984375,1.3050530896928563,6.468097914619789,20.5,ok
339.2,20.661,339.18,0.01999999999998181,4.352997838037068,3.804173438545565,0.4429102075781946,357.7397155761719,1.3149453884972477,6.519641526735341,20.600000000000023,ok
339.3,20.761000000000024,339.28,0.020000000000038654,4.3976810648303,3.8265504155769565,0.49420185972046415,357.7397155761719,1.3248826028188048,6.5696147181255125,20.69999999999999,ok
339.401,20.862000000000023,339.38,0.021000000000015007,4.440393871573665,3.8523010065104057,0.5516330299559922,360.9637145996094,1.3348645949045819,6.619489328833947,20.80000000000001,ok
339.5,20.961000000000013,339.48,0.01999999999998181,4.48004177309667,3.8785771960832376,0.6027462423031407,362.5549011230469,1.3449134645673988,6.667053961005817,20.900000000000034,ok
339.6,21.061000000000035,339.58,0.020000000000038654,4.512832655852455,3.902031460490502,0.6458585532506324,365.7696838378906,1.355029083802964,6.707369522651286,21.0,ok
339.7,21.161,339.68,0.01999999999998181,4.54606196349848,3.928008178207815,0.6851321791782498,365.7696838378906,1.3651893527984633,6.749547440451944,21.100000000000023,ok
339.8,21.261000000000024,339.78,0.020000000000038654,4.575446745868417,3.9526518920017137,0.7270480323738355,368.9709167480469,1.3753940833621534,6.787898164884269,21.19999999999999,ok
339.9,21.36099999999999,339.88,0.01999999999998181,4.604585711103426,3.979574248293537,0.7722906849971095,370.5575866699219,1.385665312576294,6.82757047970545,21.30000000000001,ok
340.0,21.461000000000013,339.98,0.01999999999998181,4.635157851573737,4.010261500286998,0.8174522489204108,372.1572265625,1.3959807960934134,6.870887488002961,21.400000000000034,ok
340.1,21.561000000000035,340.08,0.020000000000038654,4.665039565685234,4.0430612576420595,0.8589365730220224,373.7440185546875,1.4063405356089265,6.915257984065008,21.5,ok
340.2,21.661,340.18,0.01999999999998181,4.693892378987713,4.077772820315553,0.9028657426512655,375.32708740234375,1.4167443009694431,6.960395301427735,21.600000000000023,ok
340.3,21.761000000000024,340.28,0.020000000000038654,4.719876442148062,4.11204236132481,0.943097487254095,378.47918701171875,1.4272138325585237,7.003401963461729,21.69999999999999,ok
340.4,21.86099999999999,340.38,0.01999999999998181,4.74004533758495,4.1461700621562425,0.9846113663199823,378.47918701171875,1.4377271433088517,7.04304391481612,21.80000000000001,ok
340.5,21.961000000000013,340.48,0.01999999999998181,4.759843254603078,4.179013611487091,1.0266041611682521,381.612060546875,1.4482839661916123,7.081393051063297,21.900000000000034,ok
340.6,22.061000000000035,340.58,0.020000000000038654,4.7793960459446465,4.2120972577697495,1.0576735314583376,383.1335144042969,1.458905432510375,7.119822717996579,22.0,ok
340.7,22.161,340.68,0.01999999999998181,4.798092742142977,4.246337454331504,1.0779185643248759,383.1335144042969,1.469548030132719,7.158834991825724,22.100000000000023,ok
340.8,22.261000000000024,340.78,0.020000000000038654,4.8149742472955674,4.27810755453701,1.0973786882966903,386.2266845703125,1.4802335884518072,7.194811713233947,22.19999999999999,ok
340.9,22.36099999999999,340.88,0.01999999999998181,4.832538695907412,4.3127944581221245,1.1113351782249565,387.7019958496094,1.4909825979020863,7.2336921856508445,22.30000000000001,ok
341.0,22.461000000000013,340.98,0.01999999999998181,4.847993728650355,4.34665441246209,1.1289303384581468,387.7019958496094,1.5017520977868002,7.270912536871514,22.400000000000034,ok
341.1,22.561000000000035,341.08,0.020000000000038654,4.865453864252168,4.383211946349056,1.1441258851207037,390.7522888183594,1.5125639628516294,7.3114256164771225,22.5,ok
341.2,22.661,341.18,0.01999999999998181,4.883555871879184,4.423953190324338,1.166906824198604,392.17962646484375,1.5234380172305653,7.356007357591417,22.600000000000023,ok
341.3,22.761000000000024,341.28,0.020000000000038654,4.90026500838151,4.464265300167808,1.1870387695468618,395.1839599609375,1.5343736225975864,7.399645201748586,22.69999999999999,ok
341.4,22.86099999999999,341.38,0.01999999999998181,4.915460272689114,4.502785497969686,1.204200034130244,396.5616455078125,1.5453700893402105,7.441054158461763,22.80000000000001,ok
341.5,22.961000000000013,341.48,0.01999999999998181,4.92961226162702,4.540354718258453,1.217148230106946,396.5616455078125,1.556385690604319,7.481200454729346,22.900000000000034,ok
341.6,23.061000000000035,341.58,0.020000000000038654,4.942140617606211,4.575441282488921,1.2284655695388398,397.910888671875,1.567420031356811,7.5184566849873855,23.0,ok
341.7,23.161,341.68,0.01999999999998181,4.952994948245321,4.606153547816355,1.2377437718459086,400.8435363769531,1.578513842815825,7.551030596867383,23.100000000000023,ok
341.8,23.261000000000024,341.78,0.020000000000038654,4.965059941995736,4.6408748415511285,1.2482419410089067,400.8435363769531,1.5896483854929588,7.587788348605132,23.19999999999999,ok
341.902,23.363,341.88,0.02199999999999136,4.976552865942555,4.682250323197801,1.2547075545761026,402.1410217285156,1.6008009487999817,7.630730376763354,23.30000000000001,ok
342.0,23.461000000000013,341.98,0.01999999999998181,4.987061916858518,4.716145315510723,1.2657584869733969,403.40948486328125,1.6119891502804258,7.666217144086503,23.400000000000034,ok
342.1,23.561000000000035,342.08,0.020000000000038654,4.997082199868157,4.748566736201746,1.2819879278964104,403.40948486328125,1.6231949693044019,7.70015170745805,23.5,ok
342.2,23.661,342.18,0.01999999999998181,5.0080491050737175,4.785526345982497,1.2882762723508108,406.26519775390625,1.6344404510074209,7.738704084361856,23.600000000000023,ok
342.3,23.761000000000024,342.28,0.020000000000038654,5.019004632494179,4.8232490432691275,1.2882130424066471,407.4801330566406,1.6457424694908969,7.77798544726641,23.69999999999999,ok
342.4,23.86099999999999,342.38,0.01999999999998181,5.03059986123966,4.862867700570021,1.2811161525459025,408.66558837890625,1.65707782673306,7.819266039994539,23.80000000000001,ok
342.5,23.961000000000013,342.48,0.01999999999998181,5.042274844218535,4.897976227107383,1.264205475449557,408.66558837890625,1.6684296486324766,7.85626487596517,23.900000000000034,ok
342.6,24.061000000000035,342.58,0.020000000000038654,5.054864247678617,4.936120436808695,1.2491031202949991,411.4396667480469,1.6798199993981249,7.896432945538133,24.0,ok
342.7,24.161,342.68,0.01999999999998181,5.070314242834502,4.98123347006104,1.2387971338382033,412.5701904296875,1.6912645807478182,7.944118248510265,24.100000000000023,ok
342.8,24.261000000000024,342.78,0.020000000000038654,5.086026733337824,5.0266822950833205,1.2366138544484786,413.6710510253906,1.7027401535458015,7.992206480477378,24.19999999999999,ok
342.901,24.362000000000023,342.88,0.021000000000015007,5.10211854586354,5.073138228878761,1.2374977914099192,416.35943603515625,1.7142683547549784,8.041370493893384,24.30000000000001,ok
343.0,24.461000000000013,342.98,0.01999999999998181,5.116653884353802,5.115507196178041,1.2413093838669205,417.4044494628906,1.7258484087202317,8.086163411358468,24.400000000000034,ok
343.1,24.561000000000035,343.08,0.020000000000038654,5.131600745069223,5.158987954696601,1.2393150931167518,418.4198913574219,1.7374570801205098,8.132141504039607,24.5,ok
343.2,24.661,343.18,0.01999999999998181,5.146230561089535,5.201503663572312,1.2345880088301358,419.4059143066406,1.7490935496436244,8.177103899638512,24.600000000000023,ok
343.3,24.761000000000024,343.28,0.020000000000038654,5.15980203947848,5.240328430732333,1.2348939557039231,421.0196228027344,1.7607661265479173,8.218232327406803,24.69999999999999,ok
343.4,24.86099999999999,343.38,0.01999999999998181,5.1737426438921625,5.2803851355867275,1.2394310109529119,421.9789733886719,1.7724744403839117,8.260645533548415,24.80000000000001,ok
343.5,24.961000000000013,343.48,0.01999999999998181,5.191053306647355,5.319350737888908,1.2378635855410998,422.90911865234375,1.7842089972178172,8.303283277482583,24.900000000000034,ok
343.601,25.062000000000012,343.58,0.021000000000015007,5.205625215139279,5.361399350937272,1.236953310428441,425.4187316894531,1.7959913284725604,8.347785259195627,25.0,ok
343.7,25.161,343.68,0.01999999999998181,5.221054412744721,5.406257166868829,1.2409988075719862,426.2934265136719,1.807820664003162,8.395222415401467,25.100000000000023,ok
343.8,25.261000000000024,343.78,0.020000000000038654,5.236078061471618,5.450459894312705,1.248531550224413,427.1395568847656,1.8196738998836919,8.441908506847922,25.19999999999999,ok
343.9,25.36099999999999,343.88,0.01999999999998181,5.248897868119254,5.489171360446522,1.2487893584524747,427.1395568847656,1.831538887574938,8.48268748492134,25.30000000000001,ok
344.0,25.461000000000013,343.98,0.01999999999998181,5.260819330854288,5.534828300013532,1.2474432050915756,429.559814453125,1.8434374899546337,8.529875167682507,25.400000000000034,ok
344.1,25.561000000000035,344.08,0.020000000000038654,5.272954589659232,5.571077432205162,1.2477244100066447,430.3521728515625,1.8553807120005281,8.56810165183825,25.5,ok
344.2,25.661,344.18,0.01999999999998181,5.283695819544053,5.603570347045214,1.255313706866155,431.1171569824219,1.8673455638037806,8.60232391848208,25.600000000000023,ok
344.3,25.761000000000024,344.28,0.020000000000038654,5.292502277611892,5.630998881776627,1.2668028046650317,431.1171569824219,1.8793210403866216,8.631131525484623,25.69999999999999,ok
344.4,25.86099999999999,344.38,0.01999999999998181,5.300385617677939,5.655547969454282,1.281352060456515,433.45184326171875,1.8913289431677929,8.656915333512185,25.80000000000001,ok
344.5,25.961000000000013,344.48,0.01999999999998181,5.308691881022463,5.683699974056475,1.288141550087176,433.45184326171875,1.903369272147288,8.686267154134942,25.900000000000034,ok
344.6,26.061000000000035,344.58,0.020000000000038654,5.318717622358833,5.718197545275252,1.2944100874904756,434.16607666015625,1.9154195210350877,8.722192046749095,26.0,ok
344.7,26.161,344.68,0.01999999999998181,5.328092622782169,5.752270016536632,1.312002972400879,434.85443115234375,1.927489250310264,8.757530749764275,26.100000000000023,ok
344.8,26.261000000000024,344.78,0.020000000000038654,5.337002839036669,5.786927333034193,1.3335460384937405,434.85443115234375,1.9395685400644918,8.793315125412231,26.19999999999999,ok
344.9,26.36099999999999,344.88,0.01999999999998181,5.345441416414609,5.815483620459853,1.361352243620239,435.5174865722656,1.9516570389217807,8.823092149099974,26.30000000000001,ok
345.0,26.461000000000013,344.98,0.01999999999998181,5.352920400140927,5.851035698163705,1.394154856007483,437.754150390625,1.9637858116573792,8.859422376550945,26.400000000000034,ok
345.1,26.561000000000035,345.08,0.020000000000038654,5.359180190840038,5.888672257190461,1.4252422741976596,437.754150390625,1.9759456491682257,8.897575955085221,26.5,ok
345.2,26.661,345.18,0.01999999999998181,5.364884358783403,5.93059367676686,1.4559627288451207,438.372802734375,1.9881140790727423,8.93988367248083,26.600000000000023,ok
345.3,26.761000000000024,345.28,0.020000000000038654,5.369361617824812,5.974969854243545,1.4895335977611177,438.96826171875,2.000299371634587,8.984485140797087,26.69999999999999,ok
345.4,26.86099999999999,345.38,0.01999999999998181,5.3719127004627785,6.011727802326879,1.5147987429299736,439.54119873046875,2.0125008919186067,9.021331507916829,26.80000000000001,ok
345.501,26.96199999999999,345.48,0.020999999999958163,5.373526056121191,6.059854532056551,1.5407416874314868,440.0921936035156,2.0247180223676926,9.069485272369397,26.900000000000034,ok
345.6,27.061000000000035,345.58,0.020000000000038654,5.374473085758935,6.098461060041426,1.5667609863595846,440.0921936035156,2.0369428055233416,9.108103414067072,27.0,ok
345.701,27.162000000000035,345.68,0.021000000000015007,5.374191663440224,6.139977617373326,1.5923985987645648,440.62188720703125,2.049174945534602,9.149620925206522,27.100000000000023,ok
345.8,27.261000000000024,345.78,0.020000000000038654,5.372942054250215,6.178251822228506,1.6128374802559169,441.1308288574219,2.061421511035493,9.187915523786792,27.19999999999999,ok
345.901,27.362000000000023,345.88,0.021000000000015007,5.3710977332951115,6.216171397950076,1.632881864398469,441.6195983886719,2.073681933636136,9.225879924778896,27.30000000000001,ok
346.0,27.461000000000013,345.98,0.01999999999998181,5.367275463025698,6.253997786024206,1.6495061570837635,442.0887145996094,2.0859556602054203,9.26389893824252,27.400000000000034,ok
346.102,27.562999999999988,346.08,0.02199999999999136,5.36310580886858,6.300993607390569,1.6544909233182323,442.53863525390625,2.098242151175604,9.311079371068947,27.5,ok
346.2,27.661,346.18,0.01999999999998181,5.35934042348481,6.345353404057901,1.6555422476456971,442.53863525390625,2.1105348910437707,9.355598689206756,27.600000000000023,ok
346.3,27.761000000000024,346.28,0.020000000000038654,5.355963363317231,6.38411735748443,1.6591390896620994,442.9697265625,2.1228336182912164,9.394509466899184,27.69999999999999,ok
346.4,27.86099999999999,346.38,0.01999999999998181,5.351883813064413,6.432458305489538,1.6579001069612445,443.3822937011719,2.1351440630171035,9.443022248558226,27.80000000000001,ok
346.501,27.96199999999999,346.48,0.020999999999958163,5.347751417102661,6.487283078412023,1.659136453292473,442.0747985839844,2.1474420781877335,9.498002539775959,27.900000000000034,ok
346.6,28.061000000000035,346.58,0.020000000000038654,5.343651010167882,6.532308535484361,1.6563839842988617,442.4364013671875,2.159726955964829,9.543214320559331,28.0,ok
346.7,28.161,346.68,0.01999999999998181,5.340395639962688,6.57022578301277,1.6492506873992867,442.7787170410156,2.172021610387168,9.581271055775368,28.100000000000023,ok
346.803,28.26400000000001,346.78,0.023000000000024556,5.337753530777392,6.603940752819316,1.644340053479215,443.1015930175781,2.184325503582422,9.615089392961032,28.19999999999999,ok
346.9,28.36099999999999,346.88,0.01999999999998181,5.335513548417458,6.634586199502501,1.6460309382538485,443.1015930175781,2.196633881166246,9.645816594645936,28.30000000000001,ok
347.0,28.461000000000013,346.98,0.01999999999998181,5.3345993344955325,6.663972090271288,1.640573631684072,443.4047546386719,2.2089464693281413,9.675216702866317,28.400000000000034,ok
347.1,28.561000000000035,347.08,0.020000000000038654,5.332618954804464,6.699033990274514,1.635667221308398,443.4047546386719,2.2212632680681,9.710334486616961,28.5,ok
347.2,28.661,347.18,0.01999999999998181,5.329982376124095,6.742133615328436,1.6312107121802752,443.68768310546875,2.233583996370105,9.753514681462821,28.600000000000023,ok
347.3,28.761000000000024,347.28,0.020000000000038654,5.327306303568042,6.7878481224327585,1.6241382416133467,443.94976806640625,2.2459122943030434,9.799307448622237,28.69999999999999,ok
347.4,28.86099999999999,347.38,0.01999999999998181,5.325728212112314,6.823543373750028,1.609099622844147,444.19024658203125,2.2582475722842745,9.83503756671952,28.80000000000001,ok
347.502,28.963000000000022,347.48,0.02199999999999136,5.324644385026307,6.861927945778574,1.5885533649092791,444.4082336425781,2.2705892178429523,9.8734374371746,28.900000000000034,ok
347.602,29.062999999999988,347.58,0.02199999999999136,5.324292281774678,6.902248429444365,1.5653353490582054,444.6026306152344,2.28293659095764,9.913759458202112,29.0,ok
347.701,29.162000000000035,347.68,0.021000000000015007,5.324711543303869,6.939686597765162,1.5526133641879498,444.6026306152344,2.295286664030288,9.951199974056546,29.100000000000023,ok
347.8,29.261000000000024,347.78,0.020000000000038654,5.325427915427085,6.975855929139242,1.550635451785055,444.772216796875,2.3076390924665633,9.987376398991398,29.19999999999999,ok
347.9,29.36099999999999,347.88,0.01999999999998181,5.326114243724795,7.012736624132805,1.5562684390870665,444.9158020019531,2.319995870505439,10.024263479517519,29.30000000000001,ok
348.0,29.461000000000013,347.98,0.01999999999998181,5.325997529382601,7.060797328126905,1.564414067236287,445.0319519042969,2.3323562559763618,10.072324325230491,29.400000000000034,ok
348.1,29.561000000000035,348.08,0.020000000000038654,5.326162744271838,7.0979719207937,1.5690877871465523,445.0319519042969,2.344718254640366,10.1094992850274,29.5,ok
348.2,29.661,348.18,0.01999999999998181,5.3262166475722665,7.132097641146467,1.5674827665155906,445.1193542480469,2.357081467225818,10.143625047951636,29.600000000000023,ok
348.3,29.761000000000024,348.28,0.020000000000038654,5.32636776835924,7.163348459434576,1.564142500392942,445.1766357421875,2.3694466893090116,10.174876231627916,29.69999999999999,ok
348.4,29.86099999999999,348.38,0.01999999999998181,5.3266562238805,7.197645560282163,1.559509859841496,445.1766357421875,2.3818127069685198,10.209174545480602,29.80000000000001,ok
348.5,29.961000000000013,348.48,0.01999999999998181,5.327139826386074,7.24331295880503,1.5538680762131896,445.20257568359375,2.3941790849049918,10.254844504526234,29.900000000000034,ok
348.6,30.061000000000035,348.58,0.020000000000038654,5.327882930825301,7.28059045592545,1.546837983316743,445.196044921875,2.406545732413397,10.292129407580562,30.0,ok
348.7,30.161,348.68,0.01999999999998181,5.328815161011258,7.3197756756476355,1.5474151546144694,445.1561279296875,2.418911734814116,10.331325714776465,30.100000000000023,ok
348.816,30.276999999999987,348.78,0.036000000000001364,5.329650478625689,7.357670825112713,1.5530822431573077,445.0821838378906,2.4312761558108833,10.369230069519654,30.19999999999999,ok
348.9,30.36099999999999,348.88,0.01999999999998181,5.330215631484249,7.387183605369379,1.5603248053823395,445.0821838378906,2.443639549806383,10.398748260457308,30.30000000000001,ok
349.0,30.461000000000013,348.98,0.01999999999998181,5.330400215426092,7.4251974193070005,1.5752278306988554,444.97381591796875,2.4560014386918843,10.436762522535057,30.400000000000034,ok
349.1,30.561000000000035,349.08,0.020000000000038654,5.3299701267695525,7.466203171805497,1.590693300205447,444.8309326171875,2.4683598379770904,10.477770530463026,30.5,ok
349.201,30.662000000000035,349.18,0.021000000000015007,5.329000552699105,7.503579001155555,1.6039909083190202,444.6539001464844,2.4807137939876998,10.51515893365817,30.600000000000023,ok
349.3,30.761000000000024,349.28,0.020000000000038654,5.327765116069673,7.537733546459351,1.610400536450211,444.6539001464844,2.493065291213987,10.549335815736184,30.69999999999999,ok
349.4,30.86099999999999,349.38,0.01999999999998181,5.3264357188936895,7.570020091219607,1.6120295310658852,444.44342041015625,2.5054138651106097,10.581649717843598,30.80000000000001,ok
349.5,30.961000000000013,349.48,0.01999999999998181,5.322367166299382,7.609451266657597,1.6164710845270738,444.20050048828125,2.5177561417897576,10.621290236465763,30.900000000000034,ok
349.6,31.061000000000035,349.58,0.020000000000038654,5.320168432406918,7.647236286966062,1.6084600244963125,444.20050048828125,2.5300950445810946,10.659139175558437,31.0,ok
349.7,31.161,349.68,0.01999999999998181,5.318799692488345,7.685639326709662,1.6078799490763325,443.9266052246094,2.542430143271554,10.697566599496469,31.100000000000023,ok
349.8,31.261000000000024,349.78,0.020000000000038654,5.317201414732058,7.7236016633053,1.6202236096060472,443.62347412109375,2.554757227706907,10.735562566276993,31.19999999999999,ok
349.9,31.36099999999999,349.88,0.01999999999998181,5.315406844004047,7.755624518566857,1.636369286275574,443.29315185546875,2.5670755141788066,10.767635666270609,31.30000000000001,ok
350.003,31.464,349.98,0.022999999999967713,5.311656423288642,7.7820638862649325,1.6548921495816074,443.29315185546875,2.5793892128414613,10.794339707534368,31.400000000000034,ok
350.1,31.561000000000035,350.08,0.020000000000038654,5.307637282527479,7.8200055233025365,1.675058579040769,442.93780517578125,2.591697976133558,10.832493623631557,31.5,ok
350.201,31.662000000000035,350.18,0.021000000000015007,5.303306268286339,7.858341928398612,1.691604576919456,442.55987548828125,2.6039965550316726,10.871073898903349,31.600000000000023,ok
350.3,31.761000000000024,350.28,0.020000000000038654,5.298369760824015,7.8978874898251386,1.6992413023357447,440.8443298339844,2.6162660578833665,10.910926383574505,31.69999999999999,ok
350.4,31.86099999999999,350.38,0.01999999999998181,5.2933190334867595,7.9365445490543225,1.7030549248333906,440.47491455078125,2.628506602944269,10.949911997265762,31.80000000000001,ok
350.5,31.961000000000013,350.48,0.01999999999998181,5.290061708235302,7.975281357008041,1.7007552350795139,440.0885925292969,2.640736651653717,10.988785515993001,31.900000000000034,ok
350.602,32.06299999999999,350.58,0.02199999999999136,5.285457365772692,8.011146121955909,1.6976397033452282,439.68743896484375,2.6529557632022427,11.024944627352088,32.0,ok
350.7,32.161,350.68,0.01999999999998181,5.280289909727823,8.052223931275387,1.6941347834319536,439.27362060546875,2.6651635556962776,11.066346185540919,32.10000000000002,ok
350.8,32.261000000000024,350.78,0.020000000000038654,5.275076953212227,8.094781129122033,1.6899380860418813,439.27362060546875,2.677365600713092,11.109221469845423,32.19999999999999,ok
350.9,32.36099999999999,350.88,0.01999999999998181,5.270400841688195,8.13547055965959,1.6771317955028318,438.8490905761719,2.6895617494795068,11.150178713117594,32.30000000000001,ok
351.0,32.46100000000001,350.98,0.01999999999998181,5.265865665454073,8.177321611187907,1.6668155275800012,438.4158020019531,2.70174598409865,11.19227477394875,32.400000000000034,ok
351.1,32.561000000000035,351.08,0.020000000000038654,5.262130036181121,8.218358881597899,1.6535879795424522,437.9754638671875,2.713918085013495,11.233481721042265,32.5,ok
351.201,32.662000000000035,351.18,0.021000000000015007,5.2590388924459806,8.258162466547404,1.639248677759769,437.5298156738281,2.7260778805626784,11.273405154567248,32.60000000000002,ok
351.3,32.761000000000024,351.28,0.020000000000038654,5.25646293116601,8.299843397830847,1.6237777719538529,437.5298156738281,2.738231486553614,11.315165609655418,32.69999999999999,ok
351.401,32.86200000000002,351.38,0.021000000000015007,5.254619354285928,8.339614263611224,1.6063762700293296,437.080322265625,2.750378849580554,11.354979181972325,32.80000000000001,ok
351.5,32.96100000000001,351.48,0.01999999999998181,5.253620252529183,8.374237741193639,1.5846216577205858,436.6282653808594,2.7625136910756467,11.389617071691825,32.900000000000034,ok
351.6,33.061000000000035,351.58,0.020000000000038654,5.253380477219179,8.411410065146992,1.566832740290984,436.17498779296875,2.7746359584808347,11.426790168957083,33.0,ok
351.701,33.162000000000035,351.68,0.021000000000015007,5.253711406970092,8.446681234640913,1.5540689760821222,436.17498779296875,2.7867519303639754,11.462062890881667,33.10000000000002,ok
351.8,33.261000000000024,351.78,0.020000000000038654,5.254465206218657,8.479093082453959,1.5371025062694275,435.7214660644531,2.7988616033342133,11.494483503028311,33.19999999999999,ok
351.901,33.36200000000002,351.88,0.021000000000015007,5.255725327600939,8.510536707056058,1.5250472955672203,435.2687072753906,2.810958689075047,11.525952367545733,33.30000000000001,ok
352.0,33.46100000000001,351.98,0.01999999999998181,5.2580899756274215,8.542520397095027,1.5172300289492053,435.2687072753906,2.8230494864993663,11.558023351141468,33.400000000000034,ok
352.103,33.56400000000002,352.08,0.023000000000024556,5.2601007053976945,8.574302886850779,1.5103129240377315,434.81756591796875,2.8351340180714923,11.589869382123108,33.5,ok
352.2,33.661,352.18,0.01999999999998181,5.262179019577655,8.607587422946139,1.5070602182613428,434.368896484375,2.8472060522715275,11.623218740931247,33.60000000000002,ok
352.3,33.761000000000024,352.28,0.020000000000038654,5.264011799944324,8.636426790316438,1.5060799423043543,434.368896484375,2.8592718549516447,11.65211628743941,33.69999999999999,ok
352.4,33.86099999999999,352.38,0.01999999999998181,5.266024832864945,8.658807300652093,1.5025613554446053,433.92333984375,2.8713314693450935,11.67458714733448,33.80000000000001,ok
352.5,33.96100000000001,352.48,0.01999999999998181,5.268154713734394,8.687131030501915,1.4975036933406383,433.92333984375,2.8833848954518673,11.70299084542335,33.900000000000034,ok
352.608,34.06900000000002,352.58,0.02800000000002001,5.270422187355495,8.717184007403041,1.493900349677147,433.48162841796875,2.8954321866777204,11.733129240490806,34.0,ok
352.7,34.161,352.68,0.01999999999998181,5.272858328895287,8.748238639430836,1.4876883566229442,433.48162841796875,2.9074733430226667,11.76427927991267,34.10000000000002,ok
352.8,34.261000000000024,352.78,0.020000000000038654,5.275318077777773,8.77744539288238,1.4852127792838823,433.04437255859375,2.919508426369559,11.793589428526147,34.19999999999999,ok
352.9,34.36099999999999,352.88,0.01999999999998181,5.2780526112241954,8.809036186253206,1.4847874446514588,432.6121826171875,2.9315314340803367,11.825298353121092,34.30000000000001,ok
353.0,34.46100000000001,352.98,0.01999999999998181,5.279998014832556,8.84770294770902,1.489225595422616,432.6121826171875,2.943548439153039,11.864014022257505,34.400000000000034,ok
353.1,34.561000000000035,353.08,0.020000000000038654,5.283139702221569,8.887236462098885,1.4944912421531937,432.185791015625,2.9555595221201574,11.903672173496108,34.5,ok
353.2,34.661,353.18,0.01999999999998181,5.2859810851943845,8.92553353335181,1.4994613180516343,431.7657775878906,2.9675588494618754,11.942074505765774,34.60000000000002,ok
353.301,34.762,353.28,0.021000000000015007,5.288689034742459,8.9634233580277,1.4956095117997523,431.3529052734375,2.9795466089460563,11.980060974471414,34.69999999999999,ok
353.4,34.86099999999999,353.38,0.01999999999998181,5.292127035796532,9.007241869643979,1.4864887194485108,430.9478454589844,2.991523008261787,12.02401415196194,34.80000000000001,ok
353.501,34.96199999999999,353.48,0.020999999999958163,5.296196091981166,9.059990962213403,1.4789188508703988,430.5515441894531,3.0034882775624627,12.076919954905769,34.900000000000034,ok
353.6,35.061000000000035,353.58,0.020000000000038654,5.300323617666394,9.105164949443909,1.4843529282330998,431.334716796875,3.0154589200761577,12.12228211524436,35.0,ok
353.7,35.161,353.68,0.01999999999998181,5.304132695775654,9.149809590660224,1.485318423992816,431.334716796875,3.027440439987185,12.167088956969435,35.10000000000002,ok
353.8,35.261000000000024,353.78,0.020000000000038654,5.3077369478884115,9.190407032999827,1.4796488030002313,430.9430847167969,3.0394165205637593,12.20784607852886,35.19999999999999,ok
353.9,35.36099999999999,353.88,0.01999999999998181,5.3115096622821145,9.231579820596535,1.4790740860827152,430.562744140625,3.051381879297893,12.24919135410395,35.30000000000001,ok
354.0,35.46100000000001,353.98,0.01999999999998181,5.315385962351075,9.274781825763958,1.4870699187136605,430.19482421875,3.063336845525109,12.292566911192138,35.400000000000034,ok
354.1,35.561000000000035,354.08,0.020000000000038654,5.318933178839766,9.319104128474855,1.4963026183409787,429.8404235839844,3.0752817795223653,12.337030933304561,35.5,ok
354.2,35.661,354.18,0.01999999999998181,5.321917386923363,9.359942549995543,1.5004945939397727,429.5009765625,3.0872170767466245,12.377978242986487,35.60000000000002,ok
354.3,35.761000000000024,354.28,0.020000000000038654,5.3243196723418995,9.39434889084911,1.5020011895962375,429.5009765625,3.0991476594289122,12.412468346873892,35.69999999999999,ok
354.4,35.86099999999999,354.38,0.01999999999998181,5.326292507294585,9.42261888571447,1.4994176604993492,429.1779479980469,3.111073755603367,12.4408070957425,35.80000000000001,ok
354.5,35.96100000000001,354.48,0.01999999999998181,5.327034320796367,9.445971250389855,1.5057868006705923,429.1779479980469,3.1229953652699822,12.464171239707207,35.900000000000034,ok
354.6,36.061000000000035,354.58,0.020000000000038654,5.328842888103696,9.474585042181108,1.5091763793765003,428.873046875,3.1349127401987706,12.492842130805641,36.0,ok
354.701,36.162000000000035,354.68,0.021000000000015007,5.330932767483078,9.509272716656193,1.512486606261626,428.5881042480469,3.14682192285326,12.527592704272994,36.10000000000002,ok
354.8,36.261000000000024,354.78,0.020000000000038654,5.333082299087327,9.547651044435767,1.5186857513280059,428.5881042480469,3.1587271479712573,12.566031181470642,36.19999999999999,ok
354.9,36.36099999999999,354.88,0.01999999999998181,5.335234055004159,9.591729854754403,1.5275483804923233,428.3250427246094,3.1706287194569915,12.610162480710885,36.30000000000001,ok
355.0,36.46100000000001,354.98,0.01999999999998181,5.336934450635285,9.632761569627526,1.5362431930309324,428.0860595703125,3.1825233180999795,12.651229413524666,36.400000000000034,ok
355.1,36.561000000000035,355.08,0.020000000000038654,5.338300940583901,9.672156056051895,1.543438100173617,427.87347412109375,3.1944116449568005,12.690647592775102,36.5,ok
355.2,36.661,355.18,0.01999999999998181,5.339296009594545,9.710913875674724,1.5511322623507113,427.68975830078125,3.2062944676293292,12.729418184004173,36.60000000000002,ok
355.3,36.761000000000024,355.28,0.020000000000038654,5.339875868218639,9.748386217783102,1.5606125581081383,427.68975830078125,3.218174738693236,12.766895012299951,36.69999999999999,ok
355.4,36.86099999999999,355.38,0.01999999999998181,5.340121197725132,9.783921227111454,1.568768135704502,427.5374450683594,3.2300528942955875,12.802430868481178,36.80000000000001,ok
355.5,36.96100000000001,355.48,0.01999999999998181,5.34004624845201,9.811140946019679,1.582141206768293,427.41937255859375,3.241927294540409,12.829650690575312,36.900000000000034,ok
355.6,37.061000000000035,355.58,0.020000000000038654,5.339399765109632,9.841676362884819,1.606140866093673,427.41937255859375,3.253800054889255,12.860192950214046,37.0,ok
355.7,37.161,355.68,0.01999999999998181,5.337937283781762,9.872233846140073,1.6404341252268142,427.33831787109375,3.265671689478559,12.890785410633724,37.10000000000002,ok
355.801,37.262,355.78,0.021000000000015007,5.335015478063886,9.906857302739134,1.6739992665045431,427.2972106933594,3.2775416273752835,12.925531931258385,37.19999999999999,ok
355.9,37.36099999999999,355.88,0.01999999999998181,5.331201470737634,9.940731837708102,1.6934004884013856,427.2972106933594,3.289410994338991,12.959620503702073,37.30000000000001,ok
356.0,37.46100000000001,355.98,0.01999999999998181,5.3280990876830705,9.99096807600181,1.6970840534478844,427.2991638183594,3.301280388429434,13.009952446030177,37.400000000000034,ok
356.1,37.561000000000035,356.08,0.020000000000038654,5.323500028592757,10.027033251214098,1.6949374676429896,427.3472900390625,3.3131504780663388,13.046309676502384,37.5,ok
356.2,37.661,356.18,0.01999999999998181,5.319427802728692,10.06110807316728,1.6808208470810098,427.445068359375,3.3250225941552087,13.080626968275322,37.60000000000002,ok
356.3,37.761000000000024,356.28,0.020000000000038654,5.315830662451795,10.095737178894339,1.661590971656182,427.445068359375,3.3368960682762983,13.115442401370826,37.69999999999999,ok
356.4,37.86099999999999,356.38,0.01999999999998181,5.312932088865782,10.130227567210138,1.6469640636245968,427.59600830078125,3.3487716387854696,13.150054373504874,37.80000000000001,ok
356.505,37.96600000000001,356.48,0.024999999999977263,5.309767182577907,10.165115600015408,1.63421184212757,427.80419921875,3.3606521972232435,13.18508566615634,37.900000000000034,ok
356.6,38.061000000000035,356.58,0.020000000000038654,5.306949173098405,10.200590818682217,1.6170357664732673,428.074462890625,3.3725394008636473,13.220672634513935,38.0,ok
356.7,38.161,356.68,0.01999999999998181,5.305045087715222,10.241289070797254,1.6088107633916136,428.074462890625,3.3844303581661674,13.261415404011915,38.10000000000002,ok
356.8,38.261000000000024,356.78,0.020000000000038654,5.303726073546377,10.278895279029783,1.6012849172908599,428.4123840332031,3.396326008817883,13.299044736931938,38.19999999999999,ok
356.901,38.36200000000002,356.88,0.021000000000015007,5.304726727794899,10.315486271773482,1.586807364456034,428.8252868652344,3.4082320875803642,13.335649409569383,38.30000000000001,ok
357.001,38.46199999999999,356.98,0.020999999999958163,5.30483058162622,10.354799917757955,1.5724177613698522,429.32244873046875,3.4201508061303074,13.374963192727593,38.400000000000034,ok
357.1,38.561000000000035,357.08,0.020000000000038654,5.304963104181143,10.390276603096874,1.559966696162668,429.32244873046875,3.4320764297061497,13.410440125583523,38.5,ok
357.2,38.661,357.18,0.01999999999998181,5.305428033703311,10.42198313323751,1.5492646785061586,429.916015625,3.444010297266645,13.44215006429396,38.60000000000002,ok
357.3,38.761000000000024,357.28,0.020000000000038654,5.3061997280580915,10.452074002286,1.5414622668428946,430.6219482421875,3.455962213431463,13.472250826946599,38.69999999999999,ok
357.4,38.86099999999999,357.38,0.01999999999998181,5.307132630815481,10.48416456090356,1.5414545547504392,430.6219482421875,3.467923934215971,13.504354942881191,38.80000000000001,ok
357.5,38.96100000000001,357.48,0.01999999999998181,5.308223456505363,10.520887365355227,1.537575544545061,431.46142578125,3.479897314410744,13.541093944874728,38.900000000000034,ok
357.6,39.061000000000035,357.58,0.020000000000038654,5.309701095187853,10.561215236416297,1.5274274101166196,432.4617919921875,3.4918962479909266,13.581448877663599,39.0,ok
357.7,39.161,357.68,0.01999999999998181,5.311698069066082,10.602184133533514,1.5165082907796728,433.6588134765625,3.503925700844662,13.622466415810974,39.10000000000002,ok
357.8,39.261000000000024,357.78,0.020000000000038654,5.313895991571062,10.640490019917394,1.5092228601287927,433.6588134765625,3.515971778996785,13.66083530679042,39.19999999999999,ok
357.9,39.36099999999999,357.88,0.01999999999998181,5.316472952008681,10.679250092958082,1.4962189826659316,435.0981140136719,3.528037847434152,13.699680949882232,39.30000000000001,ok
358.001,39.46199999999999,357.98,0.020999999999958163,5.319262289489461,10.7198616182076,1.4817543148543206,436.8379211425781,3.5401480701446584,13.740388153012317,39.400000000000034,ok
358.1,39.561000000000035,358.08,0.020000000000038654,5.322739309340145,10.758114060378128,1.4666177348221379,438.95135498046875,3.5523118100908078,13.778798294889842,39.5,ok
358.2,39.661,358.18,0.01999999999998181,5.326810972664187,10.794498013070303,1.449850330233259,438.95135498046875,3.5645049032847123,13.815409365015295,39.60000000000002,ok
358.3,39.761000000000024,358.28,0.020000000000038654,5.331812210386579,10.833179172154958,1.429643343948512,441.5298767089844,3.576733809280395,13.854412498823853,39.69999999999999,ok
358.4,39.86099999999999,358.38,0.01999999999998181,5.337290747360748,10.869346312508345,1.4076960529298352,444.686767578125,3.5890423737843857,13.89099222556858,39.80000000000001,ok
358.5,39.96100000000001,358.48,0.01999999999998181,5.343536393276474,10.896861840729622,1.3824287636479076,444.686767578125,3.601394783994892,13.919207689169246,39.900000000000034,ok
358.6,40.061000000000035,358.58,0.020000000000038654,5.349950993437245,10.926168920744724,1.3524466146338052,448.5614318847656,3.613801008987428,13.949208556393947,40.0,ok
358.7,40.161,358.68,0.01999999999998181,5.356708017303046,10.95584370792651,1.3353383210624206,451.1565856933594,3.626297092564905,13.979642917990788,40.10000000000002,ok
358.8,40.261000000000024,358.78,0.020000000000038654,5.365117270958777,10.990692097208703,1.3248346284230779,451.1565856933594,3.638829219945272,14.01549156904783,40.19999999999999,ok
358.9,40.36099999999999,358.88,0.01999999999998181,5.37584261469945,11.03275339722552,1.3097052267577158,456.4651184082031,3.6514350769466857,14.058898779940264,40.30000000000001,ok
359.0,40.46100000000001,358.98,0.01999999999998181,5.387249837050621,11.079683993089702,1.2933302402070388,462.957763671875,3.664204839197801,14.107195835232863,40.400000000000034,ok
359.1,40.561000000000035,359.08,0.020000000000038654,5.398439381827975,11.117924693804419,1.272479601169599,470.8853759765625,3.6771748828040245,14.147039995450854,40.5,ok
359.2,40.661,359.18,0.01999999999998181,5.411167689908553,11.158302564285075,1.2590042798124812,475.0394287109375,3.690312727313576,14.189376531104433,40.60000000000002,ok
359.3,40.761000000000024,359.28,0.020000000000038654,5.423141184831835,11.194579020858319,1.2467210919603142,475.0394287109375,3.7035082669999864,14.22757791697181,40.69999999999999,ok
359.4,40.86099999999999,359.38,0.01999999999998181,5.434409324686491,11.22781970142115,1.2462396602599672,485.22235107421875,3.716845236163672,14.262676546860515,40.80000000000001,ok
359.501,40.96199999999999,359.48,0.020999999999958163,5.4456165585591565,11.259542454507725,1.2515112241477715,497.4285583496094,3.7304931654612283,14.296320790862548,40.900000000000034,ok
359.6,41.061000000000035,359.58,0.020000000000038654,5.4549885660876845,11.287608739279898,1.257929562156184,488.8314514160156,3.744191221152413,14.325910499648332,41.0,ok
359.7,41.161,359.68,0.01999999999998181,5.463193357451588,11.313170341968046,1.2677585091604504,501.0517883300781,3.757939599482223,14.352756619168886,41.10000000000002,ok
359.8,41.261000000000024,359.78,0.020000000000038654,5.471580648976143,11.340605624716984,1.278171038178787,501.0517883300781,3.771857704713609,14.381445317268174,41.19999999999999,ok
359.9,41.36099999999999,359.88,0.01999999999998181,5.481119818062361,11.373008154027957,1.2939124372765085,515.3551025390625,3.785974467086795,14.415222819434614,41.30000000000001,ok
360.0,41.46100000000001,359.98,0.01999999999998181,5.489331849299683,11.401598948109799,1.3142779909958446,531.936279296875,3.8005201807234084,14.444969600155778,41.400000000000034,ok
360.1,41.561000000000035,360.08,0.020000000000038654,5.497288369743668,11.43108709358838,1.3278259203851872,531.936279296875,3.81529618848165,14.4755123069995,41.5,ok
360.2,41.661,360.18,0.01999999999998181,5.505175875499134,11.463606103315659,1.3454163627296636,531.407958984375,3.830064858457782,14.50897420683626,41.60000000000002,ok
360.301,41.762,360.28,0.021000000000015007,5.513435707746119,11.501106234215579,1.3684342895229489,548.3758544921875,3.8450618558671734,14.547373225655228,41.69999999999999,ok
360.4,41.86099999999999,360.38,0.01999999999998181,5.521074435674166,11.540644433087955,1.3996091883907,548.3758544921875,3.8602945184919597,14.587642560569407,41.80000000000001,ok
360.5,41.96100000000001,360.48,0.01999999999998181,5.5269302967343705,11.581672455753186,1.434921902437846,566.9508056640625,3.8757851665496887,14.629086374976083,41.900000000000034,ok
360.601,42.06200000000001,360.58,0.021000000000015007,5.530962729419561,11.616184506611807,1.4730032459166593,586.8425903320312,3.891810074827407,14.663833204584389,42.0,ok
360.7,42.161,360.68,0.01999999999998181,5.533537811859507,11.64712921107258,1.509434535560294,586.8425903320312,3.9081112578921893,14.694884867724019,42.10000000000002,ok
360.8,42.261000000000024,360.78,0.020000000000038654,5.535076968652286,11.678177247732346,1.5401593593928267,607.5806884765625,3.9247004700978585,14.725971031592515,42.19999999999999,ok
360.9,42.36099999999999,360.88,0.01999999999998181,5.535833370843589,11.710607247176089,1.5535093426954627,628.4979248046875,3.9418682286156574,14.758409851056179,42.30000000000001,ok
361.0,42.46100000000001,360.98,0.01999999999998181,5.53573720295137,11.741117464334227,1.5642275947725508,628.4979248046875,3.9593265043046806,14.788920219774047,42.400000000000034,ok
361.101,42.56200000000001,361.08,0.021000000000015007,5.535736022244905,11.778682661877458,1.5798353842186001,648.7410278320312,3.9770659342024066,14.826485417335833,42.5,ok
361.2,42.661,361.18,0.01999999999998181,5.53516112964599,11.814675368778657,1.5950260818429673,667.3173828125,3.9953445232391402,14.862482715172975,42.60000000000002,ok
361.3,42.761000000000024,361.28,0.020000000000038654,5.534128204623868,11.851857727092145,1.605935660197557,683.18115234375,4.014101447338526,14.899679418035648,42.69999999999999,ok
361.4,42.86099999999999,361.38,0.01999999999998181,5.532650902082447,11.890774874745816,1.609543888295718,683.18115234375,4.033078701570301,14.938624594942377,42.80000000000001,ok
361.5,42.96100000000001,361.48,0.01999999999998181,5.530715168650474,11.93484652657428,1.6049116170537345,695.3507690429688,4.052224978256232,14.98273873733242,42.900000000000034,ok
361.6,43.061000000000035,361.58,0.020000000000038654,5.529357421889821,11.973083704040507,1.6018237154916324,703.0361328125,4.071647018559774,15.021000013014888,43.0,ok
361.7,43.161,361.68,0.01999999999998181,5.528181941230651,12.01257005100281,1.606115230454224,705.7448120117188,4.091213420571226,15.060503852716964,43.10000000000002,ok
361.8,43.261000000000024,361.78,0.020000000000038654,5.52653482144571,12.060032445031261,1.6046128144614542,703.3422241210938,4.110784073850842,15.107994818705224,43.19999999999999,ok
361.9,43.36099999999999,361.88,0.01999999999998181,5.5250034653250335,12.109438785774106,1.597178865943738,696.0582275390625,4.130220191235015,15.157424886044511,43.30000000000001,ok
362.001,43.46199999999999,361.98,0.020999999999958163,5.5236764587971425,12.151677992417067,1.596702002276657,684.4430541992188,4.149393820148051,15.199684932473163,43.400000000000034,ok
362.1,43.561000000000035,362.08,0.020000000000038654,5.522271825674016,12.195722035815107,1.6082378286667944,684.4430541992188,4.168406127209134,15.243751368147711,43.5,ok
362.202,43.66300000000001,362.18,0.02199999999999136,5.520254929697542,12.243166445580021,1.623036753286677,669.2898559570312,4.187207973183531,15.291238628411081,43.60000000000002,ok
362.3,43.761000000000024,362.28,0.020000000000038654,5.51749709696434,12.291146902824703,1.6363005669212771,651.5357055664062,4.205552772649128,15.339298278001909,43.69999999999999,ok
362.4,43.86099999999999,362.38,0.01999999999998181,5.514140538536352,12.33805645035709,1.646875970527865,632.1590576171875,4.223381866582237,15.386327759544594,43.80000000000001,ok
362.5,43.96100000000001,362.48,0.01999999999998181,5.510558819988904,12.374864846166505,1.6472437746544397,612.086669921875,4.2406630572425055,15.423310008121657,43.900000000000034,ok
362.6,44.061000000000035,362.58,0.020000000000038654,5.5069349690479115,12.422547356411307,1.6464195483106812,592.1237182617188,4.2573882015228275,15.471130025675901,44.0,ok
362.7,44.161,362.68,0.01999999999998181,5.503225589779856,12.470227021308522,1.6509674251901794,572.91259765625,4.273569261466136,15.518953763916079,44.10000000000002,ok
362.8,44.261000000000024,362.78,0.020000000000038654,5.499575827569843,12.514809118130632,1.6538226576747839,579.4497680664062,4.28957429432339,15.563685007149926,44.19999999999999,ok
362.901,44.36200000000002,362.88,0.021000000000015007,5.495645450394198,12.563187595160835,1.6494404893852013,558.4039916992188,4.305377818764582,15.612222877977814,44.30000000000001,ok
363.001,44.46199999999999,362.98,0.020999999999958163,5.492638517583321,12.62704750352893,1.6365612360107735,539.7383422851562,4.3206297956254796,15.676153539961799,44.400000000000034,ok
363.1,44.561000000000035,363.08,0.020000000000038654,5.490031543142443,12.678304463837948,1.6162243495012811,523.4379272460938,4.335396132702297,15.727476753967313,44.5,ok
363.2,44.661,363.18,0.01999999999998181,5.48828482363122,12.726801826527808,1.5925835916696296,509.3888854980469,4.34974094954597,15.776005562080872,44.60000000000002,ok
363.3,44.761000000000024,363.28,0.020000000000038654,5.487615909134605,12.77042559038208,1.5769538816661697,497.417236328125,4.363724367904662,15.81963445410688,44.69999999999999,ok
363.4,44.86099999999999,363.38,0.01999999999998181,5.487533510724167,12.80995532195404,1.567656983439512,487.3183898925781,4.3774012516021745,15.85916427155712,44.80000000000001,ok
363.5,44.96100000000001,363.48,0.01999999999998181,5.487159337891775,12.847085334406154,1.5679715827734102,487.3183898925781,4.390937873543638,15.8962961693002,44.900000000000034,ok
363.6,45.061000000000035,363.58,0.020000000000038654,5.4872691422211215,12.879515610608538,1.5689259970275717,478.87835693359375,4.404357272805108,15.928726631393017,45.0,ok
363.7,45.161,363.68,0.01999999999998181,5.487163318550323,12.910018656549457,1.5810361218716946,471.88775634765625,4.4175623577117955,15.959229860899468,45.10000000000002,ok
363.8,45.261000000000024,363.78,0.020000000000038654,5.486750731401423,12.939254604486065,1.5923906329487583,471.88775634765625,4.430670350943671,15.988468719972753,45.19999999999999,ok
363.901,45.36200000000002,363.88,0.021000000000015007,5.485854905280052,12.97087616280624,1.6104479120023476,466.15069580078125,4.443698662779068,16.020102964946137,45.30000000000001,ok
364.0,45.46100000000001,363.98,0.01999999999998181,5.485558104635851,13.009299607643829,1.629986082118124,461.4891052246094,4.456582548904424,16.058527556080065,45.400000000000034,ok
364.1,45.561000000000035,364.08,0.020000000000038654,5.483108852934036,13.051076723818964,1.6523647265358523,457.7448425292969,4.469349687067669,16.100376406360684,45.5,ok
364.2,45.661,364.18,0.01999999999998181,5.479329609651409,13.093737004759511,1.6689536687715707,457.7448425292969,4.482064821582374,16.143203760349877,45.60000000000002,ok
364.3,45.761000000000024,364.28,0.020000000000038654,5.474381817875472,13.142380349225816,1.6780603015641942,454.7798156738281,4.494738775168524,16.192098091353845,45.69999999999999,ok
364.4,45.86099999999999,364.38,0.01999999999998181,5.4687744465392525,13.19237428864099,1.691692381843039,452.4748840332031,4.50733953488668,16.24240551219362,45.80000000000001,ok
364.5,45.96100000000001,364.48,0.01999999999998181,5.461693982079477,13.236456333015907,1.7062449725076205,450.7282409667969,4.519884022733905,16.287052568235854,45.900000000000034,ok
364.6,46.061000000000035,364.58,0.020000000000038654,5.455163619618857,13.28410640128738,1.702725428205103,449.45361328125,4.532386548487346,16.335148042452698,46.0,ok
364.7,46.161,364.68,0.01999999999998181,5.450241360835805,13.32152936635365,1.6981867672385564,448.5782165527344,4.544859212790598,16.372893332832806,46.10000000000002,ok
364.8,46.261000000000024,364.78,0.020000000000038654,5.445489018413674,13.359302960854503,1.6908490795021507,447.74658203125,4.5573081683264824,16.41096470265334,46.19999999999999,ok
364.901,46.36200000000002,364.88,0.021000000000015007,5.441480711918169,13.393378227360044,1.6829303126825335,447.74658203125,4.569745573382909,16.44527490971167,46.30000000000001,ok
365.0,46.46100000000001,364.98,0.01999999999998181,5.437840590743156,13.424647821047968,1.6746336113938733,447.3504333496094,4.582177476374313,16.47675566528673,46.400000000000034,ok
365.1,46.561000000000035,365.08,0.020000000000038654,5.434041540948279,13.4622855729054,1.6679486274916964,447.21978759765625,4.594602062776354,16.51458466400763,46.5,ok
365.2,46.661,365.18,0.01999999999998181,5.430475392342762,13.500859452297714,1.654455619114958,447.3139953613281,4.607026143095232,16.5533230375828,46.60000000000002,ok
365.303,46.76400000000001,365.28,0.023000000000024556,5.427477960499392,13.538040761136461,1.647536435703745,447.3139953613281,4.6194515318552645,16.590624972178983,46.69999999999999,ok
365.4,46.86099999999999,365.38,0.01999999999998181,5.424814141288915,13.574779295782925,1.635484108849731,447.599365234375,4.6318808840857635,16.62745995366066,46.80000000000001,ok
365.5,46.96100000000001,365.48,0.01999999999998181,5.423389916655004,13.605807721045066,1.6193002171001005,448.0478515625,4.644320428763501,16.65852104813681,46.900000000000034,ok
365.6,47.061000000000035,365.58,0.020000000000038654,5.4221179743380326,13.638447419040464,1.6032284095089897,448.0478515625,4.6567662024180105,16.691185520005927,47.0,ok
365.7,47.161,365.68,0.01999999999998181,5.4211173311693575,13.6756596967837,1.589174204844848,448.6361083984375,4.66922014630636,16.728411249032916,47.10000000000002,ok
365.8,47.261000000000024,365.78,0.020000000000038654,5.420618498754056,13.712467783896173,1.5791448512651394,449.3445739746094,4.6816921002282035,16.765222716141114,47.19999999999999,ok
365.9,47.36099999999999,365.88,0.01999999999998181,5.420384606959642,13.749144119040716,1.5736107367968795,449.3445739746094,4.694173893949723,16.80189979706376,47.30000000000001,ok
366.0,47.46100000000001,365.98,0.01999999999998181,5.420516660056401,13.78915980029266,1.5679503706524525,450.1567687988281,4.706666968154913,16.841915696204946,47.400000000000034,ok
366.102,47.56299999999999,366.08,0.02199999999999136,5.42085994961473,13.826234769404536,1.5585745111130023,451.05877685546875,4.71918385073344,16.878992254599265,47.5,ok
366.202,47.66300000000001,366.18,0.02199999999999136,5.421343448423441,13.863004446179739,1.5555948804671893,452.0385437011719,4.731726869074508,16.915765110094192,47.60000000000002,ok
366.303,47.76400000000001,366.28,0.023000000000024556,5.421904582963701,13.90263456483724,1.55947867247666,453.08575439453125,4.744298039881388,16.955399201187337,47.69999999999999,ok
366.401,47.86200000000002,366.38,0.021000000000015007,5.422229470781757,13.941381714786909,1.5659799949167186,453.08575439453125,4.756883755281239,16.994147713175753,47.80000000000001,ok
366.5,47.96100000000001,366.48,0.01999999999998181,5.424008257762482,13.991145762840842,1.5653150177256971,454.1913757324219,4.769484826533005,17.043943541935167,47.900000000000034,ok
366.6,48.061000000000035,366.58,0.020000000000038654,5.424304274643345,14.032504302450032,1.5626414525487942,455.3472595214844,4.7821173075781935,17.08530314087663,48.0,ok
366.7,48.161,366.68,0.01999999999998181,5.424593448349883,14.073405899949778,1.566496809701714,456.5461730957031,4.794782494142324,17.126205760590576,48.10000000000002,ok
366.8,48.261000000000024,366.78,0.020000000000038654,5.42470108983079,14.113692706429335,1.569241689482047,457.7816162109375,4.807481491216023,17.166492710872394,48.19999999999999,ok
366.9,48.36099999999999,366.88,0.01999999999998181,5.424800318074825,14.15587806069712,1.565787077113481,459.04742431640625,4.820215227890016,17.20867818184218,48.30000000000001,ok
367.0,48.46100000000001,366.98,0.01999999999998181,5.42352903238393,14.196365584142269,1.5643063455657127,459.04742431640625,4.832966545232142,17.249185659201668,48.400000000000034,ok
367.1,48.561000000000035,367.08,0.020000000000038654,5.423990494980137,14.241095372984592,1.5560319123286521,460.3380126953125,4.845735787412856,17.293917828359966,48.5,ok
367.2,48.661,367.18,0.01999999999998181,5.424720126790843,14.28788478616255,1.554639278602733,461.6480407714844,4.858541149266564,17.34071293011343,48.60000000000002,ok
367.3,48.761000000000024,367.28,0.020000000000038654,5.425540367895308,14.34006592099769,1.5564383919801572,462.9726257324219,4.871383102968003,17.392900511281294,48.69999999999999,ok
367.4,48.86099999999999,367.38,0.01999999999998181,5.426196197479959,14.393539182193537,1.561327309249461,464.3071594238281,4.884261988872954,17.446377794078415,48.80000000000001,ok
367.5,48.96100000000001,367.48,0.01999999999998181,5.426525182549065,14.445237016212513,1.572934330430086,465.6473388671875,4.897178023571443,17.498076674853817,48.900000000000034,ok
367.603,49.06400000000002,367.58,0.023000000000024556,5.4262291634717394,14.493793163930103,1.582723629855258,466.98919677734375,4.910131308788723,17.546633724892576,49.0,ok
367.7,49.161,367.68,0.01999999999998181,5.425386654049875,14.53791580368098,1.6002643278956954,468.32916259765625,4.9231218415578235,17.590764407650852,49.10000000000002,ok
367.803,49.26400000000001,367.78,0.023000000000024556,5.423955904939959,14.577464811230048,1.6182068541099608,469.66400146484375,4.936149524392021,17.630339286565786,49.19999999999999,ok
367.9,49.36099999999999,367.88,0.01999999999998181,5.421842065938702,14.615588943625351,1.6371722553737584,470.99102783203125,4.949214177576702,17.668521976180557,49.30000000000001,ok
368.0,49.46100000000001,367.98,0.01999999999998181,5.4190061098086355,14.644068104477805,1.6577616092084324,470.99102783203125,4.96229726168315,17.69714199103086,49.400000000000034,ok
368.1,49.561000000000035,368.08,0.020000000000038654,5.4156773300359635,14.67932582933117,1.6763517719712224,472.3079833984375,4.975398636839125,17.732556506933392,49.5,ok
368.2,49.661,368.18,0.01999999999998181,5.410989196100471,14.72087793309887,1.6918936789292391,473.61322021484375,4.988536431333757,17.774372244728138,49.60000000000002,ok
368.301,49.762,368.28,0.021000000000015007,5.406540110234173,14.756607383878762,1.6948833796770928,474.9054870605469,5.001710302268133,17.810377633464803,49.69999999999999,ok
368.4,49.86099999999999,368.38,0.01999999999998181,5.401774446534219,14.79540817858639,1.6915840416238646,474.9054870605469,5.014902121353152,17.849470001267797,49.80000000000001,ok
368.5,49.96100000000001,368.48,0.01999999999998181,5.395954650991899,14.838888576792867,1.6900209923582914,473.9243469238281,5.028080313491826,17.893338156555526,49.900000000000034,ok
368.6,50.061000000000035,368.58,0.020000000000038654,5.391525909718062,14.874124414238903,1.6905124951388448,475.1507263183594,5.041261911731297,17.928851224429113,50.0,ok
368.7,50.161,368.68,0.01999999999998181,5.387415180015791,14.90856519541815,1.6914121606984698,476.3666687011719,5.054477431106571,17.963536459139608,50.10000000000002,ok
368.809,50.27000000000004,368.78,0.029000000000053205,5.3828490433389895,14.945928477971986,1.6920138370592535,476.3666687011719,5.067709838570488,18.001177719577445,50.19999999999999,ok
368.9,50.36099999999999,368.88,0.01999999999998181,5.3786935132258415,14.980844582365265,1.687614348425352,477.5731506347656,5.080959002727935,18.036340239062312,50.30000000000001,ok
369.002,50.46300000000002,368.98,0.02199999999999136,5.374334592084038,15.018608916702922,1.6797797032952573,478.7716064453125,5.094241568798495,18.074355303727348,50.400000000000034,ok
369.1,50.561000000000035,369.08,0.020000000000038654,5.36996373152037,15.059997202120998,1.6696410266348982,479.9638366699219,5.107557338841757,18.115973744254536,50.5,ok
369.2,50.661,369.18,0.01999999999998181,5.366452778821493,15.095900661052648,1.6671698377655466,479.9638366699219,5.120889667638147,18.152048460498886,50.60000000000002,ok
369.3,50.761000000000024,369.28,0.020000000000038654,5.363318830688104,15.12895811571138,1.6620359442167574,481.1521911621094,5.134238501358031,18.185254136812084,50.69999999999999,ok
369.4,50.86099999999999,369.38,0.01999999999998181,5.360437172146945,15.159957888492803,1.664518359668362,482.33905029296875,5.147620324156022,18.216387557254553,50.80000000000001,ok
369.5,50.96100000000001,369.48,0.01999999999998181,5.359012393442597,15.181067224402012,1.6648817064799177,482.33905029296875,5.1610186311086075,18.237544921383485,50.900000000000034,ok
369.601,51.06200000000001,369.58,0.021000000000015007,5.355708361001191,15.215155297229684,1.669595098143977,483.52728271484375,5.174433441289267,18.2717927437884,51.0,ok
369.7,51.161,369.68,0.01999999999998181,5.35239388314927,15.247779596970378,1.6771929493505826,483.52728271484375,5.1878647546980154,18.30458497910412,51.10000000000002,ok
369.8,51.261000000000024,369.78,0.020000000000038654,5.348530655177773,15.282696853120564,1.687830519131416,482.306884765625,5.20127911813524,18.33971529802407,51.19999999999999,ok
369.9,51.36099999999999,369.88,0.01999999999998181,5.343867100894734,15.321637232083116,1.6914548182773044,483.46563720703125,5.214692625384863,18.378933939666766,51.30000000000001,ok
370.0,51.46100000000001,369.98,0.01999999999998181,5.3395524351072154,15.369634738790866,1.6858502755921156,484.6298828125,5.228138396496249,18.427124986459905,51.400000000000034,ok
370.1,51.561000000000035,370.08,0.020000000000038654,5.335012650985301,15.410577207950057,1.6742338240417762,485.8011779785156,5.241616605673897,18.468318376957956,51.5,ok
370.2,51.661,370.18,0.01999999999998181,5.330622434064029,15.455045971952487,1.660837464112897,486.98065185546875,5.255127464421594,18.513003329419828,51.60000000000002,ok
370.3,51.761000000000024,370.28,0.020000000000038654,5.327063243014818,15.4972481376788,1.6457791329479643,486.98065185546875,5.268654704750908,18.55535531441364,51.69999999999999,ok
370.4,51.86099999999999,370.38,0.01999999999998181,5.324221220829643,15.538265498550924,1.6330048050841348,488.16900634765625,5.282198450003732,18.59647101680354,51.80000000000001,ok
370.501,51.96199999999999,370.48,0.020999999999958163,5.321183654391619,15.573415957095483,1.629225009947073,489.3662414550781,5.29577532844544,18.631752478589558,51.900000000000034,ok
370.6,52.061000000000035,370.58,0.020000000000038654,5.318344263289676,15.618661457948098,1.6276882849583287,490.5718078613281,5.309385579130385,18.677086985195828,52.0,ok
370.7,52.161,370.68,0.01999999999998181,5.315858821474626,15.662968866071306,1.6264760644657383,491.7841796875,5.323029412290789,18.72146404949274,52.10000000000002,ok
370.8,52.261000000000024,370.78,0.020000000000038654,5.313505472848296,15.70657596443834,1.6216531854494312,493.0009765625,5.336706983905367,18.76513460339064,52.19999999999999,ok
370.9,52.36099999999999,370.88,0.01999999999998181,5.311287240776611,15.748440589163879,1.6323631933788736,493.0009765625,5.350401455476551,18.807057954365174,52.30000000000001,ok
371.0,52.46100000000001,370.98,0.01999999999998181,5.308816544246583,15.801570541704493,1.6530992703131528,495.4343566894531,5.364129723993942,18.860245323150547,52.400000000000034,ok
371.1,52.561000000000035,371.08,0.020000000000038654,5.30543975900738,15.843414573237386,1.6726490555462543,495.4343566894531,5.377891789457533,18.902225385721696,52.5,ok
371.2,52.661,371.18,0.01999999999998181,5.301211724964074,15.88191931844819,1.6899692280488394,496.6415710449219,5.39167062178718,18.940961566168667,52.60000000000002,ok
371.3,52.761000000000024,371.28,0.020000000000038654,5.296487838554361,15.919771469974036,1.700114207153888,494.7366027832031,5.405439763090344,18.97910734546268,52.69999999999999,ok
371.4,52.86099999999999,371.38,0.01999999999998181,5.2917447031659695,15.955859488421396,1.7023381368340016,495.8164367675781,5.419197444195219,19.015505730162687,52.80000000000001,ok
371.5,52.96100000000001,371.48,0.01999999999998181,5.286975978676713,15.986753833825432,1.6993935190681875,495.8164367675781,5.4329701229943215,19.046765949470913,52.900000000000034,ok
371.6,53.061000000000035,371.58,0.020000000000038654,5.282053708902623,16.0254196451183,1.6957971577826432,496.86871337890625,5.446757416746351,19.085743811170406,53.0,ok
371.7,53.161,371.683,0.016999999999995907,5.276897777956407,16.06691112334835,1.6920482387090583,497.8874816894531,5.460987956759135,19.127554412572884,53.10300000000001,ok
371.8,53.261000000000024,371.78,0.020000000000038654,5.272562396747542,16.102269349639865,1.6940626052620145,498.8668212890625,5.474416452229815,19.163177434577033,53.19999999999999,ok
371.9,53.36099999999999,371.88,0.01999999999998181,5.266458175297294,16.13861415040643,1.702568369481838,498.8668212890625,5.488273863932292,19.200031281896884,53.30000000000001,ok
372.0,53.46100000000001,371.98,0.01999999999998181,5.260852288465182,16.176469528689143,1.7145609237154218,499.80096435546875,5.502144249844025,19.238299488440983,53.400000000000034,ok
372.1,53.561000000000035,372.08,0.020000000000038654,5.255019534585402,16.215235427362582,1.729525346244603,500.68463134765625,5.516039883117675,19.27750173222602,53.5,ok
372.2,53.661,372.18,0.01999999999998181,5.248904458158217,16.251922733721702,1.7442561935931238,498.2984619140625,5.529914648301869,19.314695180675958,53.60000000000002,ok
372.3,53.761000000000024,372.28,0.020000000000038654,5.242252141384807,16.288750083965894,1.7580421473714434,498.2984619140625,5.543756272243922,19.352118529596947,53.69999999999999,ok
372.4,53.86099999999999,372.38,0.01999999999998181,5.234587432608769,16.32830064516799,1.7667890076014297,499.0423278808594,5.557608227657743,19.3924049373795,53.80000000000001,ok
372.5,53.96100000000001,372.48,0.01999999999998181,5.228367579571281,16.37372091070045,1.768512242132094,499.73748779296875,5.571480169542105,19.438249098325546,53.900000000000034,ok
372.6,54.061000000000035,372.58,0.020000000000038654,5.221453490411831,16.41137771781039,1.777300511856906,500.3837585449219,5.585370742407904,19.476535385043118,54.0,ok
372.7,54.161,372.68,0.01999999999998181,5.213859970405686,16.44671816076378,1.7893076455740566,500.3837585449219,5.599270291256377,19.512682424399415,54.10000000000002,ok
372.8,54.261000000000024,372.78,0.020000000000038654,5.2070350380835935,16.47701710249541,1.7966704174028516,500.9821472167969,5.6131781510586185,19.54374052432935,54.19999999999999,ok
372.9,54.36099999999999,372.88,0.01999999999998181,5.199247059965223,16.510523574748042,1.8028770298131338,498.7530212402344,5.627063361731636,19.578140179647228,54.30000000000001,ok
373.0,54.46100000000001,372.98,0.01999999999998181,5.189468564753904,16.529580374477145,1.805936454544753,498.7530212402344,5.640917612321646,19.599559343601804,54.400000000000034,ok
373.1,54.561000000000035,373.08,0.020000000000038654,5.18128414046883,16.564000212848807,1.7994030212627272,499.305419921875,5.654779535115559,19.634938858499684,54.5,ok
373.2,54.661,373.18,0.01999999999998181,5.172563650970756,16.602401955462067,1.7877640584175911,499.83026123046875,5.668656419576012,19.674318304570207,54.60000000000002,ok
373.302,54.763000000000034,373.28,0.022000000000048203,5.163483596385068,16.644411919262712,1.7784879513771075,499.83026123046875,5.682540593499075,19.717298351682913,54.69999999999999,ok
373.401,54.86200000000002,373.38,0.021000000000015007,5.155226804211658,16.684478070790508,1.7684198318681088,500.3320007324219,5.696431736026341,19.75820643297797,54.80000000000001,ok
373.5,54.96100000000001,373.48,0.01999999999998181,5.1477131234886695,16.73001959869583,1.7676633550619893,498.6048889160156,5.710305859493683,19.80436362268833,54.900000000000034,ok
373.6,55.061000000000035,373.58,0.020000000000038654,5.14063896323906,16.767643685547228,1.7653982696233728,499.1446838378906,5.724163492448594,19.842646982711177,55.0,ok
373.7,55.161,373.68,0.01999999999998181,5.133299579743007,16.805186717687036,1.7603450944869037,499.6821594238281,5.7380360874938985,19.880900685961358,55.10000000000002,ok
373.8,55.261000000000024,373.78,0.020000000000038654,5.126673748864897,16.840459692543906,1.7484831584170273,499.6821594238281,5.751916147477889,19.916790578550756,55.19999999999999,ok
373.9,55.36099999999999,373.88,0.01999999999998181,5.119902847135663,16.87932390537579,1.7354014520723091,500.2219543457031,5.76580370461358,19.956240193875484,55.30000000000001,ok
374.0,55.46100000000001,373.98,0.01999999999998181,5.115500855931658,16.912416366712172,1.7165674328684213,500.7687072753906,5.779706352691654,19.989624149960108,55.400000000000034,ok
374.1,55.561000000000035,374.08,0.020000000000038654,5.111522455872212,16.94247265581774,1.7033586256289608,500.7687072753906,5.79361659456041,20.019942596190585,55.5,ok
374.2,55.661,374.18,0.01999999999998181,5.107439499070394,16.97422281560748,1.691106544105954,501.3267822265625,5.807534587470163,20.051954206317532,55.60000000000002,ok
374.3,55.761000000000024,374.28,0.020000000000038654,5.103562525394589,17.007419560133123,1.6804052929038915,501.9003601074219,5.821468297780352,20.08537657565281,55.69999999999999,ok
374.401,55.86200000000002,374.38,0.021000000000015007,5.099388768125372,17.047223231745175,1.6657031997295106,500.3704833984375,5.835388726162381,20.125398476201664,55.80000000000001,ok
374.5,55.96100000000001,374.48,0.01999999999998181,5.0956094920808,17.089348549228387,1.6527158004820002,501.03240966796875,5.849297099677195,20.167692982942874,55.900000000000034,ok
374.6,56.061000000000035,374.58,0.020000000000038654,5.092138228011322,17.13223325659002,1.6538574796536756,501.71636962890625,5.863224166056314,20.21071795011001,56.0,ok
374.7,56.161,374.68,0.01999999999998181,5.088217255466933,17.17911632575572,1.6523766418924273,502.42523193359375,5.87717057718913,20.257764694950538,56.10000000000002,ok
374.801,56.262,374.78,0.021000000000015007,5.084924001810372,17.220657601143877,1.6487111336397782,503.1614685058594,5.891137059139673,20.299436304956885,56.19999999999999,ok
374.9,56.36099999999999,374.88,0.01999999999998181,5.082017464696865,17.259142222611583,1.641759420157936,503.9275207519531,5.9051244062127015,20.338030527937853,56.30000000000001,ok
375.0,56.46100000000001,374.98,0.01999999999998181,5.079286214618506,17.306785676766687,1.6291958798331783,504.72552490234375,5.919133476291236,20.385752204886803,56.400000000000034,ok
375.1,56.561000000000035,375.08,0.020000000000038654,5.077104807182448,17.349291244450498,1.6148057382802086,504.72552490234375,5.933153629760741,20.428313711233795,56.5,ok
375.2,56.661,375.18,0.01999999999998181,5.075692994340995,17.387306971649796,1.5988698157178556,505.55755615234375,5.947185339219837,20.4663556450699,56.60000000000002,ok
375.302,56.763000000000034,375.28,0.022000000000048203,5.07483861207236,17.42385298318892,1.5911497869697444,506.4255065917969,5.961240659535723,20.502911642231496,56.69999999999999,ok
375.401,56.86200000000002,375.38,0.021000000000015007,5.072725525777323,17.4507712509764,1.5997951917925601,507.3313903808594,5.9753206164381245,20.529912721364905,56.80000000000001,ok
375.5,56.96100000000001,375.48,0.01999999999998181,5.071257330717244,17.482087700689654,1.6047503656518032,507.3313903808594,5.989413155059818,20.56126356855246,56.900000000000034,ok
375.6,57.061000000000035,375.58,0.020000000000038654,5.069878260703658,17.521988801735276,1.603302969041375,508.277099609375,6.0035188285319,20.601188494335172,57.0,ok
375.7,57.161,375.68,0.01999999999998181,5.068612913736855,17.560513553416545,1.6067013284274332,509.2646484375,6.017651352810332,20.639734020600226,57.10000000000002,ok
375.8,57.261000000000024,375.78,0.020000000000038654,5.0673356090942985,17.59720100108192,1.603687866704215,509.2646484375,6.031797593044702,20.676443696754472,57.19999999999999,ok
375.9,57.36099999999999,375.88,0.01999999999998181,5.066103779566893,17.635345301949606,1.6015529746756527,510.29608154296875,6.045958158738879,20.71460788274958,57.30000000000001,ok
376.001,57.46199999999999,375.98,0.020999999999958163,5.06565768530874,17.674093801628615,1.5990775739068224,511.3736267089844,6.060148015797937,20.75335895018599,57.400000000000034,ok
376.1,57.561000000000035,376.08,0.020000000000038654,5.065663381777271,17.708009351910142,1.5965167919222367,512.4996948242188,6.0743684785970045,20.78727450094591,57.5,ok
376.2,57.661,376.18,0.01999999999998181,5.065091276042144,17.739510223218208,1.5924550525851986,512.4996948242188,6.088604581231014,20.818780566998964,57.60000000000002,ok
376.301,57.762,376.283,0.01799999999997226,5.064508119561834,17.771050607503724,1.5854533199932712,513.6769409179688,6.103284608103438,20.85032634187229,57.70300000000003,ok
376.4,57.86099999999999,376.38,0.01999999999998181,5.063060213012773,17.80304246496466,1.5867471764916745,514.908203125,6.117141935738458,20.882350947680568,57.80000000000001,ok
376.5,57.96100000000001,376.48,0.01999999999998181,5.062147664870356,17.83664934908512,1.595823815146358,514.908203125,6.131444941380823,20.91597021900519,57.900000000000034,ok
376.6,58.061000000000035,376.58,0.020000000000038654,5.0610551021096875,17.874793536632147,1.600207742080618,516.1967163085938,6.1457658430396185,20.954130050464574,58.0,ok
376.7,58.161,376.68,0.01999999999998181,5.059854941641836,17.91608925761611,1.5993250702706143,517.5458984375,6.160123379355539,20.995443207651284,58.10000000000002,ok
376.8,58.261000000000024,376.78,0.020000000000038654,5.058841353389435,17.955527833738167,1.5934100669496556,518.9597778320312,6.174519291525945,21.034894806448804,58.19999999999999,ok
376.901,58.36200000000002,376.88,0.021000000000015007,5.057999108472972,17.994482326604814,1.593798579117642,518.9597778320312,6.188934840910171,21.073858403446476,58.30000000000001,ok
377.0,58.46100000000001,376.98,0.01999999999998181,5.056864946351995,18.015983612128636,1.6032707582388452,520.4424438476562,6.203370982877948,21.095389580908325,58.400000000000034,ok
377.1,58.561000000000035,377.08,0.020000000000038654,5.0555342692511696,18.049272505073926,1.6102438325901403,520.4424438476562,6.217827717429267,21.12870505921901,58.5,ok
377.2,58.661,377.18,0.01999999999998181,5.053850722752438,18.088754405571297,1.6179019373345287,521.998779296875,6.232306067750722,21.168222837442205,58.60000000000002,ok
377.3,58.761000000000024,377.28,0.020000000000038654,5.051992668380803,18.126039312901245,1.6250754747206324,523.6339721679688,6.246828744854395,21.20555401316238,58.69999999999999,ok
377.4,58.86099999999999,377.38,0.01999999999998181,5.049936916852773,18.16180088687922,1.632888154982723,524.9003295898438,6.261391721267701,21.241374625771982,58.80000000000001,ok
377.5,58.96100000000001,377.48,0.01999999999998181,5.0478599515712474,18.19950302998418,1.6355916773228252,524.9003295898438,6.275972285978534,21.279133934286406,58.900000000000034,ok
377.6,59.061000000000035,377.58,0.020000000000038654,5.046075349997457,18.233889794218005,1.6315853865906644,526.7249145507812,6.290578192147149,21.313566975936105,59.0,ok
377.7,59.161,377.68,0.01999999999998181,5.044191102572152,18.267391600842096,1.6258757540818776,528.6452026367188,6.305236110441423,21.347121728735637,59.10000000000002,ok
377.8,59.261000000000024,377.78,0.020000000000038654,5.042592835369155,18.29793934504014,1.6199735080656277,528.6452026367188,6.319920699403549,21.377711255270732,59.19999999999999,ok
377.901,59.36200000000002,377.88,0.021000000000015007,5.041065044938241,18.329264302713412,1.621113697600775,530.6687622070312,6.334633393359716,21.409073447745637,59.30000000000001,ok
378.0,59.46100000000001,377.98,0.01999999999998181,5.039294213788115,18.357357861855665,1.6204194506914995,532.8038940429688,6.349403846918746,21.43722276227089,59.400000000000034,ok
378.1,59.561000000000035,378.08,0.020000000000038654,5.037850949291997,18.388307074226393,1.6128745626512766,532.8038940429688,6.364203955086602,21.468205608472847,59.5,ok
378.2,59.661,378.18,0.01999999999998181,5.036637427454271,18.41864532294597,1.6080254138841326,535.0599365234375,6.379035397177805,21.498568117766737,59.60000000000002,ok
378.3,59.761000000000024,378.28,0.020000000000038654,5.0355729069230435,18.44859852541131,1.6031725677879014,535.0599365234375,6.3938981731923406,21.528540230503264,59.69999999999999,ok
378.4,59.86099999999999,378.38,0.01999999999998181,5.0346748049714405,18.47888942011889,1.594872651477001,537.447021484375,6.4087941031646745,21.55884443630545,59.80000000000001,ok
378.5,59.96100000000001,378.48,0.01999999999998181,5.034148384725545,18.5046289407155,1.5862220652608015,539.9762573242188,6.423758315370352,21.584589339467406,59.900000000000034,ok
378.6,60.061000000000035,378.58,0.020000000000038654,5.033716977520686,18.539718299233613,1.580281545029819,539.9762573242188,6.438757655851576,21.61968134985993,60.0,ok
378.7,60.161,378.68,0.01999999999998181,5.033344945216178,18.57717299868138,1.5813883625270528,542.659912109375,6.453794269315934,21.657137896934618,60.10000000000002,ok
378.8,60.261000000000024,378.78,0.020000000000038654,5.032923000016214,18.613282328682004,1.5861309743089507,545.5115356445312,6.468907761645845,21.69324969211079,60.19999999999999,ok
378.9,60.36099999999999,378.88,0.01999999999998181,5.032306059398315,18.64664037329974,1.5952677622943077,545.5115356445312,6.484060859858197,21.726613441247313,60.30000000000001,ok
379.0,60.46100000000001,378.98,0.01999999999998181,5.031470971681928,18.684086993150284,1.6064469254456404,548.5460815429688,6.4992561045413595,21.764069371481728,60.400000000000034,ok
379.1,60.561000000000035,379.08,0.020000000000038654,5.030006846256961,18.729128928011484,1.6188409965485417,551.7797241210938,6.5145384073978,21.80913509636551,60.5,ok
379.2,60.661,379.18,0.01999999999998181,5.0278543206397295,18.771850794325196,1.627811976415326,555.230712890625,6.5299135523563,21.851911155415632,60.60000000000002,ok
379.3,60.761000000000024,379.28,0.020000000000038654,5.0253828801862035,18.814920583464566,1.6273920538857551,558.918701171875,6.545387849773829,21.895051794660144,60.69999999999999,ok
379.4,60.86099999999999,379.38,0.01999999999998181,5.0231152083952795,18.858224230658763,1.6159164302380138,562.8655395507812,6.560968186450536,21.938414776518762,60.80000000000001,ok
379.5,60.96100000000001,379.48,0.01999999999998181,5.021343917045491,18.89829448797937,1.6059223321368847,562.8655395507812,6.57660334032695,21.97852416438227,60.900000000000034,ok
379.6,61.061000000000035,379.58,0.020000000000038654,5.0198455080392295,18.947031803879508,1.5938533646237516,567.0955200195312,6.592297243932088,22.027284508830398,61.0,ok
379.7,61.161,379.68,0.01999999999998181,5.019011633862525,18.993459337811693,1.58233714056389,571.6350708007812,6.608112946582374,22.073719530669166,61.10000000000002,ok
379.8,61.261000000000024,379.78,0.020000000000038654,5.01863954785191,19.041182847803046,1.5721503885136925,576.5133666992188,6.624059452658757,22.121444491160446,61.19999999999999,ok
379.9,61.36099999999999,379.88,0.01999999999998181,5.018745516889427,19.089026268010343,1.5650141529332424,581.7626342773438,6.64014661933899,22.169288028723724,61.30000000000001,ok
380.0,61.46100000000001,379.98,0.01999999999998181,5.018793329233551,19.12626782848286,1.553490144560616,587.41845703125,6.656385245607169,22.206529619888016,61.400000000000034,ok
380.1,61.561000000000035,380.08,0.020000000000038654,5.019646813690826,19.163885691744344,1.5413997879748291,593.5196533203125,6.672787163806491,22.24415716394923,61.5,ok
380.2,61.661,380.18,0.01999999999998181,5.0208604900785705,19.20018205414667,1.531039708318693,600.1094360351562,6.689365345603098,22.280473812115257,61.60000000000002,ok
380.3,61.761000000000024,380.28,0.020000000000038654,5.0223944896602015,19.23555233626968,1.5238336327093334,600.1094360351562,6.706035052159624,22.3158773431846,61.69999999999999,ok
380.401,61.86200000000002,380.38,0.021000000000015007,5.024041368610318,19.272069829439292,1.5269295709375317,607.2349243164062,6.722803723831177,22.35243195325869,61.80000000000001,ok
380.5,61.96100000000001,380.48,0.01999999999998181,5.027067080242388,19.32381246669592,1.5250262700650066,614.9481201171875,6.739778488337203,22.404262981042745,61.900000000000034,ok
380.6,62.061000000000035,380.58,0.020000000000038654,5.029052997650191,19.363227294618966,1.528304906213851,623.3060302734375,6.756976462648178,22.443727807510804,62.0,ok
380.7,62.161,380.68,0.01999999999998181,5.030409224430422,19.3982761865813,1.5378790708039443,623.3060302734375,6.7742905190446665,22.478802929447394,62.10000000000002,ok
380.8,62.261000000000024,380.78,0.020000000000038654,5.031525526930112,19.437071244144295,1.547632380460106,632.3710327148438,6.791730478252831,22.517614044125885,62.19999999999999,ok
380.9,62.36099999999999,380.88,0.01999999999998181,5.0322946059878,19.476456546907205,1.55495411127569,642.2114868164062,6.809433013246325,22.557006855098486,62.30000000000001,ok
381.0,62.46100000000001,380.98,0.01999999999998181,5.032513082745368,19.510387587405702,1.5583644834345036,652.9017944335938,6.827420697708135,22.590938598958836,62.400000000000034,ok
381.1,62.561000000000035,381.08,0.020000000000038654,5.032910961375458,19.54912850778648,1.5580747706589373,652.9017944335938,6.845556858664618,22.629681562440663,62.5,ok
381.2,62.661,381.18,0.01999999999998181,5.03331955448204,19.58261431679644,1.560736568500777,664.5228271484375,6.863854422853262,22.663169864179903,62.60000000000002,ok
381.3,62.761000000000024,381.28,0.020000000000038654,5.033619052135189,19.61804113988791,1.5645653722612596,677.162353515625,6.882488939251367,22.698597953222336,62.69999999999999,ok
381.4,62.86099999999999,381.38,0.01999999999998181,5.033810030187394,19.65440331021363,1.5645248732383983,690.9146118164062,6.901490008214316,22.734960625063295,62.80000000000001,ok
381.5,62.96100000000001,381.48,0.01999999999998181,5.0329084057451885,19.688182692875824,1.5648125354052538,690.9146118164062,6.920682080764776,22.768752038464832,62.900000000000034,ok
381.6,63.061000000000035,381.58,0.020000000000038654,5.032737501227594,19.71849442216932,1.5704392600665433,705.8804321289062,6.940082011930677,22.799064249554036,63.0,ok
381.7,63.161,381.68,0.01999999999998181,5.032651877285693,19.75074964936794,1.577482898171652,722.1671142578125,6.959916005630498,22.83131959040007,63.10000000000002,ok
381.8,63.261000000000024,381.78,0.020000000000038654,5.032314058722191,19.78644874354699,1.584381059586079,722.1671142578125,6.979976203248763,22.867020282922578,63.19999999999999,ok
381.9,63.36099999999999,381.88,0.01999999999998181,5.0316785018530865,19.824170072797944,1.593313814723577,739.8870849609375,7.000282511571251,22.904746965959824,63.30000000000001,ok
382.0,63.46100000000001,381.98,0.01999999999998181,5.031555070629679,19.8733646916177,1.6041054279448348,759.156982421875,7.021102568062683,22.95394173962622,63.400000000000034,ok
382.1,63.561000000000035,382.08,0.020000000000038654,5.03033435227799,19.914230196579933,1.615571528694951,780.0955200195312,7.042481075041029,22.994825472933154,63.5,ok
382.201,63.662000000000035,382.18,0.021000000000015007,5.028682496399256,19.950057092627144,1.616654728052752,802.8206787109375,7.0644660222456235,23.0306904294816,63.60000000000002,ok
382.3,63.761000000000024,382.28,0.020000000000038654,5.027210311513079,19.98207195327178,1.6172440136354573,802.8206787109375,7.086766596654253,23.062739121037332,63.69999999999999,ok
382.4,63.86099999999999,382.38,0.01999999999998181,5.02568614340695,20.014727546313786,1.6157743350543714,827.446044921875,7.109409190038047,23.095430264262077,63.80000000000001,ok
382.5,63.96100000000001,382.48,0.01999999999998181,5.023839806637946,20.0432812356064,1.6102182761440549,827.446044921875,7.132393802396993,23.124043585140363,63.900000000000034,ok
382.601,64.06200000000001,382.58,0.021000000000015007,5.022466863983197,20.076081695326238,1.603073429775718,854.0748901367188,7.155748259828354,23.156872766204867,64.0,ok
382.7,64.161,382.68,0.01999999999998181,5.021485530158692,20.111327726362752,1.591295811690213,882.79443359375,7.179871444880172,23.19213245593552,64.10000000000002,ok
382.8,64.26100000000002,382.78,0.020000000000038654,5.02086131118915,20.14897741525284,1.5797206882582548,882.79443359375,7.2043935124799905,23.229787319138598,64.19999999999999,ok
382.9,64.36099999999999,382.88,0.01999999999998181,5.0209079286417655,20.182269227225053,1.5510363474646065,913.6663818359375,7.229344357138742,23.263079163749254,64.30000000000001,ok
383.0,64.46100000000001,382.98,0.01999999999998181,5.022362446796456,20.217328397884803,1.5162251625730878,946.7162475585938,7.255183004769227,23.29816849361478,64.40000000000003,ok
383.101,64.56200000000001,383.08,0.021000000000015007,5.025123855742868,20.256771018974153,1.4919102897183243,981.9208984375,7.281969631796942,23.33770766075026,64.5,ok
383.2,64.661,383.18,0.01999999999998181,5.028678455139099,20.298385736448605,1.4789242980585655,981.9208984375,7.309245212309101,23.379473913722563,64.60000000000002,ok
383.3,64.76100000000002,383.28,0.020000000000038654,5.032688225383943,20.339519396406633,1.4656228642462439,1019.1932373046875,7.337038464194399,23.420802550755003,64.69999999999999,ok
383.4,64.86099999999999,383.38,0.01999999999998181,5.037413416280446,20.382037582087385,1.4497088066270385,1058.365966796875,7.365893453140261,23.463582493983008,64.80000000000001,ok
383.501,64.96199999999999,383.48,0.020999999999958163,5.043667160564466,20.422901142385818,1.429444117125332,1099.1732177734375,7.395859275148189,23.50492182002775,64.90000000000003,ok
383.6,65.06100000000004,383.58,0.020000000000038654,5.051153637054496,20.472544781669747,1.4053339117408348,1178.7779541015625,7.427497485868664,23.5551267824477,65.0,ok
383.7,65.161,383.68,0.01999999999998181,5.0603005971543995,20.524741313232898,1.3876397389592576,1226.5670166015625,7.460905054906215,23.60811871377967,65.10000000000002,ok
383.8,65.26100000000002,383.78,0.020000000000038654,5.069712550921818,20.573628523947487,1.3763680177106685,1274.7984619140625,7.495646242107809,23.657903693895893,65.19999999999999,ok
383.9,65.36099999999999,383.88,0.01999999999998181,5.0787662897550225,20.615632228514013,1.3604673634170332,1322.5855712890625,7.531721020346749,23.700872070455542,65.30000000000001,ok
384.0,65.46100000000001,383.98,0.01999999999998181,5.088774774023538,20.66001864630652,1.3405513461287206,1368.865966796875,7.569102291709062,23.7463728818967,65.40000000000003,ok
384.1,65.56100000000004,384.08,0.020000000000038654,5.1000665299677195,20.706666332356797,1.3199200289851376,1478.500244140625,7.608649044638736,23.794367781273074,65.5,ok
384.2,65.661,384.18,0.01999999999998181,5.1127244068801,20.754072552498602,1.3002866583064998,1524.13134765625,7.65035226119148,23.843434792146596,65.60000000000002,ok
384.301,65.762,384.28,0.021000000000015007,5.124720582578431,20.79612210198155,1.2813469000777975,1524.13134765625,7.692689243070806,23.88716204729832,65.69999999999999,ok
384.4,65.86099999999999,384.38,0.01999999999998181,5.137570313141447,20.83806775384076,1.2657804270035222,1563.8424072265625,7.735577767444188,23.93103177815499,65.80000000000001,ok
384.5,65.96100000000001,384.48,0.01999999999998181,5.150338279280228,20.873820197647824,1.252557529577251,1680.7547607421875,7.78064161699932,23.968995684664964,65.90000000000003,ok
384.6,66.06100000000004,384.58,0.020000000000038654,5.163708416553865,20.91295395376387,1.2384054434002079,1708.1414794921875,7.8277096203358925,24.01035038740197,66.0,ok
384.7,66.161,384.68,0.01999999999998181,5.179707192471168,20.95868877547677,1.222354713327869,1723.4771728515625,7.875370990507344,24.05880278412249,66.10000000000002,ok
384.8,66.26100000000002,384.78,0.020000000000038654,5.197941422076231,21.008018528730524,1.2043027602188445,1725.6097412109375,7.923274975424862,24.11139471967697,66.19999999999999,ok
384.9,66.36099999999999,384.88,0.01999999999998181,5.218354166467576,21.059957242573248,1.183456592139107,1807.9527587890625,7.9723522323693174,24.167200724096052,66.30000000000001,ok
385.0,66.46100000000001,384.98,0.01999999999998181,5.240479443364572,21.121335437730515,1.1661349102697192,1779.845458984375,8.022182763171738,24.232444963064196,66.40000000000003,ok
385.1,66.56100000000004,385.08,0.020000000000038654,5.262331430512475,21.171476897910892,1.156456009428052,1821.947021484375,8.072207658733786,24.287141172908502,66.5,ok
385.2,66.661,385.18,0.01999999999998181,5.282822930940991,21.21760964904565,1.1497120684554458,1762.6793212890625,8.121994135716761,24.337620201396312,66.60000000000002,ok
385.3,66.76100000000002,385.28,0.020000000000038654,5.302436191547823,21.261046631747863,1.1450372185027227,1759.626953125,8.170915056194717,24.385279948121447,66.69999999999999,ok
385.4,66.86099999999999,385.38,0.01999999999998181,5.320779037976432,21.301204256282837,1.140724102248217,1680.6307373046875,8.218696413006251,24.429428502156608,66.80000000000001,ok
385.5,66.96100000000001,385.48,0.01999999999998181,5.3364912417957076,21.332760484470104,1.1281147728151155,1680.6307373046875,8.265380600153614,24.464680011149348,66.90000000000003,ok
385.6,67.06100000000004,385.58,0.020000000000038654,5.354989525405185,21.37054248439015,1.1112500665246572,1644.00439453125,8.311556088095765,24.506747409624353,67.0,ok
385.7,67.161,385.68,0.01999999999998181,5.3743582906287575,21.408842658943993,1.0912841010504133,1558.853271484375,8.356040222345992,24.549666547979413,67.10000000000002,ok
385.8,67.26100000000002,385.78,0.020000000000038654,5.393563850278605,21.44490023746802,1.069635985233547,1558.853271484375,8.399341702109432,24.59051997489173,67.19999999999999,ok
385.9,67.36099999999999,385.88,0.01999999999998181,5.413531519346526,21.480736089671087,1.047383676186706,1503.6815185546875,8.44187690752665,24.631543335445517,67.30000000000001,ok
386.0,67.46100000000001,385.98,0.01999999999998181,5.438445912586181,21.52654678520108,1.0240034640263813,1421.711181640625,8.482507361696038,24.683690692190055,67.40000000000003,ok
386.1,67.56100000000004,386.08,0.020000000000038654,5.46444283141408,21.56928210465143,0.9948440032785681,1359.771484375,8.521139065390686,24.73371216075174,67.5,ok
386.2,67.661,386.18,0.01999999999998181,5.4922618543678245,21.610770051170267,0.9564771450137226,1286.133056640625,8.557887739571468,24.78366361462899,67.60000000000002,ok
386.301,67.762,386.28,0.021000000000015007,5.5214698702732035,21.65067420332772,0.914911128560356,1225.1341552734375,8.59276645084804,24.833115101487667,67.69999999999999,ok
386.4,67.86099999999999,386.38,0.01999999999998181,5.551569154460864,21.688230152493997,0.866463086049533,1227.26318359375,8.626827524998982,24.881244263400063,67.80000000000001,ok
386.501,67.96199999999999,386.48,0.020999999999958163,5.582371766025185,21.701812231224782,0.8182988057606931,1163.9713134765625,8.660039115236076,24.91490839478395,67.90000000000003,ok
386.601,68.06200000000001,386.58,0.021000000000015007,5.6142147344345235,21.73441424162581,0.7705676284503347,1161.756103515625,8.692340884916511,24.960481037008282,68.0,ok
386.7,68.161,386.68,0.01999999999998181,5.645169400880852,21.763037505318383,0.7148416214996611,1104.420654296875,8.723815562108358,25.00264123861143,68.10000000000002,ok
386.8,68.26100000000002,386.78,0.020000000000038654,5.674442057112775,21.787145829324253,0.6582036716438069,1099.096923828125,8.75441997291564,25.040563523474614,68.19999999999999,ok
386.9,68.36099999999999,386.88,0.01999999999998181,5.7019962684075995,21.80736520452816,0.6068087489723658,1040.3377685546875,8.784134343643187,25.074740382512804,68.30000000000001,ok
387.001,68.46199999999999,386.98,0.020999999999958163,5.729436761542951,21.852442714012184,0.5584530647447631,994.7467041015625,8.812399405763419,25.127513126659696,68.40000000000003,ok
387.1,68.56100000000004,387.08,0.020000000000038654,5.754053929988986,21.87381669844198,0.5185940270510231,986.06982421875,8.839910746434525,25.160114540627585,68.5,ok
387.2,68.661,387.18,0.01999999999998181,5.776262129842641,21.88599339543095,0.47866198913615715,986.06982421875,8.867301574885051,25.185441918902903,68.60000000000002,ok
387.3,68.76100000000002,387.28,0.020000000000038654,5.798021798930449,21.896775077599667,0.43480088714428317,986.06982421875,8.894692403335563,25.209726232135896,68.69999999999999,ok
387.4,68.86099999999999,387.38,0.01999999999998181,5.819692819765244,21.982627554714227,0.3881543321207012,901.2510375976562,8.92090519308302,25.298271593226854,68.80000000000001,ok
387.5,68.96100000000001,387.48,0.01999999999998181,5.838959104607614,22.00915761472971,0.348521505217532,869.07080078125,8.945492996393844,25.331059301534275,68.90000000000003,ok
387.6,69.06100000000004,387.58,0.020000000000038654,5.855691924298142,22.014904262803555,0.30415533612880735,860.8580322265625,8.969519785741166,25.348751424608693,69.0,ok
387.7,69.161,387.68,0.01999999999998181,5.871070301017442,22.01935657095308,0.2593544363046577,860.8580322265625,8.993432508858577,25.364761343983226,69.10000000000002,ok
387.8,69.26100000000002,387.78,0.020000000000038654,5.882176128912762,22.021915375319455,0.21673082319892278,860.8580322265625,9.017345231975973,25.37615813708593,69.19999999999999,ok
387.901,69.36200000000002,387.88,0.021000000000015007,5.889093650158083,22.023217158194413,0.17884354487117035,860.8580322265625,9.041257955093384,25.383197081526184,69.30000000000001,ok
388.0,69.46100000000001,387.98,0.01999999999998181,5.892273116193896,22.015973946885868,0.14223283064595935,860.8580322265625,9.065170678210794,25.391107398481473,69.40000000000003,ok
388.1,69.56100000000004,388.08,0.020000000000038654,5.89497675550993,22.014291482972606,0.10863564871173949,860.8580322265625,9.08908340132819,25.394291790161315,69.5,ok
388.202,69.66300000000001,388.18,0.02199999999999136,5.895067870530864,22.014333596182595,0.08983873564659108,860.8580322265625,9.112996124445601,25.39439216679951,69.60000000000002,ok
388.3,69.76100000000002,388.28,0.020000000000038654,5.895025920534221,22.0144053763108,0.08901325417053224,860.8580322265625,9.136908847562998,25.394475306375064,69.69999999999999,ok
388.4,69.86099999999999,388.38,0.01999999999998181,5.894988952479934,22.01446865496899,0.08900156967616057,860.8580322265625,9.160821570680408,25.39454859229199,69.80000000000001,ok
388.5,69.96100000000001,388.48,0.01999999999998181,5.895789214011786,22.003018774336297,0.08899005252111097,860.8580322265625,9.184734293797819,25.406026405020132,69.90000000000003,ok
388.6,70.06100000000004,388.58,0.020000000000038654,5.895760508732088,22.003067911543496,0.08899591402454736,860.8580322265625,9.208647016915215,25.406083312473193,70.0,ok
388.701,70.16200000000003,388.68,0.021000000000015007,5.895735214265571,22.003111208944887,0.08899884571119726,860.8580322265625,9.232559740032626,25.406133457014306,70.10000000000002,ok
388.8,70.26100000000002,388.78,0.020000000000038654,5.895712925134713,22.003149362807825,0.08898480711691377,860.8580322265625,9.256472463150022,25.406177644372356,70.19999999999999,ok
388.901,70.36200000000002,388.88,0.021000000000015007,5.895693284347056,22.003182983227063,0.08898570239151887,860.8580322265625,9.280385186267432,25.40621658141294,70.30000000000001,ok
389.0,70.46100000000001,388.98,0.01999999999998181,5.8956759771581915,22.003212609699595,0.08897412731727224,860.8580322265625,9.304297909384843,25.406250892732665,70.40000000000003,ok
389.1,70.56100000000004,389.08,0.020000000000038654,5.895660726280622,22.003238716950538,0.0889661217616649,860.8580322265625,9.32821063250224,25.406281128106293,70.5,ok
389.2,70.661,389.18,0.01999999999998181,5.895647287456239,22.003261722370926,0.08897500023693901,860.8580322265625,9.35212335561965,25.40630777114231,70.60000000000002,ok
389.3,70.76100000000002,389.28,0.020000000000038654,5.895635445372954,22.00328199461103,0.08897193315503678,860.8580322265625,9.376036078737046,25.406331248762616,70.69999999999999,ok
389.4,70.86099999999999,389.38,0.01999999999998181,5.895625010376885,22.003299857673912,0.08897835249890658,860.8580322265625,9.399948801854457,25.406351936395602,70.80000000000001,ok
389.5,70.96100000000001,389.48,0.01999999999998181,5.895615815281104,22.003315597818826,0.08898711926612898,860.8580322265625,9.423861524971867,25.40637016554666,70.90000000000003,ok
389.6,71.06100000000004,389.58,0.020000000000038654,5.895607712694572,22.003329468063786,0.08896570216688554,860.8580322265625,9.447774248089264,25.406386229033323,71.0,ok
389.7,71.161,389.68,0.01999999999998181,5.89560057274855,22.003341691255226,0.08895783839209417,860.8580322265625,9.471686971206674,25.40640038478262,71.10000000000002,ok
389.8,71.26100000000002,389.78,0.020000000000038654,5.895594281073293,22.003352462995593,0.0889387114176677,860.8580322265625,9.49559969432407,25.406412859379532,71.19999999999999,ok
389.9,71.36099999999999,389.88,0.01999999999998181,5.895588736939536,22.003361955070176,0.08895271988635363,860.8580322265625,9.519512417441481,25.40642385196335,71.30000000000001,ok
390.0,71.46100000000001,389.98,0.01999999999998181,5.895583851577253,22.003370318955614,0.08895304675684698,860.8580322265625,9.543425140558892,25.406433538105215,71.40000000000003,ok
390.1,71.56100000000004,390.08,0.020000000000038654,5.895579546693086,22.003377688923802,0.08894971954802028,860.8580322265625,9.567337863676288,25.406442073236075,71.5,ok
390.2,71.661,390.18,0.01999999999998181,5.895575753281688,22.003384183456344,0.08894922461069231,860.8580322265625,9.591250586793699,25.406449594467556,71.60000000000002,ok
390.3,71.76100000000002,390.28,0.020000000000038654,5.895572410583404,22.00338990643396,0.08894921417391638,860.8580322265625,9.615163309911095,25.406456222144723,71.69999999999999,ok
390.4,71.86099999999999,390.38,0.01999999999998181,5.8955694650391814,22.003394949604218,0.08895080903035128,860.8580322265625,9.639076033028505,25.406462062504044,71.80000000000001,ok
390.5,71.96100000000001,390.48,0.01999999999998181,5.895566869511615,22.00339939316416,0.08895288166191942,860.8580322265625,9.662988756145916,25.406467208569367,71.90000000000003,ok
390.6,72.06100000000004,390.58,0.020000000000038654,5.8955645823886655,22.00340330862713,0.08895905259126476,860.8580322265625,9.686901479263312,25.406471743079447,72.0,ok
390.618,72.07900000000001,390.6,0.01799999999997226,5.895564158667928,22.003404034006408,0.08896019066201617,860.8580322265625,9.691684023886802,25.406472583147515,72.02000000000004,ok
