t_ros_s,t_elapsed_s,tf_stamp_s,tf_age_s,x_map_m,y_map_m,yaw_rad,v_m_s,w_rad_s,dose_rate_uSv_h,exposure_valid_uSv,path_valid_m,covered_s,status
366.901,0.09399999999999409,366.88,0.021000000000015007,11.576732022790598,1.5932661534344494,1.6319426626711575,7.841411276385718e-13,-6.0754157030208763e-05,233794.90661621094,0.0,0.0,0.0,first_sample
367.001,0.19399999999995998,366.98,0.020999999999958163,11.576732022771465,1.593266153468238,1.631954229950667,7.360837347354077e-13,-0.0001267883122462441,233794.90661621094,6.494302961562892,3.882964873040823e-11,0.10000000000002274,ok
367.1,0.29300000000000637,367.08,0.020000000000038654,11.576732022754568,1.5932661534980088,1.631943586192385,6.909716190678104e-13,9.85294838162154e-05,233794.90661621094,12.98860592312209,7.306124726027011e-11,0.19999999999998863,ok
367.2,0.39299999999997226,367.18,0.01999999999998181,11.576732022739703,1.5932661535242438,1.6319551887560342,6.486242744736487e-13,0.0002655355802566358,233794.90661621094,19.48290888468498,1.0321470368911915e-10,0.30000000000001137,ok
367.3,0.492999999999995,367.28,0.020000000000038654,11.576732022726388,1.593266153547349,1.6319658385381202,6.088722572528409e-13,-0.00027345803459653806,233794.90661621094,25.97721184624418,1.2988207785362426e-10,0.39999999999997726,ok
367.4,0.5929999999999609,367.38,0.01999999999998181,11.576732022714669,1.5932661535677088,1.6319677585666499,5.715565085409965e-13,-0.00015014092282860208,233794.90661621094,32.471514807807075,1.5337363355408423e-10,0.5,ok
367.5,0.6929999999999836,367.48,0.01999999999998181,11.576732022704302,1.5932661535856483,1.6319609627408138,5.365277175523988e-13,0.00013809413092828607,233794.90661621094,38.96581776936997,1.740930445755934e-10,0.6000000000000227,ok
367.6,0.7930000000000064,367.58,0.020000000000038654,11.576732022695142,1.593266153601454,1.63196315344107,5.036457242100184e-13,-4.720882966765126e-05,233794.90661621094,45.46012073092917,1.9236163139397557e-10,0.6999999999999886,ok
367.7,0.8929999999999723,367.68,0.01999999999998181,11.576732022687079,1.5932661536153825,1.63196260162623,4.72778958568521e-13,-0.00018521914308913204,233794.90661621094,51.954423692492064,2.0845544416158317e-10,0.8000000000000114,ok
367.8,0.992999999999995,367.78,0.020000000000038654,11.576732022680039,1.5932661536276598,1.6319528122424254,4.438039139333041e-13,-0.0006259825593929217,233794.90661621094,58.44872665405126,2.2260780309658135e-10,0.8999999999999773,ok
367.9,1.092999999999961,367.88,0.01999999999998181,11.576732022673989,1.5932661536384876,1.6319428794491215,4.166046531196987e-13,-8.081994177015038e-06,233794.90661621094,64.94302961561415,2.350112974078295e-10,1.0,ok
368.0,1.1929999999999836,367.98,0.01999999999998181,11.576732022668736,1.5932661536480341,1.6319348319103757,3.91072344225974e-13,-0.0003868099667084012,233794.90661621094,71.43733257717705,2.459075362965181e-10,1.1000000000000227,ok
368.1,1.2930000000000064,368.08,0.020000000000038654,11.576732022664178,1.593266153656451,1.6319244034814069,3.671048253113425e-13,0.00017914185319959158,233794.90661621094,77.93163553873624,2.554793422958204e-10,1.1999999999999886,ok
368.2,1.3929999999999723,368.18,0.01999999999998181,11.57673202266017,1.5932661536638673,1.6319237918180003,3.44606195676093e-13,-0.0001632899509383874,233794.90661621094,84.42593850029914,2.639091168105231e-10,1.3000000000000114,ok
368.3,1.492999999999995,368.28,0.020000000000038654,11.57673202265667,1.593266153670405,1.631926767757538,3.23486431970377e-13,4.505917158954348e-05,233794.90661621094,90.92024146185834,2.7132527389564386e-10,1.3999999999999773,ok
368.4,1.592999999999961,368.38,0.01999999999998181,11.576732022653562,1.5932661536761643,1.6319181106049854,3.0366102809932714e-13,-6.535222552347177e-05,233794.90661621094,97.41454442342123,2.7786921097424923e-10,1.5,ok
368.532,1.724999999999966,368.5,0.031999999999982265,11.576732022650427,1.5932661536821868,1.6319031659544263,2.8146775169751065e-13,-9.69498723292332e-05,233794.90661621094,105.20770797729523,2.8465895424248627e-10,1.6200000000000045,ok
368.6,1.7930000000000064,368.58,0.020000000000038654,11.57668760529792,1.5939944715276786,1.6323559481742471,0.05099992122142996,0.06909837030228427,233794.90661621094,110.40315034654333,0.0007296712963248369,1.6999999999999886,ok
368.7,1.8929999999999723,368.68,0.01999999999998181,11.575678850812192,1.609059409518609,1.6467405011242613,0.2509999260425517,0.18673577651033763,236191.80297851562,116.93074353536046,0.015828344823593896,1.8000000000000114,ok
368.8,1.992999999999995,368.78,0.020000000000038654,11.57278152772989,1.644037789647443,1.6613015146191372,0.4509999305716618,0.026035483881553752,236191.80297851562,123.4916269514281,0.05092651511038291,1.8999999999999773,ok
368.9,2.092999999999961,368.88,0.01999999999998181,11.567915584096214,1.6980710455899088,1.6598687295374686,0.6000000374554478,-0.03083448681491705,238589.93530273438,130.08581776089142,0.10517842894934479,2.0,ok
369.0,2.1929999999999836,368.98,0.01999999999998181,11.562723745477005,1.7578459316707207,1.6511281741148416,0.6000000366216387,-0.11910874270325972,243387.9852294922,136.77995554606275,0.1651783639011591,2.1000000000000227,ok
369.1,2.2930000000000064,369.08,0.020000000000038654,11.558082721049873,1.8176661320361602,1.648492621172846,0.6000000358310069,0.04820926933707645,245786.97204589844,143.5740521748853,0.22517832623026868,2.1999999999999886,ok
369.2,2.3929999999999723,369.18,0.01999999999998181,11.553396803361876,1.8774829055280735,1.6478600091061777,0.6000000350947468,-0.045817917424862784,248185.28747558594,150.43477800157416,0.2851783613599379,2.3000000000000114,ok
369.3,2.492999999999995,369.28,0.020000000000038654,11.548988696819952,1.937320495279872,1.6366932310934683,0.6000000344092074,-0.1637456817720517,252116.60766601562,157.38341543409405,0.3451780992809445,2.3999999999999773,ok
369.4,2.592999999999961,369.38,0.01999999999998181,11.545555625317412,1.997220808860476,1.6100787870673452,0.600000033755286,-0.353119414082735,254525.03967285156,164.4201049804688,0.4051767121565456,2.5,ok
369.5,2.6929999999999836,369.48,0.01999999999998181,11.543933233672055,2.0571972051638845,1.584852850255728,0.6000000331474447,-0.15469826307976547,259334.74731445312,171.5570464664052,0.4651750477017459,2.6000000000000227,ok
369.6,2.7930000000000064,369.58,0.020000000000038654,11.543473848710367,2.117195244750443,1.5698806640962475,0.6000000325804088,-0.07786537450731806,261735.07690429688,178.79412735832983,0.525174845941184,2.6999999999999886,ok
369.7,2.8929999999999723,369.68,0.01999999999998181,11.543609146482869,2.17719552251574,1.5708082184053254,0.6000000320412373,0.06344327368795206,264131.6833496094,186.09783236185797,0.5851752762513075,2.8000000000000114,ok
369.8,2.992999999999995,369.78,0.020000000000038654,11.543439520986377,2.2371954500180875,1.581402525214384,0.6000000315384451,0.2107214241074684,266524.1394042969,193.46805212232638,0.6451754435268747,2.8999999999999773,ok
369.9,3.092999999999961,369.88,0.01999999999998181,11.54902642066582,2.300252654135823,1.5961126973632451,0.6000000310721517,0.38084630681997145,271294.5251464844,200.9377557966445,0.7084796648645857,3.0,ok
370.001,3.19399999999996,369.98,0.020999999999958163,11.54647060910642,2.3601931844037427,1.6441977844432358,0.6000000306234158,0.5718197217810409,273671.5087890625,208.50672849019548,0.768474659168499,3.1000000000000227,ok
370.1,3.2930000000000064,370.08,0.020000000000038654,11.540791533696959,2.4199178097283083,1.6925979235799666,0.6000000302124913,0.33452595414804154,276042.3583984375,216.14164331224148,0.8284686819346553,3.1999999999999886,ok
370.2,3.3929999999999723,370.18,0.01999999999998181,11.532811302555936,2.4793837395902143,1.7173167409372514,0.6000000298199504,0.23219000472977622,278406.55517578125,223.84232266744073,0.8884676894548241,3.3000000000000114,ok
370.301,3.4939999999999714,370.28,0.021000000000015007,11.523365450946882,2.5386341191675545,1.7507231663014702,0.6000000294555998,0.430799103041845,280763.7023925781,231.6085762447764,0.9484662860440709,3.3999999999999773,ok
370.4,3.592999999999961,370.38,0.01999999999998181,11.513491559430765,2.600171173799626,1.7828222954566577,0.6000000291115781,0.2396233161670334,285454.7424316406,239.4727213117812,1.0107904613411622,3.5,ok
370.5,3.6929999999999836,370.48,0.01999999999998181,11.500877578876255,2.659403996206947,1.7959275511096218,0.6000000287836667,0.03299237650856643,287787.7197265625,247.4344221750914,1.0713515029088798,3.6000000000000227,ok
370.6,3.7930000000000064,370.58,0.020000000000038654,11.487395300347842,2.717871269979775,1.7970639748948916,0.6000000284826523,-0.09716002147253848,291831.11572265625,255.48468377855005,1.1313531190266524,3.6999999999999886,ok
370.7,3.8929999999999723,370.68,0.01999999999998181,11.474264867488444,2.776417540602894,1.7785394972916877,0.6000000281959537,-0.24030532520044107,294156.1584472656,263.6233959198008,1.1913537362813993,3.8000000000000114,ok
370.8,3.992999999999995,370.78,0.020000000000038654,11.46236670058538,2.8352260543331886,1.7622685041654076,0.6000000279288269,-0.04556721021311802,296471.0693359375,271.8265518612314,1.2513538001381939,3.8999999999999773,ok
370.9,4.092999999999961,370.88,0.01999999999998181,11.439991850881142,2.8971266783210194,1.7685329834323005,0.60000002768944,0.009496966648605653,300519.8059082031,280.1180917951797,1.317174170460534,4.0,ok
371.0,4.192999999999984,370.98,0.01999999999998181,11.428241197033437,2.9559653925135536,1.7636240812225625,0.6000000274426838,-0.09594909904276659,305114.6545410156,288.529681523643,1.3771747717381821,4.100000000000023,ok
371.1,4.293000000000006,371.08,0.020000000000038654,11.416949836197256,3.0148936923948164,1.7547750937899995,0.6000000272217224,-0.12462870952402437,307394.1650390625,297.03674846225226,1.4371750997075263,4.199999999999989,ok
371.2,4.392999999999972,371.18,0.01999999999998181,11.406360678113776,3.073951454077611,1.7360915855597425,0.6000000270171452,-0.19055726327997924,309661.1022949219,305.60696050855955,1.4971746787385387,4.300000000000011,ok
371.3,4.492999999999995,371.28,0.020000000000038654,11.396815591158367,3.1331873028893944,1.72725507061475,0.6000000268217274,-0.001221230317015154,313700.1037597656,314.26475503709395,1.5571746326505107,4.399999999999977,ok
371.401,4.593999999999994,371.38,0.021000000000015007,11.392379017676406,3.19320987653713,1.7193687589661646,0.6000000266382425,-0.04910202190115741,315949.52392578125,323.00988875495074,1.6173609478023678,4.5,ok
371.5,4.692999999999984,371.48,0.01999999999998181,11.384799269506727,3.2527466533617115,1.7168153025009958,0.600000026470933,0.05409672530296103,320405.8532714844,331.84815788269253,1.677378281773278,4.600000000000023,ok
371.6,4.793000000000006,371.58,0.020000000000038654,11.375866956780145,3.3120779969142107,1.7276895608587273,0.600000026304191,0.15693192021857005,322611.9384765625,340.7789605458568,1.7373782362598453,4.699999999999989,ok
371.7,4.892999999999972,371.68,0.01999999999998181,11.366087193854055,3.371275001389763,1.746590175694951,0.6000000261643728,0.21995692806895317,324802.7648925781,349.7708314259858,1.7973776454383457,4.800000000000011,ok
371.8,4.992999999999995,371.78,0.020000000000038654,11.355110075463248,3.4302616332660243,1.763258560638315,0.6000000260139251,0.02898553993473394,326977.9052734375,358.8233407338441,1.8573769776702242,4.899999999999977,ok
371.9,5.092999999999961,371.88,0.01999999999998181,11.343802303097707,3.482686299842711,1.7559166676156257,0.6000000258828335,-0.22679027635380067,330972.16796875,367.9615361955432,1.911007299145558,5.0,ok
372.0,5.192999999999984,371.98,0.01999999999998181,11.33333071123459,3.541764021637713,1.7282650818874055,0.6000000257528012,-0.40947528086711726,333122.3449707031,377.18507109748214,1.9710058945344118,5.100000000000023,ok
372.1,5.293000000000006,372.08,0.020000000000038654,11.324965239883063,3.601173225368387,1.685403826019788,0.6000000256354071,-0.3224060434874733,337371.39892578125,386.49748420715235,2.031001182673114,5.199999999999989,ok
372.2,5.392999999999972,372.18,0.01999999999998181,11.318752497431756,3.6608493436399674,1.6633948429463083,0.6000000255252078,-0.06659959061748266,339469.6044921875,395.8980536990707,2.090999826497203,5.300000000000011,ok
372.3,5.492999999999995,372.28,0.020000000000038654,11.31334914724005,3.720605590066295,1.6576459044357974,0.6000000254288677,-0.096031180336905,341549.74365234375,405.3566557566304,2.150999869666006,5.399999999999977,ok
372.4,5.592999999999961,372.38,0.01999999999998181,11.308375411982574,3.7830182333038014,1.6451488686652453,0.6000000253303408,-0.20067498131632333,343611.51123046875,414.8727842966716,2.213610380591119,5.5,ok
372.5,5.692999999999984,372.48,0.01999999999998181,11.304414981126472,3.8435410715739367,1.623190451780446,0.6000000252391863,-0.29414660089540584,345654.60205078125,424.4459247589134,2.2742626597308093,5.600000000000023,ok
372.6,5.793000000000006,372.58,0.020000000000038654,11.302102854106382,3.9034933772512526,1.583626897242884,0.6000000251521973,-0.5475995019895386,349683.349609375,434.1033963097456,2.3342595337109038,5.699999999999989,ok
372.7,5.892999999999972,372.68,0.01999999999998181,11.302714223195169,3.9634825246960714,1.5277056339973114,0.6000000250676103,-0.44811471868483255,351668.3654785156,443.8443923526352,2.394251796406346,5.800000000000011,ok
372.8,5.992999999999995,372.78,0.020000000000038654,11.306254812123074,4.023375127326975,1.493146564548632,0.6000000249922093,-0.192370919778754,353633.3923339844,453.64025010002774,2.454248959838126,5.899999999999977,ok
372.9,6.092999999999961,372.88,0.01999999999998181,11.314324282393457,4.0830700074122825,1.4794874421909328,0.6000000249214295,0.06356768133125333,355578.125,463.490410063002,2.5144867806722484,6.0,ok
373.003,6.1959999999999695,372.98,0.022999999999967713,11.320331549401084,4.1427992140774075,1.4928762156773134,0.6000000248549874,0.19235197606908255,357502.2277832031,473.39430385165986,2.574517317782507,6.100000000000023,ok
373.1,6.293000000000006,373.08,0.020000000000038654,11.324460217893693,4.202655855520992,1.5197686155029935,0.6000000247926174,0.31480107594885076,361287.29248046875,483.3774916330963,2.634516179675277,6.199999999999989,ok
373.2,6.392999999999972,373.18,0.01999999999998181,11.326890574725773,4.262605464170396,1.5410325812582943,0.6000000247354909,0.05890816461508498,363147.6135253906,493.43908754984665,2.6945150314271893,6.300000000000011,ok
373.3,6.492999999999995,373.28,0.020000000000038654,11.328566578588175,4.322582191722103,1.546018180039244,0.6000000246791104,0.07598264714779221,364985.9924316406,503.55205429924644,2.7545151717333454,6.399999999999977,ok
373.4,6.592999999999961,373.38,0.01999999999998181,11.329261506574444,4.38264147735167,1.55670477964017,0.6000000246275193,0.1517931909002076,366802.18505859375,513.7157789866131,2.814578477630041,6.5,ok
373.5,6.692999999999984,373.48,0.01999999999998181,11.32957139873657,4.442656959997988,1.5740641786381078,0.6000000245833532,0.2755822901815622,368595.76416015625,523.9296393924315,2.874594760340841,6.600000000000023,ok
373.6,6.793000000000006,373.58,0.020000000000038654,11.328659557448733,4.502647913344928,1.6037945997323544,0.6000000245449975,0.2887146871389673,372113.8000488281,534.2172722286639,2.934592643120227,6.699999999999989,ok
373.7,6.892999999999972,373.68,0.01999999999998181,11.326084568496832,4.562591446849027,1.625319678924652,0.6000000245023225,0.1664013946664328,373837.5549316406,544.5777077145061,2.99459145791735,6.800000000000011,ok
373.8,6.992999999999995,373.78,0.020000000000038654,11.322501479930938,4.622484119911111,1.6337961001731598,0.6000000244565785,-0.063297848702467,375537.29248046875,554.9856917063374,3.054591214668463,6.899999999999977,ok
373.9,7.092999999999961,373.88,0.01999999999998181,11.314303635219135,4.685796330610747,1.6268007075530495,0.6000000244132897,-0.17799965765370035,377212.70751953125,565.4405528174509,3.1184319593507883,7.0,ok
374.0,7.192999999999984,373.98,0.01999999999998181,11.311442962754011,4.745726970251564,1.6043997541708965,0.6000000243794109,-0.22324276950681907,378863.34228515625,575.9416090647406,3.1784308344628287,7.100000000000023,ok
374.1,7.293000000000006,374.08,0.020000000000038654,11.309839932775555,4.805705064542613,1.5923221298585162,0.6000000243462744,0.00631821287625324,382088.92822265625,586.5103905995678,3.2384303469599964,7.199999999999989,ok
374.203,7.395999999999958,374.18,0.022999999999967713,11.308655882802258,4.865693285815068,1.583896055554177,0.6000000243251165,-0.1412159878928749,383663.1164550781,597.1458356645387,3.2984302525080245,7.300000000000011,ok
374.3,7.492999999999995,374.28,0.020000000000038654,11.308201514277247,4.925691174004558,1.572117232806254,0.6000000242959171,-0.04181947021121694,385211.0900878906,607.824644088743,3.358429861156374,7.399999999999977,ok
374.4,7.592999999999961,374.38,0.01999999999998181,11.308162802968335,4.982241109786126,1.572595488079457,0.6000000242685074,0.08390010990117121,386732.5439453125,618.5460834503176,3.4149798101878712,7.5,ok
374.5,7.692999999999984,374.48,0.01999999999998181,11.307864266632826,5.041377791605547,1.5791399360462914,0.6000000242427775,0.046450077574057,388227.11181640625,629.3094120025662,3.4741172455444627,7.600000000000023,ok
374.601,7.793999999999983,374.58,0.021000000000015007,11.307225952524611,5.101374317307821,1.5868137525979542,0.600000024207256,0.11108220763496188,391134.33837890625,640.1338765886085,3.534117166721447,7.699999999999989,ok
374.7,7.892999999999972,374.68,0.01999999999998181,11.305966002396978,5.161360707408074,1.5998410112926895,0.6000000241845832,0.13663376957007728,392546.44775390625,651.0183319515667,3.5941167873167794,7.800000000000011,ok
374.8,7.992999999999995,374.78,0.020000000000038654,11.30384334819134,5.221322502004728,1.616564100388171,0.6000000241633,0.17697555890019043,393930.60302734375,661.9416243235247,3.654116141247702,7.899999999999977,ok
374.9,8.092999999999961,374.88,0.01999999999998181,11.30320773865906,5.2890750486734,1.6217430941609143,0.6000000241433212,-0.06059509973229189,395286.62109375,672.9029746585423,3.721871669284668,8.0,ok
375.0,8.192999999999984,374.98,0.01999999999998181,11.30086909436019,5.3509499735351,1.6193928670601596,0.6000000241359355,0.0070597608542122495,397913.63525390625,683.9196448855956,3.7837907744445265,8.100000000000023,ok
375.1,8.293000000000006,375.08,0.020000000000038654,11.298026995930202,5.4108825589574225,1.6117157295321092,0.6000000241069618,-0.22535005234223465,401158.63037109375,695.0178707970501,3.8437907104352402,8.199999999999989,ok
375.2,8.392999999999972,375.18,0.01999999999998181,11.296204860448082,5.4708530252743985,1.5842482184695297,0.6000000240904358,-0.21687784083926703,402397.94921875,706.1783788469116,3.9037888521397193,8.300000000000011,ok
375.3,8.492999999999995,375.28,0.020000000000038654,11.295795966487866,5.530851152416427,1.5727662630098718,0.6000000240749226,0.02483413101005577,403608.21533203125,717.3729089101131,3.9637883725946508,8.399999999999977,ok
375.4,8.592999999999961,375.38,0.01999999999998181,11.295016467143265,5.590893348054034,1.576840900123763,0.6000000240603601,0.08407371564324212,404789.4592285156,728.6006543901233,4.023835627954183,8.5,ok
375.5,8.692999999999984,375.48,0.01999999999998181,11.294286381819251,5.650900250598933,1.5861808899528456,0.6000000240481113,0.16899027026944846,407065.5822753906,739.8764188554579,4.08384697169529,8.600000000000023,ok
375.6,8.793000000000006,375.58,0.020000000000038654,11.292957900945947,5.710884865695569,1.6036973164579906,0.6000000240381212,0.24895590238218834,408160.8581542969,751.1990083058664,4.14384629593917,8.699999999999989,ok
375.7,8.892999999999972,375.68,0.01999999999998181,11.29039472949627,5.770828686672927,1.6262649244917087,0.6000000240218123,0.15531349259301241,409227.96630859375,762.5516308678535,4.203844891933127,8.800000000000011,ok
375.8,8.992999999999995,375.78,0.020000000000038654,11.286701564642735,5.8307143794363485,1.6398626323006817,0.6000000240168997,0.030204552963366944,410267.2119140625,773.9335083431644,4.26384435580065,8.899999999999977,ok
375.9,9.092999999999961,375.88,0.01999999999998181,11.282627003720847,5.887108506780383,1.6397224712965268,0.600000024011259,-0.0006355039479318034,411278.9306640625,785.3438714345298,4.3203854881345665,9.0,ok
376.0,9.192999999999984,375.98,0.01999999999998181,11.278520386850511,5.946967801084782,1.6359571298220406,0.6000000240012949,-0.1000680444088088,412263.48876953125,796.7819605933323,4.380385483274069,9.100000000000023,ok
376.101,9.293999999999983,376.08,0.021000000000015007,11.27482064417478,6.006853487884889,1.6307056845931787,0.6000000239876784,0.08138144082909321,414152.8015136719,808.2599646250395,4.440385346435472,9.199999999999989,ok
376.2,9.392999999999972,376.18,0.01999999999998181,11.270949767137262,6.066728095001863,1.6435679074234093,0.6000000239717929,0.12212133596429348,415058.3801269531,819.7767865922731,4.500384948654583,9.300000000000011,ok
376.3,9.492999999999995,376.28,0.020000000000038654,11.26630416504871,6.126547668949729,1.653226197880836,0.6000000239663931,-0.012317822357906183,415938.5070800781,831.3184100257001,4.56038464070437,9.399999999999977,ok
376.4,9.592999999999961,376.38,0.01999999999998181,11.259631263356956,6.186422137834569,1.6496408232342754,0.6000000239558148,-0.20408759497014972,416793.5791015625,842.8841334448922,4.620629803507947,9.5,ok
376.5,9.692999999999984,376.48,0.01999999999998181,11.254949591204044,6.246282835025761,1.6289398819035341,0.6000000239506835,-0.10183248880293491,417624.0539550781,854.4732672373482,4.68067329709687,9.600000000000023,ok
376.6,9.793000000000006,376.58,0.020000000000038654,11.251584004465396,6.306188333207375,1.6289942867925542,0.6000000239459975,0.153777676448346,419212.9821777344,866.0960038502999,4.74067326281755,9.699999999999989,ok
376.705,9.897999999999968,376.7,0.0049999999999954525,11.24689597983533,6.378034828128028,1.6451391337346963,0.6000000239341023,0.14795153125103822,421787.53662109375,880.1126791636142,4.812672543420314,9.819999999999993,ok
376.8,9.992999999999995,376.78,0.020000000000038654,11.243118510917766,6.425885698666007,1.6563974822140508,0.6000000239357217,0.06863627611148812,422511.65771484375,889.4937813229005,4.860672283864045,9.899999999999977,ok
376.9,10.092999999999961,376.88,0.01999999999998181,11.239043758494017,6.484025388984035,1.6513944189291883,0.6000000239286611,-0.18656057382391655,423213.134765625,901.239958996243,4.918954589906197,10.0,ok
377.011,10.204000000000008,377.0,0.011000000000024102,11.235771240045853,6.553260161190305,1.625186259021223,0.5890000456905591,-0.17482493679676211,424549.6520996094,915.3693387773308,4.988266659991051,10.120000000000005,ok
377.102,10.294999999999959,377.1,0.0019999999999527063,11.234689186786092,6.609258039671959,1.5960857453266628,0.5999999998845562,-0.29147009714467503,425185.4553222656,927.171215269304,5.044274991815012,10.220000000000027,ok
377.2,10.392999999999972,377.18,0.01999999999998181,11.233846016859665,6.65724993700755,1.5782714529961586,0.6000000239488708,-0.16955206116725383,425800.0793457031,936.6266100989462,5.092274295407822,10.300000000000011,ok
377.3,10.492999999999995,377.28,0.020000000000038654,11.233775583753154,6.717249371143248,1.5657634978085215,0.6000000239327827,0.00655102344299955,426393.9208984375,948.4626378801108,5.152273770884084,10.399999999999977,ok
377.4,10.592999999999961,377.38,0.01999999999998181,11.23346151299119,6.777211065768838,1.5667860839458025,0.6000000239305713,-0.024270317422511824,426967.28515625,960.3148768530953,5.212236288032849,10.5,ok
377.5,10.692999999999984,377.48,0.01999999999998181,11.233010531846933,6.837154716345482,1.5598787070223603,0.6000000239230289,-0.16928160384985788,427520.5078125,972.1827628665528,5.272181635045335,10.600000000000023,ok
377.6,10.793000000000006,377.58,0.020000000000038654,11.233263483828836,6.8970788279363715,1.5377377984984228,0.6000000239264761,-0.22635369621883225,428053.8635253906,984.0657402462417,5.332106280514979,10.699999999999989,ok
377.7,10.892999999999972,377.68,0.01999999999998181,11.235577318961854,6.9570118678381805,1.5183935303433973,0.6000000239146028,-0.07294416383718852,429062.2253417969,995.9701303693998,5.392083968907369,10.800000000000011,ok
377.8,10.992999999999995,377.78,0.020000000000038654,11.238773083488217,7.016926687408024,1.5202806903923793,0.6000000239172325,0.08003522329285924,429537.8112792969,1007.8951308780221,5.4520839565323245,10.899999999999977,ok
377.9,11.092999999999961,377.88,0.01999999999998181,11.242213075990866,7.0769666779385485,1.5287764129875128,0.6000000239016624,0.10414877593453635,429994.7814941406,1019.8330835554336,5.5122224135404965,11.0,ok
378.0,11.192999999999984,377.98,0.01999999999998181,11.245340733450238,7.137044208469806,1.5337318597433147,0.6000000239026922,-0.06962896948043326,430433.349609375,1031.7834742652074,5.572381302459071,11.100000000000023,ok
378.101,11.293999999999983,378.08,0.021000000000015007,11.248581434888834,7.197107024320543,1.5301943201697612,0.600000023905385,0.03624261859925666,430853.8513183594,1043.7457965003107,5.632531481126583,11.199999999999989,ok
378.2,11.392999999999972,378.18,0.01999999999998181,11.251018321024757,7.257084767413774,1.542574164333966,0.6000000238940937,0.2749173150323584,430057.7087402344,1055.7029015011271,5.692558708953604,11.300000000000011,ok
378.3,11.492999999999995,378.28,0.020000000000038654,11.251979482044339,7.317074702396059,1.5724478407630231,0.600000023892963,0.2022971983103647,430438.9343261719,1067.6542437659343,5.752556343321006,11.399999999999977,ok
378.4,11.592999999999961,378.38,0.01999999999998181,11.25147678270757,7.378919822958896,1.5896292659103244,0.6000000238842162,0.2141148238257039,430803.28369140625,1079.6159412384034,5.814403506910414,11.5,ok
378.5,11.692999999999984,378.48,0.01999999999998181,11.249867407296637,7.44120719638686,1.6059578507844696,0.6000000238877364,0.027495430829291234,432695.3125,1091.60897729662,5.876711668316187,11.600000000000023,ok
378.6,11.793000000000006,378.58,0.020000000000038654,11.24764334725471,7.503475703948076,1.612598391895203,0.6000000238850379,0.11725387884429951,433315.85693359375,1103.6369102054157,5.939019881875646,11.699999999999989,ok
378.7,11.892999999999972,378.68,0.01999999999998181,11.244770743271772,7.565716105375674,1.6291286881466172,0.6000000238761098,0.18095408155319634,433602.4475097656,1115.6774422115761,6.001326538209551,11.800000000000011,ok
378.8,11.992999999999995,378.78,0.020000000000038654,11.240875128298772,7.626050910309787,1.6421702421631412,0.6000000238787058,0.0013122875299647063,433873.71826171875,1127.7257222917315,6.061786975707599,11.899999999999977,ok
378.9,12.092999999999961,378.88,0.01999999999998181,11.236475551323833,7.683645595456375,1.634672205736583,0.6000000238714999,-0.2260146598753057,434130.06591796875,1139.781330405341,6.119549455179078,12.0,ok
379.0,12.192999999999984,378.98,0.01999999999998181,11.233034170544597,7.740734783587384,1.6023001658219924,0.6000000238694044,-0.4801820222551696,434371.7041015625,1151.8438549889484,6.176742273811537,12.100000000000023,ok
379.1,12.293000000000006,379.08,0.020000000000038654,11.232017807797277,7.797898111518473,1.5534296827944425,0.6000000238674376,-0.4908791150752394,434599.06005859375,1163.9128933800575,6.233914636482598,12.199999999999989,ok
379.2,12.392999999999972,379.18,0.01999999999998181,11.234172004119987,7.857285964947434,1.5049205638786687,0.6000000238726966,-0.4145157281135752,435012.26806640625,1175.9908284929074,6.293341547025689,12.300000000000011,ok
379.3,12.492999999999995,379.28,0.020000000000038654,11.239003887954334,7.917088161962274,1.470548160810603,0.6000000238752267,-0.3143985192475888,435198.79150390625,1188.0770932091577,6.353338629197994,12.399999999999977,ok
379.4,12.592999999999961,379.38,0.01999999999998181,11.245148558057377,7.978428174085763,1.444924298284534,0.600000023863652,-0.13046549628069748,435372.49755859375,1200.1683611128062,6.414985640950268,12.5,ok
379.5,12.692999999999984,379.48,0.01999999999998181,11.252067122135623,8.04007779847748,1.4432382892418898,0.600000023866388,0.12489976674822444,434151.9470214844,1212.2450895097545,6.477022264944039,12.600000000000023,ok
379.6,12.793000000000006,379.58,0.020000000000038654,11.25930378908498,8.100048100711719,1.4487508723658629,0.6000000238663753,0.0018000395518697823,434465.75927734375,1224.3092243194562,6.537427616516577,12.699999999999989,ok
379.7,12.892999999999972,379.68,0.01999999999998181,11.266482606039707,8.159616927104613,1.459145101494326,0.6000000238636084,0.25705172970735307,434605.4382324219,1236.3796576182058,6.597427453938825,12.800000000000011,ok
379.8,12.992999999999995,379.78,0.020000000000038654,11.272550058878473,8.219307760373416,1.4833169694255786,0.6000000238566607,0.17213758180689345,434734.06982421875,1248.4538174523216,6.657425866920126,12.899999999999977,ok
379.9,13.092999999999961,379.88,0.01999999999998181,11.27919874725281,8.277862038579284,1.4987724622156187,0.6000000238668435,0.19628728980359333,434852.11181640625,1260.5314033084442,6.716356406993243,13.0,ok
380.0,13.192999999999984,379.98,0.01999999999998181,11.285410004688732,8.336075148967476,1.516815089058686,0.6000000238543616,0.31708822708340934,434959.8388671875,1272.612124845719,6.774899945834033,13.100000000000023,ok
380.1,13.293000000000006,380.08,0.020000000000038654,11.288327695002481,8.395677790617315,1.5486408192409509,0.600000023859001,0.2112448084027187,435057.67822265625,1284.6957014719628,6.834573958673845,13.199999999999989,ok
380.2,13.392999999999972,380.18,0.01999999999998181,11.289258229904712,8.455670069931413,1.5603495869113293,0.6000000238537567,-0.009262880096266895,435225.15869140625,1296.782963095772,6.894573454275934,13.300000000000011,ok
380.3,13.492999999999995,380.28,0.020000000000038654,11.289786356198848,8.515667622282534,1.5687260121833568,0.6000000238585202,0.11903299209242263,435295.5322265625,1308.8735282474063,6.9545733309883735,13.399999999999977,ok
380.413,13.605999999999995,380.38,0.03300000000001546,11.28791725559694,8.577328022413267,1.585806118172871,0.600000023850384,0.20295274402794777,435357.5439453125,1320.9659320831295,7.01626205346941,13.5,ok
380.5,13.692999999999984,380.48,0.01999999999998181,11.28408135589782,8.639287424182243,1.6075195260980264,0.6000000238497389,0.09581477820806161,435411.4990234375,1333.0599465688092,7.07834008174086,13.600000000000023,ok
380.6,13.793000000000006,380.58,0.020000000000038654,11.281106706312613,8.699618949318353,1.615554697586502,0.6000000238503983,-0.03675126484546889,435457.763671875,1345.1553529951289,7.138744895004407,13.699999999999989,ok
380.7,13.892999999999972,380.68,0.01999999999998181,11.278562303730054,8.759564880928501,1.6094475231329177,0.6000000238482622,-0.0610404435355912,435528.74755859375,1357.2523878733325,7.198744800846922,13.800000000000011,ok
380.8,13.992999999999995,380.78,0.020000000000038654,11.276297774885474,8.819522117486745,1.610950916506289,0.6000000238589597,0.07565075791623102,435554.2297363281,1369.35076255798,7.258744786735163,13.899999999999977,ok
380.9,14.092999999999961,380.88,0.01999999999998181,11.272951338125509,8.877139975420429,1.6110120706631839,0.6000000238469609,-0.12849803669801357,435573.4558105469,1381.4497581905782,7.316459743131704,14.0,ok
381.001,14.19399999999996,380.98,0.020999999999958163,11.269575869901296,8.934162455947808,1.6076155761498514,0.6000000238477906,0.020391251555560645,435586.85302734375,1393.5492069244406,7.37358204237839,14.100000000000023,ok
381.1,14.293000000000006,381.08,0.020000000000038654,11.2671591451234,8.993532626555172,1.6031461178884314,0.6000000238514986,-0.1414494054790907,435594.7265625,1405.6489510854065,7.433001380279444,14.199999999999989,ok
381.2,14.392999999999972,381.18,0.01999999999998181,11.265562856334359,9.053510901728643,1.5903555434220278,0.6000000238509775,-0.02354723448003626,435595.3063964844,1417.748812654284,7.493000893866494,14.300000000000011,ok
381.314,14.507000000000005,381.28,0.03400000000004866,11.26437094092695,9.11349905359061,1.5922102676039278,0.6000000238447097,0.029456316163519326,435588.68408203125,1429.8485902998148,7.553000885751101,14.399999999999977,ok
381.4,14.592999999999961,381.38,0.01999999999998181,11.263960445750195,9.17066615701001,1.5891651109429383,0.6000000238443447,-0.14923069197690575,435577.9113769531,1441.948126347859,7.610169462956192,14.5,ok
381.5,14.692999999999984,381.48,0.01999999999998181,11.26434812406811,9.22711319437669,1.5806692097252677,0.6000000238439136,0.0799490751292794,435563.3850097656,1454.0473110198996,7.666617831594742,14.600000000000023,ok
381.6,14.793000000000006,381.58,0.020000000000038654,11.263742761765116,9.2863939827397,1.5962391266047633,0.6000000238435089,0.24613004779411782,435545.3186035156,1466.1460430145244,7.7259017107901675,14.699999999999989,ok
381.7,14.892999999999972,381.68,0.01999999999998181,11.26162635700284,9.346355195783083,1.6202086343210709,0.600000023843129,0.19611078919187416,435524.0783691406,1478.2442290835918,7.785900262762293,14.800000000000011,ok
381.8,14.992999999999995,381.78,0.020000000000038654,11.258193505854157,9.406255992695073,1.6404508861940563,0.6000000238441935,0.25696573440381415,435473.388671875,1490.341416125824,7.845899345569452,14.899999999999977,ok
381.9,15.092999999999961,381.88,0.01999999999998181,11.254127194845838,9.466415441238565,1.66290885536083,0.6000000238424377,0.12697870947547701,435444.580078125,1502.4374990251324,7.906196063011396,15.0,ok
382.0,15.192999999999984,381.98,0.01999999999998181,11.24938871540372,9.52657512275531,1.663981848028983,0.6000000238421234,-0.12871471381877203,436383.4228515625,1514.5462212880475,7.966542069238979,15.100000000000023,ok
382.1,15.293000000000006,382.08,0.020000000000038654,11.244425959367295,9.58643655958224,1.6443266000441028,0.6000000238531972,-0.21444583264029507,436338.1042480469,1526.6673536088713,8.026608870106527,15.199999999999989,ok
382.2,15.392999999999972,382.18,0.01999999999998181,11.24055708431798,9.646310377571956,1.6187241013383693,0.6000000238415516,-0.3848588996576645,436291.4733886719,1538.7872088538284,8.08660755571557,15.300000000000011,ok
382.3,15.492999999999995,382.28,0.020000000000038654,11.238717569163713,9.706277240942397,1.5727855821693058,0.6000000238526603,-0.4945269895814287,436195.61767578125,1550.9050851186082,8.146602626500528,15.399999999999977,ok
382.4,15.592999999999961,382.38,0.01999999999998181,11.23845689304755,9.770181544014452,1.5299115438959272,0.6000000238410477,-0.31563160414261593,436146.9421386719,1563.0209540049227,8.210507461240653,15.5,ok
382.5,15.692999999999984,382.48,0.01999999999998181,11.241182264332934,9.831075754122192,1.5090558202151854,0.6000000238408186,-0.06047078364808202,436098.14453125,1575.1354690975634,8.271462628973083,15.600000000000023,ok
382.6,15.793000000000006,382.58,0.020000000000038654,11.244906315314774,9.890960045596792,1.5132476351033002,0.6000000238406036,0.19521660753014275,436049.4689941406,1587.248630396523,8.331462603315828,15.699999999999989,ok
382.7,15.892999999999972,382.68,0.01999999999998181,11.247938469656928,9.95088276019924,1.5266376287561423,0.600000023844665,-0.009484276038914496,435953.4912109375,1599.3597826215962,8.391461984023309,15.800000000000011,ok
382.8,15.992999999999995,382.78,0.020000000000038654,11.250732062323408,10.010817493647139,1.5154884504493589,0.6000000238430545,-0.2647752939700978,435061.5539550781,1611.4572138044534,8.451461787635127,15.899999999999977,ok
382.901,16.093999999999994,382.88,0.021000000000015007,11.256547336916897,10.076732316116477,1.48565118121534,0.6000000238457188,-0.20379969575864085,435027.6794433594,1623.5417864905455,8.517632636501997,16.0,ok
383.0,16.192999999999984,382.98,0.01999999999998181,11.262504432897124,10.137978088958574,1.4747938555391953,0.6000000238469729,0.051916115368848305,434994.9951171875,1635.6254347483336,8.579167437091122,16.100000000000023,ok
383.1,16.293000000000006,383.08,0.020000000000038654,11.268106873841132,10.197715845616704,1.4823526054215088,0.6000000238397108,0.10340479523177933,434963.7451171875,1647.7081950293625,8.639167328049998,16.19999999999999,ok
383.212,16.404999999999973,383.2,0.012000000000000455,11.274056608136608,10.26946893155624,1.5000950921914924,0.6000000238395353,0.2540022005580034,434906.3720703125,1662.2060303158214,8.711166666102741,16.319999999999993,ok
383.3,16.492999999999995,383.28,0.020000000000038654,11.277111237812239,10.317371040419625,1.5162000024781974,0.6000000238394256,0.14065362292655378,434880.7067871094,1671.870331192013,8.759166070224197,16.399999999999977,ok
383.4,16.59299999999996,383.38,0.01999999999998181,11.278417973928297,10.36795078176846,1.537768839589854,0.600000023839296,0.31966433362174496,434857.2692871094,1683.9500253041576,8.809762688630887,16.5,ok
383.501,16.69399999999996,383.48,0.020999999999958163,11.279136791756637,10.425587325582377,1.5697420352722768,0.6000000238391743,0.1891103059463668,434836.3037109375,1696.029102706911,8.867403714661691,16.600000000000023,ok
383.601,16.793999999999983,383.58,0.021000000000015007,11.278792892377055,10.485585658019202,1.5883035294557963,0.60000002383906,0.2338108051087823,434817.93212890625,1708.107633760238,8.92740303267434,16.69999999999999,ok
383.7,16.892999999999972,383.68,0.01999999999998181,11.277266966571572,10.54556547857217,1.6035210679837237,0.6000000238446371,0.0038527571656508663,434802.3986816406,1720.1856939103873,8.98740226036212,16.80000000000001,ok
383.8,16.992999999999995,383.78,0.020000000000038654,11.275246300777827,10.605531397441712,1.609127615611394,0.6000000238416944,0.16524601146527151,434780.3955078125,1732.26323271857,9.04740221466309,16.899999999999977,ok
383.9,17.09299999999996,383.88,0.01999999999998181,11.272571813199903,10.67416876728868,1.632021663729379,0.6000000238444421,0.18614063549672388,434774.2919921875,1744.3403811560727,9.116091671083373,17.0,ok
384.0,17.192999999999984,383.98,0.01999999999998181,11.268526386972095,10.736205445967654,1.648845843201913,0.6000000238415112,0.23044822155748543,434771.5759277344,1756.4174070994077,9.178260111427996,17.100000000000023,ok
384.1,17.293000000000006,384.08,0.020000000000038654,11.263216851658635,10.79596821747312,1.6760712161769742,0.6000000238400068,0.21512463550314123,434772.52197265625,1768.4944084591311,9.238258278260487,17.19999999999999,ok
384.2,17.392999999999972,384.18,0.01999999999998181,11.25644295358663,10.855583747261898,1.693564667341322,0.6000000238441919,0.06526225599213105,434785.7666015625,1780.5716069115535,9.298257420646745,17.30000000000001,ok
384.3,17.492999999999995,384.28,0.020000000000038654,11.249061756290025,10.915127976348376,1.6898539416842402,0.6000000238455396,-0.19001221535622956,435456.23779296875,1792.658301417029,9.358257398072029,17.399999999999977,ok
384.4,17.59299999999996,384.38,0.01999999999998181,11.242528264364337,10.975709349754128,1.661924676464066,0.6000000238383654,-0.33661436758387525,435464.2333984375,1804.754419072468,9.419190060253081,17.5,ok
384.501,17.69399999999996,384.48,0.020999999999958163,11.237879038828009,11.03576133853328,1.628174186178647,0.6000000238383006,-0.33823041724980457,435476.74560546875,1816.850821558636,9.479421751698856,17.600000000000023,ok
384.6,17.793000000000006,384.58,0.020000000000038654,11.235224237686428,11.095700126821448,1.598487228341871,0.6000000238439244,-0.16676965336893249,435493.8659667969,1828.9476356082466,9.5394193042369,17.69999999999999,ok
384.7,17.892999999999972,384.68,0.01999999999998181,11.233897754497866,11.155685053953935,1.5854363929888573,0.600000023839604,-0.09614935184715709,435542.17529296875,1841.045358403524,9.599418896241673,17.80000000000001,ok
384.8,17.992999999999995,384.78,0.020000000000038654,11.23179571213567,11.217384019636361,1.5873372990008079,0.6000000238381296,0.01648496876336656,435573.6389160156,1853.1441891564225,9.661153659125915,17.899999999999977,ok
384.9,18.09299999999996,384.88,0.01999999999998181,11.230498651995651,11.277794546053235,1.5839920141832982,0.6000000238451848,0.03229541844288547,435610.0769042969,1865.2439629872629,9.7215781083743,18.0,ok
385.0,18.192999999999984,384.98,0.01999999999998181,11.229516886572176,11.337786257208148,1.5949040843048676,0.6000000238494009,0.14911963400998507,435651.6418457031,1877.3448201921267,9.781577852295765,18.100000000000023,ok
385.1,18.293000000000006,385.08,0.020000000000038654,11.227740069591228,11.397759542834896,1.6055121864743662,0.600000023837988,-0.004561043013917913,435698.3642578125,1889.4469036102269,9.84157745285653,18.19999999999999,ok
385.2,18.392999999999972,385.18,0.01999999999998181,11.225559556973078,11.457719809698759,1.6112750184444384,0.6000000238393676,0.0036120824957174766,435807.67822265625,1901.5511542002362,9.901577354836979,18.30000000000001,ok
385.3,18.492999999999995,385.28,0.020000000000038654,11.223245631047417,11.51767502638892,1.6028413449848857,0.6000000238421708,-0.07792742036517687,435870.3918457031,1913.6577940622926,9.961577207016411,18.399999999999977,ok
385.401,18.593999999999994,385.38,0.021000000000015007,11.225992384115255,11.563910617218982,1.5914727785490057,0.6000000238378709,0.029336423788308984,435938.6291503906,1925.7662526872411,10.00789431521436,18.5,ok
385.5,18.692999999999984,385.48,0.01999999999998181,11.2246725315641,11.623896067014481,1.59695842994798,0.6000000238406787,0.1526068501398614,436012.4206542969,1937.8766839345312,10.067894283530395,18.600000000000023,ok
385.6,18.793000000000006,385.58,0.020000000000038654,11.222742953996411,11.683864509574278,1.6102500301689513,0.6000000238392253,0.027317471957146705,436091.8273925781,1949.989242935178,10.127893761633436,18.69999999999999,ok
385.7,18.892999999999972,385.68,0.01999999999998181,11.220354099528349,11.743816932233868,1.6134754773283246,0.6000000238377741,0.1550497121806763,436176.9104003906,1962.1040865156388,10.1878937583703,18.80000000000001,ok
385.8,18.992999999999995,385.78,0.020000000000038654,11.21734636297691,11.803740573770858,1.6312291359635083,0.6000000238377456,0.07351324811575782,436364.2578125,1974.2227138519247,10.247892835815012,18.899999999999977,ok
385.9,19.09299999999996,385.88,0.01999999999998181,11.210778616557059,11.86510655088859,1.6395636024699507,0.600000023837719,0.031102975430890155,436466.6748046875,1986.345365693833,10.309609271556633,19.0,ok
386.0,19.192999999999984,385.98,0.01999999999998181,11.206491832481907,11.92495301027346,1.6505875005944646,0.6000000238376939,0.18907045609955395,436574.9816894531,1998.4709442562544,10.36960906504471,19.100000000000023,ok
386.1,19.293000000000006,386.08,0.020000000000038654,11.201231029609518,11.984720933513128,1.6709601354024386,0.6000000238419336,0.2330837525061349,436689.208984375,2010.5996135711646,10.429608070830179,19.19999999999999,ok
386.2,19.392999999999972,386.18,0.01999999999998181,11.194587177010384,12.044350004143483,1.699597290383216,0.6000000238404906,0.2794534063636133,437321.96044921875,2022.7386575910784,10.489606127812044,19.30000000000001,ok
386.3,19.492999999999995,386.28,0.020000000000038654,11.186338012664912,12.103779212839179,1.7172982804846582,0.6000000238376276,0.023693529877101237,437574.462890625,2034.8899968041276,10.549605124125275,19.399999999999977,ok
386.4,19.59299999999996,386.38,0.01999999999998181,11.177625226482556,12.16294121345138,1.7106850466385972,0.6000000238376082,-0.18827657274076873,437710.26611328125,2047.046729151407,10.609405249204555,19.5,ok
386.501,19.69399999999996,386.48,0.020999999999958163,11.169752397274651,12.222370792549476,1.688861702592283,0.6000000238489587,-0.2350891808427748,437852.47802734375,2059.2073228200293,10.669354029938727,19.600000000000023,ok
386.6,19.793000000000006,386.58,0.020000000000038654,11.163253557017132,12.282016387624509,1.6635345488355993,0.6000000238375728,-0.2925016490987811,438001.1291503906,2071.371956253049,10.72935262939361,19.69999999999999,ok
386.7,19.892999999999972,386.68,0.01999999999998181,11.158392218842998,12.34181712132965,1.6361080724943966,0.6000000238418199,-0.16979713327113405,438156.2805175781,2083.540809165107,10.789350632364679,19.80000000000001,ok
386.8,19.992999999999995,386.78,0.020000000000038654,11.154767650744727,12.401707293469732,1.6271786183554022,0.6000000238489104,-0.044811760931402225,438486.083984375,2095.7163975609633,10.849350384138063,19.899999999999977,ok
386.9,20.09299999999996,386.88,0.01999999999998181,11.150896101051671,12.475461971880966,1.6255916051522736,0.6000000238488962,-0.009475341812694106,438660.7360839844,2107.898992284138,10.923206605843282,20.0,ok
387.0,20.192999999999984,386.98,0.01999999999998181,11.147638023858029,12.53537344582498,1.6242073617291377,0.6000000238375142,-0.01655074406097981,439331.8176269531,2120.093333307904,10.98320660398615,20.100000000000023,ok
387.1,20.293000000000006,387.08,0.020000000000038654,11.144498345737915,12.595291212022481,1.6185425048298507,0.6000000238375017,-0.1857497975535331,439520.263671875,2132.299612214828,11.04320657302611,20.19999999999999,ok
387.201,20.394000000000005,387.18,0.021000000000015007,11.142193365892435,12.65524535193334,1.5922990289221528,0.6000000238488586,-0.30083359733390636,439917.9992675781,2144.514032533434,11.103205004876775,20.30000000000001,ok
387.301,20.49399999999997,387.28,0.021000000000015007,11.141521126000187,12.715240249771933,1.571408115756418,0.6000000238445844,-0.12948917175019373,440127.38037109375,2156.7368850284115,11.163203668804698,20.399999999999977,ok
387.401,20.593999999999994,387.38,0.021000000000015007,11.143665253758002,12.775215275970902,1.5539904171084507,0.6000000238445741,-0.17807257603120377,440343.81103515625,2168.9656515757233,11.223217009416674,20.5,ok
387.5,20.692999999999984,387.48,0.01999999999998181,11.145591108004124,12.835174672137732,1.5353853618067048,0.6000000238431433,-0.2155106131843062,440567.2302246094,2181.2005271487783,11.28320732616253,20.600000000000023,ok
387.6,20.793000000000006,387.58,0.020000000000038654,11.148334825441067,12.895110058240377,1.5080020397489837,0.600000023840292,-0.2210109348115303,440797.6989746094,2193.4417067209856,11.343205480239526,20.69999999999999,ok
387.7,20.892999999999972,387.68,0.01999999999998181,11.15250654855096,12.954964335259705,1.4961306276635982,0.6000000238431257,0.03435807114682296,440769.0734863281,2205.6856896718346,11.403204961497384,20.80000000000001,ok
387.8,20.992999999999995,387.78,0.020000000000038654,11.156798167001185,13.014810431065191,1.5053702963529325,0.6000000238388543,0.04063378913634694,441015.8996582031,2217.9327031877265,11.463204737930981,20.899999999999977,ok
387.913,21.105999999999995,387.88,0.03300000000001546,11.16069705508647,13.070202731480748,1.5054506897066866,0.6000000238388454,0.11846164711928209,441269.1955566406,2230.186662843491,11.51873408398898,21.0,ok
388.0,21.192999999999984,387.98,0.01999999999998181,11.164328480214834,13.128972004212253,1.521575618392013,0.6000000238374187,0.229427131163213,441528.9001464844,2242.447747506037,11.577615444926487,21.100000000000023,ok
388.1,21.293000000000006,388.08,0.020000000000038654,11.166733730987238,13.188922541137293,1.5440346260879019,0.600000023837412,0.217951144662401,441794.98291015625,2254.7161347707083,11.637614212487819,21.19999999999999,ok
388.2,21.392999999999972,388.18,0.01999999999998181,11.167825558805813,13.248911546160462,1.5632795619042836,0.600000023840248,0.07734777425508493,442067.32177734375,2266.992000113593,11.697613152575585,21.30000000000001,ok
388.3,21.492999999999995,388.28,0.020000000000038654,11.168521266665314,13.290687518553153,1.569705143174342,0.6000000238373999,0.10832257767390743,442345.947265625,2279.2755177391855,11.739394917483025,21.399999999999977,ok
388.4,21.59299999999996,388.38,0.01999999999998181,11.168382451608435,13.346129815847918,1.5831286966484388,0.6000000238487632,0.14275662962268942,442630.67626953125,2291.566859732732,11.794837388558378,21.5,ok
388.5,21.692999999999984,388.48,0.01999999999998181,11.167363675631687,13.406120906071415,1.5931072117143583,0.6000000238373894,0.07959870625034292,443218.20068359375,2303.870316357084,11.854837128646935,21.600000000000023,ok
388.6,21.793000000000006,388.58,0.020000000000038654,11.16579989296969,13.466080318154841,1.6029797154206886,0.5980000278063515,0.08394189883653301,443520.7824707031,2316.186135567556,11.914816929526932,21.69999999999999,ok
388.7,21.892999999999972,388.68,0.01999999999998181,11.1638180634368,13.522624728661082,1.6094050229712502,0.5680338561654266,0.03562092502632644,443829.04052734375,2328.510438664754,11.971396060023924,21.80000000000001,ok
388.8,21.992999999999995,388.78,0.020000000000038654,11.161431586662712,13.582254373729059,1.6133012640089737,0.6000000238952817,0.019200250153855646,444142.8527832031,2340.8433816273964,12.031073441353254,21.899999999999977,ok
388.9,22.09299999999996,388.88,0.01999999999998181,11.157532951428555,13.642461567653699,1.6131321099897222,0.6000000238947452,-0.0028097328205555702,444462.0056152344,2353.185115771822,12.091406728657761,22.0,ok
389.0,22.192999999999984,388.98,0.01999999999998181,11.152933363389202,13.702635963301926,1.6242446877927086,0.6000000238915736,0.11946865410435281,445115.8142089844,2365.5403632693833,12.151756659078277,22.100000000000023,ok
389.1,22.293000000000006,389.08,0.020000000000038654,11.149134728039481,13.762574736179708,1.626491086143047,0.6000000238900174,-0.13594919729809213,446100.5554199219,2377.918368403114,12.211815681086753,22.19999999999999,ok
389.2,22.392999999999972,389.18,0.01999999999998181,11.146243329494775,13.822503922441467,1.6026730569379457,0.6000000238858015,-0.3910380070148748,446453.06396484375,2390.3149464501275,12.271814577339441,22.30000000000001,ok
389.301,22.49399999999997,389.28,0.021000000000015007,11.145366281265279,13.882492631676868,1.5563842582444094,0.6000000238774937,-0.5116435169082943,446810.546875,2402.7213854895654,12.331809697552059,22.399999999999977,ok
389.4,22.59299999999996,389.38,0.01999999999998181,11.147378546052884,13.955591861119316,1.5094854925113461,0.600000023875031,-0.4002108440836383,447539.0930175781,2415.142908265854,12.40493661841336,22.5,ok
389.5,22.692999999999984,389.48,0.01999999999998181,11.151985318903089,14.015411284433558,1.4737893670123248,0.6000000238727193,-0.2661990311658922,447183.77685546875,2427.5696147918716,12.464933166328569,22.600000000000023,ok
389.6,22.793000000000006,389.58,0.020000000000038654,11.158346520898917,14.075072054235438,1.4553501541401987,0.6000000238748124,-0.035841406828579725,447540.9851074219,2439.9963475969075,12.524932102520676,22.69999999999999,ok
389.7,22.892999999999972,389.68,0.01999999999998181,11.165222468893587,14.13467671163939,1.4619437369587576,0.6000000238685121,0.1920618878083435,447900.87890625,2452.433040152656,12.584932051229554,22.80000000000001,ok
389.8,22.992999999999995,389.78,0.020000000000038654,11.171349213697548,14.194362561804677,1.4739976671222998,0.6000000238665999,0.021675068576674075,448263.0615234375,2464.879761547508,12.64493153215936,22.899999999999977,ok
389.9,23.09299999999996,389.88,0.01999999999998181,11.178340363225534,14.2560247029532,1.4802850541096118,0.6000000238719102,0.15367557726891215,448992.5537109375,2477.341645092433,12.706988730152364,23.0,ok
390.0,23.192999999999984,389.98,0.01999999999998181,11.183656407013702,14.316288357768926,1.5009373895423068,0.600000023867383,0.2565890326886434,449358.94775390625,2489.8187492794473,12.76748640294485,23.100000000000023,ok
390.1,23.293000000000006,390.08,0.020000000000038654,11.187124345226659,14.376185585375108,1.5328289608378576,0.6000000238672223,0.2737011918195561,449725.76904296875,2502.3060370127328,12.82748394014727,23.19999999999999,ok
390.2,23.392999999999972,390.18,0.01999999999998181,11.188867911159123,14.436159296066796,1.5499759900238819,0.6000000238657375,0.01821859218063388,450092.5598144531,2514.803513802422,12.887482990108841,23.30000000000001,ok
390.3,23.492999999999995,390.28,0.020000000000038654,11.19018978522811,14.496144651885894,1.5446448549257845,0.600000023870028,-0.03923229549705534,450458.740234375,2527.3111707475405,12.94748290897377,23.399999999999977,ok
390.4,23.59299999999996,390.38,0.01999999999998181,11.198400952752799,14.559757702263349,1.5362045168063239,0.600000023857351,-0.13725309704731317,451186.95068359375,2539.8340275658484,13.011623718529334,23.5,ok
390.5,23.692999999999984,390.48,0.01999999999998181,11.202463114934316,14.620598898729167,1.5239195182121021,0.6000000238674914,-0.01718861450802868,450613.46435546875,2552.3590333302827,13.072600372660085,23.600000000000023,ok
390.6,23.793000000000006,390.58,0.020000000000038654,11.20530995988217,14.680531322023405,1.5241682086294708,0.6000000238549698,0.07349176122770809,450950.98876953125,2564.8807618459036,13.132600371727394,23.69999999999999,ok
390.7,23.892999999999972,390.68,0.01999999999998181,11.207900955940731,14.740475130106239,1.5359876190880737,0.6000000238581508,0.24901470154945113,451284.72900390625,2577.4118134816486,13.19260014996071,23.80000000000001,ok
390.8,23.992999999999995,390.78,0.020000000000038654,11.206159627031472,14.77340683850723,1.5678792849599945,0.600000023859977,0.1530326592737108,451614.1052246094,2589.9520750681513,13.225577864323261,23.899999999999977,ok
390.9,24.09299999999996,390.88,0.01999999999998181,11.205160687353953,14.826571458848619,1.5743694564867226,0.6000000238576022,-0.10206500983255921,451938.5070800781,2602.5014169057195,13.278751868653606,24.0,ok
391.0,24.192999999999984,390.98,0.01999999999998181,11.205313188697954,14.886562569167854,1.5539780511881744,0.5992075816705152,-0.3582310906596754,452257.32421875,2615.0596923404282,13.338743172806746,24.100000000000023,ok
391.1,24.293000000000006,391.08,0.020000000000038654,11.207245294362671,14.946456344913477,1.5144788057984055,0.6000000222722063,-0.4299709825623348,452569.88525390625,2627.626736916433,13.398668104224033,24.19999999999999,ok
391.201,24.394000000000005,391.18,0.021000000000015007,11.211752037076458,15.006281086058015,1.4657349952794638,0.6000000238548027,-0.4398212308592099,453174.01123046875,2640.2065132564967,13.45866235713962,24.30000000000001,ok
391.3,24.492999999999995,391.28,0.020000000000038654,11.218970961175158,15.065842021360378,1.4319637970732173,0.6000000238511498,-0.18448792462676875,453464.2639160156,2652.798711522416,13.518659172715408,24.399999999999977,ok
391.4,24.59299999999996,391.38,0.01999999999998181,11.229386796765608,15.150491126549872,1.419667361541554,0.6000000238489676,-0.09512686450460348,454018.2800292969,2665.4026357438815,13.603946690210227,24.5,ok
391.5,24.692999999999984,391.48,0.01999999999998181,11.23923020365553,15.216047680379546,1.4018937464321088,0.6000000238539375,-0.2723676846892349,454280.9143066406,2678.0179023318838,13.670238125624039,24.600000000000023,ok
391.6,24.793000000000006,391.58,0.020000000000038654,11.250058506474215,15.275059797750542,1.3687743552983251,0.6000000238475826,-0.2874381882895305,453387.2375488281,2690.624404440983,13.730235476720077,24.69999999999999,ok
391.701,24.894000000000005,391.68,0.021000000000015007,11.26265181840931,15.333722213678262,1.3502920965118281,0.600000023846953,-0.031610437444518545,453612.8234863281,2703.221627510919,13.790234397943475,24.80000000000001,ok
391.8,24.992999999999995,391.78,0.020000000000038654,11.277848770738606,15.36322193319604,1.3464283557215746,0.6000000238463621,-0.015513350445011143,453827.6672363281,2715.8249676598407,13.82341844247886,24.899999999999977,ok
391.9,25.09299999999996,391.88,0.01999999999998181,11.29174966644075,15.414414280706268,1.3487206152960265,0.6000000238458073,0.16558487849606146,454031.43310546875,2728.4341218312575,13.876464567171714,25.0,ok
392.0,25.192999999999984,391.98,0.01999999999998181,11.304456964467628,15.473051756398645,1.3754973097763517,0.6000000238452865,0.4213365515712913,453065.61279296875,2741.032691913183,13.936463141977438,25.100000000000023,ok
392.1,25.293000000000006,392.08,0.020000000000038654,11.314985819379151,15.532114670045432,1.42773379789459,0.6000000238490609,0.6458329424837559,453234.06982421875,2753.6201875050842,13.996457179632824,25.19999999999999,ok
392.2,25.392999999999972,392.18,0.01999999999998181,11.322093317632364,15.591683724169233,1.4863231689736243,0.6000000238443388,0.4982000586656159,453391.1437988281,2766.212204360963,14.056448751879463,25.30000000000001,ok
392.3,25.492999999999995,392.28,0.020000000000038654,11.326106123541532,15.666091923534827,1.527133579059023,0.6000000238495924,0.40469097292686573,453670.2880859375,2778.8102798038026,14.130965077232332,25.399999999999977,ok
392.4,25.59299999999996,392.38,0.01999999999998181,11.327638855918034,15.729703290338442,1.5763863148320854,0.600000023849188,0.4915957956572739,453792.0227050781,2791.4139230092364,14.194594907148513,25.5,ok
392.5,25.692999999999984,392.48,0.01999999999998181,11.326246371522883,15.789682977137527,1.6167379695270994,0.6000000238431242,0.357979427341396,453901.7028808594,2804.020780309044,14.25459075568245,25.600000000000023,ok
392.6,25.793000000000006,392.58,0.020000000000038654,11.32263343829058,15.849571027835864,1.651954178852592,0.6000000238427678,0.27893979833127863,453999.267578125,2816.6305160098586,14.314587688128931,25.69999999999999,ok
392.7,25.892999999999972,392.68,0.01999999999998181,11.317213067435935,15.909324598017314,1.6736495290646536,0.6000000238424334,0.24819408467945758,454157.9284667969,2829.2438103993745,14.374586601199347,25.80000000000001,ok
392.8,25.992999999999995,392.78,0.020000000000038654,11.310469126670707,15.968942986717698,1.6960243929820347,0.6000000238492249,0.11015775334685149,454219.05517578125,2841.860157394406,14.434585209585501,25.899999999999977,ok
392.9,26.09299999999996,392.88,0.01999999999998181,11.296962183869695,16.044575972295522,1.7064116195890993,0.6000000238404036,-0.12334561619388612,455514.6789550781,2854.4953481462267,14.511414800312286,26.0,ok
393.0,26.192999999999984,392.98,0.01999999999998181,11.28914717818487,16.104064463306045,1.693764992065074,0.600000023841548,-0.1285901707632888,455582.5500488281,2867.1494763268392,14.571414424282466,26.100000000000023,ok
393.1,26.293000000000006,393.08,0.020000000000038654,11.28212450619634,16.163651542121958,1.6788822479331296,0.6000000238455516,-0.1914129015092964,455597.8698730469,2879.804759936861,14.631413906644168,26.19999999999999,ok
393.201,26.394000000000005,393.18,0.021000000000015007,11.276135705257039,16.223350888874222,1.6588595974698654,0.6000000238438867,-0.12823007287263397,455600.9826660156,2892.460299555462,14.691412887796664,26.30000000000001,ok
393.3,26.492999999999995,393.28,0.020000000000038654,11.272375920513962,16.274128790603665,1.6457215912486973,0.6000000238408157,-0.07598141172534603,455592.22412109375,2905.1157607608343,14.742329793489757,26.399999999999977,ok
393.4,26.59299999999996,393.38,0.01999999999998181,11.268398372215456,16.331711250744767,1.6382631080846541,0.6000000238519695,-0.03292616866952469,455571.83837890625,2917.7708171844483,14.80004946610117,26.5,ok
393.502,26.694999999999993,393.48,0.02199999999999136,11.264432187587097,16.391579995768925,1.6343053265175511,0.6000000238418203,-0.1175784558018756,455540.1611328125,2930.425150511003,14.860049443195114,26.600000000000023,ok
393.6,26.793000000000006,393.58,0.020000000000038654,11.260985750967476,16.451480299255707,1.6194413195485096,0.6000000238473153,-0.05834282178291601,455444.3054199219,2943.0777125464533,14.92004881221831,26.69999999999999,ok
393.7,26.892999999999972,393.68,0.01999999999998181,11.258093614257348,16.511410539230663,1.620515142295526,0.6000000238428743,-0.03830932570570114,455380.7678222656,2955.728060785931,14.98004879653669,26.80000000000001,ok
393.8,26.992999999999995,393.78,0.020000000000038654,11.255257454977981,16.571343370301854,1.6146483382944283,0.6000000238512341,-0.04836490626416311,455307.373046875,2968.376507186887,15.040048696867157,26.899999999999977,ok
393.9,27.09299999999996,393.88,0.01999999999998181,11.256699655329063,16.622164100276823,1.610207694411506,0.6000000238468143,0.0517442831130997,455224.5178222656,2981.0227834489615,15.090889886241929,27.0,ok
394.0,27.192999999999984,393.98,0.01999999999998181,11.254218481700132,16.682112724105714,1.6149929049755487,0.6000000238409829,0.013781061292556747,455132.50732421875,2993.666631020443,15.150889833921529,27.100000000000023,ok
394.1,27.293000000000006,394.08,0.020000000000038654,11.251609957862803,16.7420559743846,1.6121125975474684,0.600000023842266,-0.022551705955662592,455031.79931640625,3006.307801946003,15.210889814343249,27.19999999999999,ok
394.2,27.392999999999972,394.18,0.01999999999998181,11.249172421643603,16.802006437790205,1.6101328128944823,0.6000000238435576,-0.07968877003524492,456064.02587890625,3018.9619106292744,15.270889811387972,27.30000000000001,ok
394.3,27.492999999999995,394.28,0.020000000000038654,11.24700429558706,16.861967101256596,1.6016865231183128,0.6000000238391727,-0.15403269581080387,455932.4645996094,3031.628528552583,15.330889660837174,27.399999999999977,ok
394.4,27.59299999999996,394.38,0.01999999999998181,11.245671455770879,16.923782949547174,1.5776964782862317,0.600000023846164,-0.22644950771593536,455793.4265136719,3044.2913881513814,15.392719876442971,27.5,ok
394.5,27.692999999999984,394.48,0.01999999999998181,11.24571666852185,16.986073107707718,1.5642228632900843,0.6000000238389515,-0.011192944755056992,455647.3693847656,3056.9502880944183,15.455010051012147,27.600000000000023,ok
394.6,27.793000000000006,394.58,0.020000000000038654,11.246071111884051,17.04653022703318,1.5677244538815487,0.600000023841693,0.11631363007097928,455494.7814941406,3069.6050401899543,15.515468209330361,27.69999999999999,ok
394.7,27.892999999999972,394.68,0.01999999999998181,11.24586867055841,17.106529091120038,1.5859176023708412,0.6000000238387565,0.19651285058541143,455171.2341308594,3082.25317929586,15.575467414943466,27.80000000000001,ok
394.8,27.992999999999995,394.78,0.020000000000038654,11.243254726341354,17.163435862528836,1.6109220994063231,0.6000000238386679,0.26512128540278607,455001.0681152344,3094.894461271496,15.632434188913413,27.899999999999977,ok
394.9,28.09299999999996,394.88,0.01999999999998181,11.239797856086273,17.222570157363563,1.6435817715414085,0.6000000238499533,0.35745274285225015,454825.7751464844,3107.5309452056895,15.69166943836474,28.0,ok
395.0,28.192999999999984,394.98,0.01999999999998181,11.234643645486122,17.282345912159464,1.6752062955760092,0.6000000238498753,0.29888066949050524,454645.6298828125,3120.162492497766,15.751666994551057,28.100000000000023,ok
395.1,28.293000000000006,395.08,0.020000000000038654,11.22774798080371,17.341946809499778,1.697739609285987,0.6000000238384333,0.07937156326286188,454460.9680175781,3132.788973024156,15.8116654708249,28.19999999999999,ok
395.2,28.392999999999972,395.18,0.01999999999998181,11.220083111252647,17.401455191933287,1.6967156977959892,0.6000000238454699,-0.10668496645783411,454079.28466796875,3145.4075876447914,15.871665452533962,28.30000000000001,ok
395.3,28.492999999999995,395.28,0.020000000000038654,11.21291604082969,17.46102482608376,1.6785784246401554,0.6000000238439842,-0.1535779480083703,453882.7819824219,3158.0181719038205,15.931664687622995,28.399999999999977,ok
395.4,28.59299999999996,395.38,0.01999999999998181,11.206718354723108,17.509252364567395,1.6690225473502576,0.6000000238396603,-0.009281099115400128,453682.8308105469,3170.6232498592813,15.980288825468987,28.5,ok
395.508,28.700999999999965,395.5,0.007999999999981355,11.199470703798978,17.578023559470324,1.6771144995345924,0.6000000238381713,0.050565892911926175,454652.89306640625,3185.7621785905644,16.0494408731053,28.620000000000005,ok
395.6,28.793000000000006,395.58,0.020000000000038654,11.194310260944908,17.625745334375466,1.6792055847035439,0.6000000238452343,-0.07463151805884938,454438.8732910156,3195.863198216756,16.097440851965164,28.69999999999999,ok
395.7,28.892999999999972,395.68,0.01999999999998181,11.188109854126862,17.685423587598287,1.664038448975154,0.6000000238380787,-0.1901900322220275,454222.2595214844,3208.483491728043,16.15744034323331,28.80000000000001,ok
395.8,28.992999999999995,395.78,0.020000000000038654,11.183040562042848,17.74520781420852,1.6411264893947606,0.6000000238380316,-0.24422678375724538,454003.35693359375,3221.097736401026,16.217439105500684,28.899999999999977,ok
395.9,29.09299999999996,395.88,0.01999999999998181,11.179657578369767,17.817749306417856,1.6283124740550576,0.6000000238436718,-0.006588269436539146,453559.08203125,3233.7027702755404,16.290059437849756,29.0,ok
396.0,29.192999999999984,395.98,0.01999999999998181,11.176282334825148,17.87765424888654,1.6236114883014672,0.6000000238493146,-0.06750778737850796,453334.04541015625,3246.298508156674,16.350059391192755,29.100000000000023,ok
396.1,29.293000000000006,396.08,0.020000000000038654,11.173337063136394,17.937581643445967,1.6125286122225602,0.6000000238450124,-0.10308693892893911,453107.2082519531,3258.887970013088,16.410059118225483,29.19999999999999,ok
396.2,29.392999999999972,396.18,0.01999999999998181,11.17095879814039,17.997534453845663,1.612429830229194,0.6000000238392915,0.1480050699613183,452878.6926269531,3271.4711075252976,16.470059081718915,29.30000000000001,ok
396.3,29.492999999999995,396.28,0.020000000000038654,11.168056464040653,18.057463474088276,1.6304769390458034,0.6000000238420994,0.25707258822517765,452417.1142578125,3284.044660398693,16.530058340134882,29.399999999999977,ok
396.4,29.59299999999996,396.38,0.01999999999998181,11.165603914722404,18.111527227096158,1.6554412452863672,0.6000000238434883,0.2092230398406554,452184.14306640625,3296.6085667504212,16.58417769330411,29.5,ok
396.5,29.692999999999984,396.48,0.01999999999998181,11.16059663190447,18.169811125410433,1.6696491298543992,0.6000000238420369,0.056223414129630826,451949.7985839844,3309.1659826066793,16.642676288876377,29.600000000000023,ok
396.6,29.793000000000006,396.58,0.020000000000038654,11.154577325583181,18.229508396154447,1.6748694429443838,0.6000000238391663,0.1521417695382039,451714.111328125,3321.716870244343,16.702676257066983,29.69999999999999,ok
396.7,29.892999999999972,396.68,0.01999999999998181,11.147994683745821,18.289145744527566,1.6863735961289663,0.6000000238391398,-0.01653008719014571,452582.33642578125,3334.276543129817,16.762675794519666,29.80000000000001,ok
396.8,29.992999999999995,396.78,0.020000000000038654,11.141236786944884,18.348763724047277,1.6745034851474412,0.6000000238433779,-0.2723165422481394,452340.14892578125,3346.844910981918,16.82267556661244,29.899999999999977,ok
396.9,30.09299999999996,396.88,0.01999999999998181,11.138029118433531,18.400134515618436,1.6475082183889695,0.6000000238376701,-0.14932371339865796,451853.21044921875,3359.4031520843514,16.87414640655047,30.0,ok
397.0,30.192999999999984,396.98,0.01999999999998181,11.133725132500926,18.45997961640471,1.6337634334690643,0.6000000238490167,-0.2275846795952148,451608.3984375,3371.9512299855587,16.934146076408123,30.100000000000023,ok
397.1,30.293000000000006,397.08,0.020000000000038654,11.130390918956946,18.519886261946027,1.619301921598973,0.6000000238376274,-0.07032027715016068,451362.6708984375,3384.4924948374423,16.994145436071122,30.19999999999999,ok
397.2,30.392999999999972,397.18,0.01999999999998181,11.1275277030539,18.579817885767078,1.6215882598190299,0.6000000238432923,0.06288908166201039,451116.02783203125,3397.026921208702,17.054145415563912,30.30000000000001,ok
397.3,30.492999999999995,397.28,0.020000000000038654,11.124453503317122,18.639739053884693,1.6185281159387883,0.6000000238375898,-0.09741341772239125,450868.408203125,3409.554482820297,17.114145391335583,30.399999999999977,ok
397.4,30.59299999999996,397.38,0.01999999999998181,11.119760793163366,18.707112933693193,1.6093769557829758,0.6000000238418358,-0.17436409495170946,450370.1171875,3422.0716845618363,17.181682501201472,30.5,ok
397.5,30.692999999999984,397.48,0.01999999999998181,11.117444828548171,18.768938801522047,1.5852904066026534,0.6000000238389777,-0.19481598733469432,450119.2932128906,3434.5784819285113,17.243551731234582,30.600000000000023,ok
397.6,30.793000000000006,397.58,0.020000000000038654,11.117001723675052,18.828936469877675,1.569790851145791,0.6000000238375415,-0.04297716192616329,449867.3095703125,3447.0782958560517,17.303551035814223,30.69999999999999,ok
397.7,30.892999999999972,397.68,0.01999999999998181,11.117046126088159,18.888936414247123,1.5741494421055298,0.6000000238375273,0.09714734451714654,449614.07470703125,3459.5710928599065,17.36355099661347,30.80000000000001,ok
397.8,30.992999999999995,397.78,0.020000000000038654,11.116640679100803,18.94893490336042,1.5809313073922495,0.600000023837514,0.03984973077947964,449359.5275878906,3472.0568373362207,17.423550855639455,30.899999999999977,ok
397.9,31.09299999999996,397.88,0.01999999999998181,11.118215176472736,19.004213016280456,1.5774135007500407,0.6000000238417648,-0.12913724527547393,448846.2829589844,3484.5319180382635,17.478851387372654,31.0,ok
398.0,31.192999999999984,397.98,0.01999999999998181,11.118106654399739,19.064212622338673,1.5674345239115217,0.6000000238374898,-0.06666036204967056,448587.40234375,3496.996274778582,17.538851091573438,31.100000000000023,ok
398.1,31.293000000000006,398.08,0.020000000000038654,11.118557044912569,19.12421054632516,1.552442595496694,0.6000000238388999,-0.2982523475960976,448326.96533203125,3509.4534187740746,17.598850706024717,31.19999999999999,ok
398.2,31.392999999999972,398.18,0.01999999999998181,11.120348683656688,19.18418189831349,1.5247168494771146,0.6000000238388896,-0.2732951543046862,448064.8193359375,3521.903304672244,17.658848814567385,31.30000000000001,ok
398.3,31.492999999999995,398.28,0.020000000000038654,11.123768021192198,19.244082589325416,1.4973596849256772,0.6000000238374588,-0.28904092447641083,447800.9033203125,3534.345884153576,17.71884701998128,31.399999999999977,ok
398.4,31.59299999999996,398.38,0.01999999999998181,11.128895969656003,19.309950380023057,1.4675403739378219,0.6000000238445552,-0.22436346096256285,447267.4865722656,3546.7773895687537,17.784914120014772,31.5,ok
398.5,31.692999999999984,398.48,0.01999999999998181,11.135495112102143,19.371108252026904,1.4553315132824611,0.6000000238417045,0.03131828183358745,446997.8332519531,3559.197741232982,17.84642699662661,31.600000000000023,ok
398.6,31.793000000000006,398.58,0.020000000000038654,11.14221103954641,19.430730902293774,1.4686805919269932,0.6000000238431175,0.2866749023255608,446726.07421875,3571.610573281182,17.906426697511552,31.69999999999999,ok
398.7,31.892999999999972,398.68,0.01999999999998181,11.147521379350923,19.49049226026376,1.5073986657375407,0.6000000238459522,0.5362247829651954,446452.1789550781,3584.015826797488,17.966423527554948,31.80000000000001,ok
398.8,31.992999999999995,398.78,0.020000000000038654,11.14991961375976,19.550435369264424,1.569928612567216,0.6000000238487873,0.6886576721507042,445897.5830078125,3596.4095734914126,18.026414592264164,31.899999999999977,ok
398.9,32.09299999999996,398.88,0.01999999999998181,11.148424611643364,19.603301757903463,1.633916545478726,0.6000000238374119,0.5383445014009369,445616.7297363281,3608.791716723973,18.079302115169494,32.0,ok
399.0,32.192999999999984,398.98,0.01999999999998181,11.143389838259964,19.663083868104785,1.6825346406917308,0.6000000238374057,0.3494063335275872,445333.4045410156,3621.1660241444943,18.13929586186984,32.10000000000002,ok
399.1,32.293000000000006,399.08,0.020000000000038654,11.135988794897928,19.72262383833763,1.708075067941539,0.6000000238487686,0.18601458721680392,445047.54638671875,3633.5324262407084,18.199294057660836,32.19999999999999,ok
399.201,32.394000000000005,399.18,0.021000000000015007,11.127427992021167,19.782009571050178,1.7181032989807465,0.6000000238444998,-0.049087154428287816,444759.0026855469,3645.8908505333816,18.259293662623712,32.30000000000001,ok
399.302,32.495000000000005,399.28,0.022000000000048203,11.118859100510681,19.841394134703197,1.704227714403251,0.6000000238373893,-0.1413071998373658,444467.8039550781,3658.2412228478306,18.319293265138878,32.39999999999998,ok
399.4,32.59299999999996,399.38,0.01999999999998181,11.110517710871827,19.904407618735238,1.6906163170959503,0.6000000238373845,-0.21806556210702394,443877.01416015625,3670.579345321656,18.382856445919607,32.5,ok
399.5,32.692999999999984,399.48,0.01999999999998181,11.10364246522401,19.964892261150087,1.6715928152818984,0.6000000238373799,-0.13768357193148212,443577.2705078125,3682.9050992753805,18.443730586330542,32.60000000000002,ok
399.6,32.793000000000006,399.58,0.020000000000038654,11.097936746912518,20.024619880482266,1.657353975866121,0.6000000238373756,-0.14944737264604016,444419.5861816406,3695.2383889516186,18.503730117433207,32.69999999999999,ok
399.7,32.89299999999997,399.68,0.01999999999998181,11.093069241876268,20.08442175611032,1.6476320330766105,0.6000000238416349,0.040049540910303494,444118.2556152344,3707.5791923099114,18.56372975854806,32.80000000000001,ok
399.801,32.99399999999997,399.78,0.021000000000015007,11.088292024955836,20.14423111355175,1.6538836058230908,0.6000000238487365,-0.017353865134025367,443813.90380859375,3719.9115834130157,18.623729600540035,32.89999999999998,ok
399.9,33.09299999999996,399.88,0.01999999999998181,11.082906903883865,20.202466073705256,1.6560717758749899,0.6000000238373644,0.031553840472212276,443195.8923339844,3732.231163914999,18.682213017959334,33.0,ok
400.0,33.192999999999984,399.98,0.01999999999998181,11.077274587447041,20.260290637805078,1.6525346028723684,0.6000000238430454,-0.11826158715294363,442882.0495605469,3744.5378019968703,18.740311238257195,33.10000000000002,ok
400.1,33.293000000000006,400.08,0.020000000000038654,11.072635812930633,20.31972566058691,1.6349617949562814,0.6000000238430423,-0.1867443884647961,442564.94140625,3756.8356768714048,18.799927009342465,33.19999999999999,ok
400.2,33.39299999999997,400.18,0.01999999999998181,11.06914124673147,20.379623394034095,1.6236908899061862,0.6000000238373551,0.013077615212302524,442244.5068359375,3769.1246969858826,18.85992659654963,33.30000000000001,ok
400.3,33.492999999999995,400.28,0.020000000000038654,11.065814671695664,20.439530891168115,1.6352503723983867,0.6000000238373523,0.2688973971617149,441920.71533203125,3781.404769515989,18.919926382502013,33.39999999999998,ok
400.4,33.59299999999996,400.38,0.01999999999998181,11.062894715513963,20.50452967348908,1.6650751913246453,0.6000000238430341,0.25884117921400757,441262.6647949219,3793.6712053510882,18.98499071871865,33.5,ok
400.5,33.692999999999984,400.48,0.01999999999998181,11.057202920816353,20.565487411434468,1.6800326969329396,0.6000000238401895,0.007345149286531884,440928.3142089844,3805.9238578372565,19.04621360939116,33.60000000000002,ok
400.6,33.793000000000006,400.58,0.020000000000038654,11.050650476923359,20.62512855219435,1.679704925788781,0.6000000238373451,-0.019374870631185048,440590.3625488281,3818.167172792222,19.106213610992086,33.69999999999999,ok
400.7,33.89299999999997,400.68,0.01999999999998181,11.044217261071275,20.68478260168131,1.6722235882751029,0.600000023837343,-0.2138114880399969,441453.61328125,3830.417783567643,19.166213543378646,33.80000000000001,ok
400.8,33.992999999999995,400.78,0.020000000000038654,11.038750465238618,20.74453122409301,1.6426943346398686,0.6000000238444464,-0.433969389994471,441113.28125,3842.675657102795,19.22621174115801,33.89999999999998,ok
400.9,34.09299999999996,400.88,0.01999999999998181,11.036607735977547,20.786512100467718,1.5932900862929722,0.6000000238373391,-0.4893472138702987,440769.1955566406,3854.9240248362235,19.268247265061905,34.0,ok
401.0,34.192999999999984,400.98,0.01999999999998181,11.036645193330498,20.842015704614635,1.5512683933383793,0.6000000238430216,-0.26977244088287816,440421.3562011719,3867.1627824995294,19.32375088184812,34.10000000000002,ok
401.1,34.293000000000006,401.08,0.020000000000038654,11.038341604648336,20.901990802180627,1.534503484835746,0.6000000238373357,-0.0857854951381631,439714.2333984375,3879.386887910631,19.383749966336214,34.19999999999999,ok
401.2,34.39299999999997,401.18,0.01999999999998181,11.040758001041493,20.96194187000873,1.5255565723816762,0.6000000238487028,-0.03566028250480704,439354.8278808594,3891.5961804284016,19.44374971221283,34.30000000000001,ok
401.3,34.492999999999995,401.28,0.020000000000038654,11.043558410081792,21.021876452006385,1.5218220587755753,0.6000000238373326,-0.03915547773652893,438991.51611328125,3903.7954352060938,19.50374968229638,34.39999999999998,ok
401.4,34.59299999999996,401.38,0.01999999999998181,11.044740354141688,21.093982270360588,1.518655105855969,0.6000000238373313,-0.1108091025731284,438624.267578125,3915.9845433129217,19.575865187094518,34.5,ok
401.5,34.692999999999984,401.48,0.01999999999998181,11.047606033196649,21.156908683175118,1.51054324471631,0.6000000238444355,0.02203053424975225,437877.8076171875,3928.1581832461925,19.638856817857267,34.60000000000002,ok
401.6,34.793000000000006,401.58,0.020000000000038654,11.051043829457,21.216809861304906,1.5229647200251224,0.6000000238486976,0.23064803575667014,436240.0817871094,3940.2987094879145,19.698856564393935,34.69999999999999,ok
401.7,34.89299999999997,401.68,0.01999999999998181,11.053371889775768,21.276763496429254,1.5449938204661375,0.6000000238373278,0.21307411076477692,435851.98974609375,3952.411099370323,19.75885538296123,34.80000000000001,ok
401.801,34.99399999999997,401.78,0.021000000000015007,11.054360795437157,21.336753944678556,1.5693731272775238,0.6000000238373266,0.2564778430015775,435459.89990234375,3964.512653393214,19.818853981407855,34.89999999999998,ok
401.9,35.09299999999996,401.88,0.01999999999998181,11.055195977931204,21.40101074809698,1.600708829297917,0.6000000238444311,0.4825400038630772,434663.51318359375,3976.597700797188,19.883116212269787,35.0,ok
402.0,35.192999999999984,401.98,0.01999999999998181,11.05258284074044,21.461979938174377,1.6511075602244154,0.6000000238430091,0.4852993224177585,434259.1247558594,3988.666070768572,19.944141376134144,35.10000000000002,ok
402.1,35.293000000000006,402.08,0.020000000000038654,11.046731307086507,21.52168986771805,1.689440244878603,0.6000000238444293,0.23034318060722184,435137.02392578125,4000.741017278035,20.004137343767088,35.19999999999999,ok
402.2,35.39299999999997,402.18,0.01999999999998181,11.039202863553811,21.58121509232614,1.7022243425269028,0.6000000238415862,-0.025221858314040488,434728.94287109375,4012.8224890391057,20.06413675898648,35.30000000000001,ok
402.3,35.492999999999995,402.28,0.020000000000038654,11.031506409869792,21.640719217107446,1.6941476396402628,0.6000000238373222,-0.04835802364863767,434316.71142578125,4024.8925675710025,20.12413656119698,35.39999999999998,ok
402.4,35.59299999999996,402.38,0.01999999999998181,11.023191945195595,21.69256564600233,1.6857695884741906,0.6000000238430059,-0.23722928036595034,433900.2990722656,4036.9511371612557,20.17664544151232,35.5,ok
402.5,35.692999999999984,402.48,0.01999999999998181,11.016696146606872,21.750301363417925,1.6522582021546675,0.6000000238430052,-0.49001122571632166,433054.9011230469,4048.9921816084156,20.234745428300606,35.60000000000002,ok
402.601,35.79399999999998,402.58,0.021000000000015007,11.012934885968484,21.810178423214392,1.6095675893533858,0.6000000238444256,-0.30308384599314125,432625.8850097656,4061.0155258602563,20.29474050619421,35.69999999999999,ok
402.7,35.89299999999997,402.68,0.01999999999998181,11.011377780408107,21.87015566316762,1.5769572436060417,0.6000000238373197,-0.34714431213993924,432192.68798828125,4073.0268949296765,20.354737955224422,35.80000000000001,ok
402.8,35.992999999999995,402.78,0.020000000000038654,11.008611286684808,21.920058863636736,1.5478328382207427,0.6000000238387402,-0.365041464045959,431755.2795410156,4085.0261722564683,20.404717780199928,35.89999999999998,ok
402.9,36.09299999999996,402.88,0.01999999999998181,11.010043088296786,21.977379688086504,1.5025174878808927,0.6000000238415818,-0.5642935510982791,431313.6291503906,4097.0132404327405,20.46205648415683,36.0,ok
403.0,36.192999999999984,402.98,0.01999999999998181,11.015364263820842,22.037137511268835,1.4562973440877378,0.600000023837318,-0.3090313900848189,430867.7673339844,4108.987982050582,20.522050753386885,36.10000000000002,ok
403.1,36.293000000000006,403.08,0.020000000000038654,11.022833795497808,22.096669420142018,1.4356243218842346,0.6000000238373175,-0.053579328992879746,430417.6940917969,4120.950280125936,20.582049437352104,36.19999999999999,ok
403.2,36.39299999999997,403.18,0.01999999999998181,11.030988138771763,22.15611271586769,1.4362991639904854,0.6000000238415804,0.1410552652570534,429504.9133300781,4132.893649673465,20.64204942669343,36.30000000000001,ok
403.3,36.492999999999995,403.28,0.020000000000038654,11.03865201228606,22.215620614027387,1.4511723313967024,0.6000000238486854,0.11824380978795745,429042.2058105469,4144.817915217081,20.702048800862066,36.39999999999998,ok
403.4,36.59299999999996,403.38,0.01999999999998181,11.05091329683587,22.2841504664775,1.4622760957153789,0.600000023848685,0.2792162842527346,427226.9287109375,4156.710542085437,20.771666900345213,36.5,ok
403.5,36.692999999999984,403.48,0.01999999999998181,11.058122920167339,22.345835057625614,1.4877615890805063,0.6000000238387371,0.27491730019228056,426752.0751953125,4168.571361584138,20.83377138853803,36.60000000000002,ok
403.6,36.793000000000006,403.58,0.020000000000038654,11.062409013221382,22.40567971084788,1.5170498262364784,0.6000000238373157,0.2975920988894077,425790.0695800781,4180.412224706014,20.893769331110764,36.69999999999999,ok
403.7,36.89299999999997,403.68,0.01999999999998181,11.064971073156947,22.465623253712767,1.5439010258327241,0.6000000238373153,0.23020469546610353,425302.8564453125,4192.232959789702,20.95376760177174,36.80000000000001,ok
403.8,36.992999999999995,403.78,0.020000000000038654,11.066154623044001,22.525610993006378,1.557526021870592,0.600000023837315,0.1168815626653451,424811.5234375,4204.040103954738,21.01376701556799,36.89999999999998,ok
403.9,37.09299999999996,403.88,0.01999999999998181,11.066244447653478,22.580472680249883,1.5714162369521016,0.6000000238373148,0.12734625353336912,424316.10107421875,4215.83354318407,21.06862877634601,37.0,ok
404.0,37.192999999999984,403.98,0.01999999999998181,11.06580049769819,22.639186213086976,1.583539274484877,0.6000000238373144,0.10685083392261109,423816.5283203125,4227.6131630367745,21.127343987575937,37.10000000000002,ok
404.1,37.293000000000006,404.08,0.020000000000038654,11.064790048587524,22.699177473033156,1.5915316385599374,0.6000000238373142,-0.03654933253674069,423312.8356933594,4239.378848648072,21.187343756553286,37.19999999999999,ok
404.2,37.39299999999997,404.18,0.01999999999998181,11.063605151933803,22.75916576344065,1.5923098928228805,0.6000000238387351,0.1391387627897566,422293.212890625,4251.12337710063,21.2473437479374,37.30000000000001,ok
404.3,37.492999999999995,404.28,0.020000000000038654,11.061929995352658,22.81914174122616,1.606343318569638,0.6000000238444192,0.021737928786240188,421777.3132324219,4262.846578852335,21.307343115108228,37.39999999999998,ok
404.4,37.59299999999996,404.38,0.01999999999998181,11.05627720663786,22.889323369354212,1.60986866437728,0.6000000238373135,-0.028037859591965975,421257.26318359375,4274.555392413671,21.37775202751964,37.5,ok
404.5,37.692999999999984,404.48,0.01999999999998181,11.053062406226948,22.951722530366457,1.6023005258376632,0.6000000238373133,-0.12596261342142587,420205.1086425781,4286.2423698001485,21.440233946798053,37.60000000000002,ok
404.6,37.793000000000006,404.58,0.020000000000038654,11.051415008213068,23.01169972208459,1.5941177705564649,0.6000000238387343,-0.07931549408288927,419672.91259765625,4297.90734231737,21.50023375885284,37.69999999999999,ok
404.7,37.89299999999997,404.68,0.01999999999998181,11.050329127894084,23.071689290578526,1.576810306689114,0.600000023837313,-0.18945729446371476,419136.6882324219,4309.557475662235,21.560233154384427,37.80000000000001,ok
404.8,37.992999999999995,404.78,0.020000000000038654,11.050300694478493,23.13168895785402,1.567543876395677,0.600000023840155,-0.06203135304900018,418596.435546875,4321.192657936944,21.620232828397118,37.89999999999998,ok
404.9,38.09299999999996,404.88,0.01999999999998181,11.052111141655738,23.18949448729711,1.548907624719301,0.6000000238373128,-0.26952487363114286,418052.1545410156,4332.812777243723,21.67806670214925,38.0,ok
405.0,38.192999999999984,404.98,0.01999999999998181,11.054425976062742,23.248893654687315,1.5234339188456723,0.6000000238429969,-0.1416607010132538,417503.90625,4344.417722532489,21.73751095792709,38.10000000000002,ok
405.1,38.293000000000006,405.08,0.020000000000038654,11.057498907235807,23.308814759628184,1.5149689174152057,0.6000000238373124,-0.15181120263239328,416395.263671875,4355.999655448067,21.797510805621304,38.19999999999999,ok
405.2,38.39299999999997,405.18,0.01999999999998181,11.06126386253781,23.368695758497893,1.4978280804338024,0.600000023848681,-0.16023590791247527,415834.9304199219,4367.558408143789,21.857510046567004,38.30000000000001,ok
405.3,38.492999999999995,405.28,0.020000000000038654,11.065987241465365,23.428509109135224,1.4867118239289416,0.6000000238415755,0.023994316157169945,415270.6604003906,4379.1015413496225,21.917509606756706,38.39999999999998,ok
405.4,38.59299999999996,405.38,0.01999999999998181,11.07103721996435,23.461633054183697,1.4970480909230988,0.6000000238415754,0.24404536069967842,414702.3620605469,4390.628944439361,21.951016292931474,38.5,ok
405.5,38.692999999999984,405.48,0.01999999999998181,11.074823774191485,23.521511676237576,1.5242292154219865,0.600000023837312,0.2785571267469356,414130.1574707031,4402.140507210631,22.011014521005198,38.60000000000002,ok
405.6,38.793000000000006,405.58,0.020000000000038654,11.07688180114259,23.58147383640737,1.5591520299911596,0.6000000238373119,0.4551775072172016,413553.9245605469,4413.636119461061,22.071011988678087,38.69999999999999,ok
405.7,38.89299999999997,405.68,0.01999999999998181,11.076598231084525,23.641469528111795,1.5969009273386916,0.6000000238387329,0.27089980249572904,412973.7243652344,4425.115670140588,22.131008350526706,38.80000000000001,ok
405.8,38.992999999999995,405.78,0.020000000000038654,11.074489964029926,23.701431445605298,1.6166621539907808,0.6000000238373118,0.10104345069203452,411801.4831542969,4436.570881356133,22.191007320013448,38.89999999999998,ok
405.9,39.09299999999996,405.88,0.01999999999998181,11.072318149332576,23.762399983230953,1.6168537729850865,0.6000000238373117,-0.030957012399153983,411209.4421386719,4448.001588651871,22.25201452745069,39.0,ok
406.0,39.192999999999984,405.98,0.01999999999998181,11.069819605879193,23.822595135573106,1.61264018406308,0.6000000238373115,-0.12295105839766253,410613.4948730469,4459.41579611037,22.31226151148212,39.10000000000002,ok
406.1,39.293000000000006,406.08,0.020000000000038654,11.06771918807772,23.882557454874345,1.593567954967777,0.6000000238387326,-0.13819183743541086,410013.5498046875,4470.813393953113,22.37226060723301,39.19999999999999,ok
406.2,39.39299999999997,406.18,0.01999999999998181,11.066638052129681,23.94254743236656,1.584973751130466,0.6000000238401536,0.04505848860266558,409409.6984863281,4482.194272401602,22.432260326019474,39.30000000000001,ok
406.3,39.492999999999995,406.28,0.020000000000038654,11.063983376866512,24.013398395669604,1.59422208966484,0.6000000238415746,-0.041731146678866356,408190.24658203125,4493.549827194214,22.503161005153896,39.39999999999998,ok
406.4,39.59299999999996,406.38,0.01999999999998181,11.062182131827273,24.076068019669588,1.5960863685842017,0.6000000238458378,0.15295891421006313,407574.64599609375,4504.879895146691,22.565856509426457,39.5,ok
406.5,39.692999999999984,406.48,0.01999999999998181,11.060175971499644,24.136033188939738,1.6203537764432028,0.6000000238373112,0.24493837325016626,406955.078125,4516.192807981708,22.625855227786584,39.60000000000002,ok
406.6,39.793000000000006,406.58,0.020000000000038654,11.056725412313861,24.19593310253225,1.637512628808639,0.6000000238373112,0.10802933103229694,406331.6650390625,4527.488457192316,22.685854444507182,39.69999999999999,ok
406.7,39.89299999999997,406.68,0.01999999999998181,11.052473022907582,24.255781970751748,1.6472194262787034,0.6000000238373112,0.08036825752137784,405073.0285644531,4538.7579668257,22.7458541931968,39.80000000000001,ok
406.8,39.992999999999995,406.78,0.020000000000038654,11.047725140612517,24.31559373033383,1.6511072543524339,0.6000000238429954,-0.09046660363886333,405892.6086425781,4550.021378453572,22.805854101285,39.89999999999998,ok
406.902,40.09499999999997,406.88,0.02199999999999136,11.044977637337205,24.38679108979174,1.638530156370934,0.6000000238472587,-0.0009982555259215528,405255.0354003906,4561.287317954171,22.877104454042207,40.0,ok
407.0,40.192999999999984,406.98,0.01999999999998181,11.0413285053458,24.449464432023035,1.6448778588455037,0.600000023837311,0.2163066366351157,404613.525390625,4572.535492409605,22.9398839410641,40.10000000000002,ok
407.101,40.29399999999998,407.08,0.021000000000015007,11.036399972328073,24.50926077132532,1.6630032599770928,0.6000000238387321,0.1802380354666362,403318.6950683594,4583.756773249309,22.99988304632127,40.19999999999999,ok
407.2,40.39299999999997,407.18,0.01999999999998181,11.03042864382397,24.568962030123394,1.6819236789310084,0.6000000238387321,0.16048493792900512,402665.34423828125,4594.950996017459,23.059882188533294,40.30000000000001,ok
407.3,40.492999999999995,407.28,0.020000000000038654,11.023513795593585,24.628562049100744,1.6877576491623338,0.600000023837311,-0.09468646819395474,402008.0871582031,4606.127015897962,23.11988200010091,40.39999999999998,ok
407.4,40.59299999999996,407.38,0.01999999999998181,11.014952042762834,24.69459251349448,1.670841126566479,0.600000023840153,-0.35044133286381274,401346.8933105469,4617.2847239600305,23.186465225012203,40.5,ok
407.5,40.692999999999984,407.48,0.01999999999998181,11.009331790815502,24.7559392765835,1.6333691938097572,0.6000000238373109,-0.3763215009288155,400012.6037597656,4628.4147169748985,23.248068898388485,40.60000000000002,ok
407.6,40.793000000000006,407.58,0.020000000000038654,11.006475449732122,24.815867944546262,1.5978599764023271,0.6000000238373109,-0.24608312201160562,399339.5690917969,4639.516830486722,23.30806559769916,40.69999999999999,ok
407.7,40.89299999999997,407.68,0.01999999999998181,11.005319753595359,24.875856104309996,1.5834608257814944,0.6000000238373108,0.009275842845157103,398662.6281738281,4650.600194337636,23.368064888906638,40.80000000000001,ok
407.8,40.992999999999995,407.78,0.020000000000038654,11.00448758156953,24.93585030775259,1.585332218890129,0.6000000238486795,-0.014753874226219264,397981.7199707031,4661.664699172973,23.428064863548233,40.89999999999998,ok
407.9,41.09299999999996,407.88,0.01999999999998181,11.003603439062807,25.00970181339033,1.588291306093037,0.6000000238486795,0.08949096856821981,396608.09326171875,4672.700668801203,23.50192166142719,41.0,ok
408.0,41.192999999999984,407.98,0.01999999999998181,11.00236407650534,25.069688890498803,1.593109986755637,0.6000000238373108,-0.08179385173503871,395915.3747558594,4683.707939190339,23.561921540090125,41.10000000000002,ok
408.1,41.293000000000006,408.08,0.020000000000038654,11.001249318610018,25.129678309389465,1.5833969347577588,0.6000000238373108,-0.10116567929038701,395218.75,4694.695913145278,23.621921315623077,41.19999999999999,ok
408.2,41.39299999999997,408.18,0.01999999999998181,11.00082158190935,25.189676178294462,1.5653129468935756,0.600000023842995,-0.25603251152684436,394518.1884765625,4705.664481735233,23.681920709218563,41.30000000000001,ok
408.3,41.492999999999995,408.28,0.020000000000038654,11.001641484411095,25.249669788421297,1.5499804378852282,0.6000000238401528,-4.916927802526422e-05,393813.65966796875,4716.613535181681,23.74191992168142,41.39999999999998,ok
408.4,41.59299999999996,408.38,0.01999999999998181,11.005254304256074,25.28493377194793,1.5479964568995652,0.6000000238373107,0.03763230598133102,393105.224609375,4727.54296412998,23.777368490078448,41.5,ok
408.5,41.692999999999984,408.48,0.01999999999998181,11.007158038098073,25.33868980467662,1.551257885911909,0.6000000238373107,0.047420648865152557,392392.822265625,4738.452659225469,23.831158221972824,41.60000000000002,ok
408.6,41.793000000000006,408.58,0.020000000000038654,11.00821277114195,25.3986804744698,1.556821550994367,0.6000000238373107,0.07340890677804345,391676.513671875,4749.342511113486,23.891158163006363,41.69999999999999,ok
408.7,41.89299999999997,408.68,0.01999999999998181,11.008875201436888,25.458676691090975,1.564146871153118,0.6000000238373107,0.07329529149999327,390232.0861816406,4760.20235277812,23.95115803652915,41.80000000000001,ok
408.8,41.992999999999995,408.78,0.020000000000038654,11.009112138879237,25.51867612763087,1.5703280408610099,0.6000000238486793,0.05431078855355717,389503.9978027344,4771.032020611233,24.011157940899544,41.89999999999998,ok
408.901,42.093999999999994,408.88,0.021000000000015007,11.007224377187331,25.572735334084292,1.5806669410138516,0.6000000238486793,0.08953594699833271,388771.9421386719,4781.841408665977,24.065250097877975,42.0,ok
409.0,42.192999999999984,408.98,0.01999999999998181,11.005949098077213,25.631213125252703,1.5860322831370108,0.6000000238415739,-0.08435381978729951,388035.94970703125,4792.630407163836,24.12374179298715,42.10000000000002,ok
409.1,42.293000000000006,409.08,0.020000000000038654,11.005187932608626,25.691208231280125,1.5836880876590385,0.6000000238373105,0.06609142389582806,387296.0510253906,4803.398907174005,24.183741727321383,42.19999999999999,ok
409.2,42.39299999999997,409.18,0.01999999999998181,11.004212791714494,25.75120009402079,1.5934610401730018,0.6000000238373105,0.08932512803521112,385804.4738769531,4814.136414464318,24.243741514778158,42.30000000000001,ok
409.301,42.49399999999997,409.28,0.021000000000015007,11.002760817507259,25.811182499333267,1.592202778063161,0.6000000238373105,-0.12493168564735486,385052.7648925781,4824.84276500278,24.303741491246228,42.39999999999998,ok
409.4,42.59299999999996,409.38,0.01999999999998181,11.00160443157499,25.876799844952146,1.5870783571539606,0.6000000238486792,-0.023320708972689376,384297.1496582031,4835.5281804826545,24.369369025669606,42.5,ok
409.5,42.692999999999984,409.48,0.01999999999998181,11.000669163172654,25.93819963995436,1.5851489188985606,0.6000000238387316,0.04838522736036048,383537.59765625,4846.192551973136,24.43077594346637,42.60000000000002,ok
409.6,42.793000000000006,409.58,0.020000000000038654,10.999570586614958,25.998189191700522,1.5988142661544231,0.6000000238429949,0.1349813010929427,384250.244140625,4856.856271998089,24.490775553374757,42.69999999999999,ok
409.7,42.89299999999997,409.68,0.01999999999998181,10.997688259250149,26.05815955652788,1.6028211421678777,0.6000000238373105,-0.032706181162941036,382711.3037109375,4867.508515718252,24.55077545182329,42.80000000000001,ok
409.8,42.992999999999995,409.78,0.020000000000038654,10.995852969457259,26.118131446566274,1.5973696942574793,0.600000023844416,-0.1634916780678878,381935.9130859375,4878.128615951538,24.61077541751829,42.89999999999998,ok
409.9,43.09299999999996,409.88,0.01999999999998181,10.99700940556952,26.185243435619814,1.571844873365153,0.6000000238415738,-0.15239973296209103,381156.5246582031,4888.7271220313205,24.67789736936122,43.0,ok
410.0,43.192999999999984,409.98,0.01999999999998181,10.997312419152367,26.245242089109258,1.5557819039252718,0.6000000238486792,-0.17480134285890023,380373.1994628906,4899.303923755227,24.73789678800655,43.10000000000002,ok
410.1,43.293000000000006,410.08,0.020000000000038654,10.998609224296695,26.305227480802717,1.5422957857830146,0.6000000238373105,-0.006110436120624972,378794.6472167969,4909.847921625774,24.79789619567196,43.19999999999999,ok
410.2,43.39299999999997,410.18,0.01999999999998181,11.000212062567027,26.365205932834947,1.5507086173583142,0.6000000238387316,0.12753232658433863,376525.6042480469,4920.338480673899,24.857896060661,43.30000000000001,ok
410.3,43.492999999999995,410.28,0.020000000000038654,10.999637905058137,26.42528175520413,1.5569041967784196,0.6000000238387316,-0.05607799970881147,377200.3479003906,4930.8068966759565,24.917974626640714,43.39999999999998,ok
410.4,43.59299999999996,410.38,0.01999999999998181,11.000209601914666,26.485262304719697,1.5487924341659345,0.6000000238429949,-0.07050715457158256,374924.4079589844,4941.253073840672,24.97795790062176,43.5,ok
410.5,43.692999999999984,410.48,0.01999999999998181,11.001581587486822,26.545246601689225,1.5500702855169248,0.6000000238415738,0.03329865121023018,374117.98095703125,4951.656440353397,25.037957885849583,43.60000000000002,ok
410.6,43.793000000000006,410.58,0.020000000000038654,11.00275027523844,26.60523519881183,1.5524978866198202,0.6000000238429949,-0.05202341231900975,372493.4997558594,4962.026044252183,25.097957865981236,43.69999999999999,ok
410.7,43.89299999999997,410.68,0.01999999999998181,11.00401990010809,26.665221619413007,1.545042966279645,0.6000000238429948,-0.015568961517195619,371675.4455566406,4972.361724048193,25.15795772101315,43.80000000000001,ok
410.801,43.99399999999997,410.78,0.021000000000015007,11.005585604941793,26.7252011886328,1.5446614870821815,0.6000000238373105,0.01931024532886711,370853.5461425781,4982.674626710678,25.217957722308302,43.89999999999998,ok
410.9,44.09299999999996,410.88,0.01999999999998181,11.008000359421501,26.776484141143413,1.5450276754648877,0.6000000238373104,0.01468536263112986,370027.7099609375,4992.964644156563,25.269297494974367,44.0,ok
411.0,44.192999999999984,410.98,0.01999999999998181,11.009757354896719,26.8342818166449,1.5449455589825003,0.6000000238373104,-0.021431860581976252,369198.0895996094,5003.231669150462,25.327121869821614,44.10000000000002,ok
411.1,44.293000000000006,411.08,0.020000000000038654,11.011341420334382,26.894260901950588,1.5442977897019134,0.6000000238373104,0.0034549578002839674,368364.5935058594,5013.4755953047015,25.387121869300096,44.19999999999999,ok
411.2,44.39299999999997,411.18,0.01999999999998181,11.012857134884053,26.954241704386433,1.549111198115533,0.6000000238486791,0.06928780044803523,366686.1267089844,5023.684633085466,25.447121819728775,44.30000000000001,ok
411.3,44.492999999999995,411.28,0.020000000000038654,11.013548819255101,27.019468192951226,1.5592897460708195,0.6000000238373104,0.10126366149137712,365841.1560058594,5033.858623123168,25.512351975621293,44.39999999999998,ok
411.4,44.59299999999996,411.38,0.01999999999998181,11.013917813191688,27.08077327427124,1.567710809722051,0.600000023845837,0.0854144817532328,364992.3400878906,5044.009088346695,25.573658167414447,44.5,ok
411.5,44.692999999999984,411.48,0.01999999999998181,11.013898132329874,27.140773098676558,1.5762438606910443,0.6000000238373105,0.07992290305458863,364139.7399902344,5054.135922792227,25.633657995047574,44.60000000000002,ok
411.601,44.79399999999998,411.58,0.021000000000015007,11.01337950853885,27.200770706357613,1.584234390103168,0.6000000238373104,0.06864957660530525,362423.1262207031,5064.22707371182,25.693657844198103,44.69999999999999,ok
411.7,44.89299999999997,411.68,0.01999999999998181,11.01240905947404,27.26076274792437,1.5907150426176806,0.6000000238486791,0.05069839225047138,361559.1735839844,5074.282383431331,25.753657734387463,44.80000000000001,ok
411.8,44.992999999999995,411.78,0.020000000000038654,11.011092327824306,27.32074823869006,1.5954502006504347,0.6000000238486791,0.033854062735189726,360691.40625,5084.313641484578,25.813657675092752,44.89999999999998,ok
411.9,45.09299999999996,411.88,0.01999999999998181,11.00946181869794,27.38370353455674,1.5986952646514208,0.6000000238373104,0.025947050381443706,359819.9157714844,5094.320743179323,25.87663408208515,45.0,ok
412.0,45.192999999999984,411.98,0.01999999999998181,11.007704857385914,27.44442220157227,1.6018579068915062,0.6000000238486791,0.03974910627263042,358944.6716308594,5104.303584671024,25.93737816358446,45.10000000000002,ok
412.101,45.29399999999998,412.08,0.021000000000015007,11.005749502276647,27.504390301028415,1.6051930337024203,0.6000000238373104,0.02361485483053873,357182.9833984375,5114.249802101983,25.997378133300998,45.19999999999999,ok
412.2,45.39299999999997,412.18,0.01999999999998181,11.003684274614054,27.56359560570823,1.6041995332478787,0.588894247736469,-0.0448174748952026,356296.5393066406,5124.159239917333,26.056619447158205,45.30000000000001,ok
412.3,45.492999999999995,412.28,0.020000000000038654,11.000416129612784,27.616767765327847,1.6015492778216627,0.5865426656529978,-0.055161845734232315,355406.43310546875,5134.044003423053,26.10989194785381,45.39999999999998,ok
412.4,45.59299999999996,412.38,0.01999999999998181,10.998388896580304,27.671882783690837,1.5969152823846942,0.5453958498356044,-0.05232576051636043,355958.251953125,5143.924068493314,26.165044236318757,45.5,ok
412.5,45.692999999999984,412.48,0.01999999999998181,10.997151517492371,27.722455289864566,1.5924800950158604,0.49075105532251395,-0.04316426961815413,355059.02099609375,5153.799308395389,26.21563187796866,45.60000000000002,ok
412.6,45.793000000000006,412.58,0.020000000000038654,10.996236024035868,27.76805133408899,1.5881193552545445,0.4448397422598627,-0.04471205800726484,354156.1279296875,5163.649518797132,26.261237112067224,45.69999999999999,ok
412.7,45.89299999999997,412.68,0.01999999999998181,10.995587466062934,27.80866945160002,1.5847262461300229,0.3820097612266991,-0.01280572329689205,353249.5422363281,5173.474597549441,26.301860407078635,45.80000000000001,ok
412.8,45.992999999999995,412.78,0.020000000000038654,10.995152540063918,27.841063907567854,1.5833233737551122,0.30692733694803875,-0.00037202395436630904,353249.5422363281,5183.28708483378,26.334257782559938,45.89999999999998,ok
412.9,46.09299999999996,412.88,0.01999999999998181,10.9948706065815,27.865418515110868,1.5832833442949836,0.25753383274464636,0.00011508727705868978,352339.29443359375,5193.086929787531,26.35861402190559,46.0,ok
413.0,46.192999999999984,412.98,0.01999999999998181,10.99468899577733,27.8805016688762,1.58327296129138,0.05753389028450146,7.269926086905256e-06,352339.29443359375,5202.874132410689,26.37369826898633,46.10000000000002,ok
413.1,46.293000000000006,413.08,0.020000000000038654,10.99467760312079,27.881427678819566,1.5832780486716118,-1.2261839469132618e-08,-0.0002246420279315187,352339.29443359375,5212.66133503384,26.374624349008702,46.19999999999999,ok
413.2,46.39299999999997,413.18,0.01999999999998181,10.994677441758093,27.881427611846526,1.5832695837367579,-1.1510352247723343e-08,-0.00022497355842240882,352339.29443359375,5222.448537656998,26.374624523717912,46.30000000000001,ok
413.3,46.492999999999995,413.28,0.020000000000038654,10.994677298906737,27.881427552822355,1.583266192448992,-1.0804921171322923e-08,0.0001589086561373274,352339.29443359375,5232.23574028015,26.374624678282988,46.39999999999998,ok
413.4,46.59299999999996,413.38,0.01999999999998181,10.995452528196283,27.888029751335043,1.5804725242523467,-1.0142723610648274e-08,0.00029083984263548416,352339.29443359375,5242.022942903308,26.381272234649977,46.5,ok
413.5,46.692999999999984,413.48,0.01999999999998181,10.99563311830654,27.889646113307986,1.5797930014855412,-9.52110992911287e-09,0.0002560221745038159,352339.29443359375,5251.810145526466,26.382898653665944,46.60000000000002,ok
413.6,46.793000000000006,413.58,0.020000000000038654,10.995633022869425,27.889646073284613,1.5797782355227379,-8.937592874992684e-09,2.1912119099151212e-05,352339.29443359375,5261.597348149618,26.38289875715562,46.69999999999999,ok
413.7,46.89299999999997,413.68,0.01999999999998181,10.995632936029468,27.88964603799172,1.579780073899895,-8.38983763452178e-09,1.8630802880556475e-05,352339.29443359375,5271.384550772776,26.382898850893373,46.80000000000001,ok
413.8,46.992999999999995,413.78,0.020000000000038654,10.995632860245307,27.88964600689854,1.5797854710076469,-7.87565248433486e-09,-0.0001640908262443373,352339.29443359375,5281.171753395927,26.382898932808114,46.89999999999998,ok
413.9,47.09299999999996,413.88,0.01999999999998181,10.995612655710833,27.889658507904706,1.579795578429594,-7.392980025909546e-09,0.0001280567255181693,352339.29443359375,5290.958956019085,26.382922691982518,47.0,ok
414.0,47.192999999999984,413.98,0.01999999999998181,10.995607564428866,27.88966161588014,1.5797839081410336,-6.93988895213507e-09,5.686763298359381e-05,352339.29443359375,5300.746158642243,26.38292865693544,47.10000000000002,ok
414.1,47.293000000000006,414.08,0.020000000000038654,10.995607513622486,27.889661594614132,1.5797870975904302,-6.51456631781816e-09,5.923390963851784e-05,352339.29443359375,5310.533361265395,26.382928712012944,47.19999999999999,ok
414.2,47.39299999999997,414.18,0.01999999999998181,10.995607468485256,27.889661575871347,1.5797820029172367,-6.1153102885389e-09,0.00024360152553120815,352339.29443359375,5320.320563888553,26.38292876088688,47.30000000000001,ok
414.3,47.492999999999995,414.28,0.020000000000038654,10.995607428612193,27.88966155935441,1.579792265731644,-5.740523329259006e-09,-7.823904905668636e-05,352339.29443359375,5330.1077665117045,26.382928804045545,47.39999999999998,ok
414.4,47.59299999999996,414.38,0.01999999999998181,10.995607394458947,27.88966154480858,1.579796348670621,-5.388705811432137e-09,-9.105214571652238e-05,352339.29443359375,5339.894969134863,26.38292884116731,47.5,ok
414.5,47.692999999999984,414.48,0.01999999999998181,10.99560736462851,27.889661531993227,1.5797960703221376,-5.058450015631155e-09,0.00022643074253110159,352339.29443359375,5349.682171758021,26.382928873634036,47.60000000000002,ok
414.6,47.793000000000006,414.58,0.020000000000038654,10.995607338454098,27.88966152070139,1.5797938724416873,-4.748434494997872e-09,-0.0003411883926785858,352339.29443359375,5359.469374381172,26.38292890214027,47.69999999999999,ok
414.7,47.89299999999997,414.68,0.01999999999998181,10.995607314216524,27.889661510740478,1.5797850319610152,-4.4574187912753416e-09,0.0002126036887796978,352339.29443359375,5369.25657700433,26.382928928344846,47.80000000000001,ok
414.8,47.992999999999995,414.78,0.020000000000038654,10.99560729356559,27.889661501969282,1.579801723081483,-4.18423846872823e-09,3.5295539599712006e-05,352339.29443359375,5379.043779627482,26.382928950781313,47.89999999999998,ok
414.9,48.09299999999996,414.88,0.01999999999998181,10.995607275609752,27.889661494242276,1.5797902885547026,-3.927800456843961e-09,0.00014203654733862216,352339.29443359375,5388.83098225064,26.38292897032917,48.0,ok
415.0,48.192999999999984,414.98,0.01999999999998181,10.99560725972008,27.889661487432612,1.579802502696187,-3.6870786744927497e-09,-0.0002761599804511119,352339.29443359375,5398.618184873798,26.38292898761654,48.10000000000002,ok
415.1,48.293000000000006,415.08,0.020000000000038654,10.995607246669698,27.889661481440484,1.579807401458235,-3.461109927089742e-09,-8.813600656570929e-05,352339.29443359375,5408.4053874969495,26.382929001976837,48.19999999999999,ok
415.2,48.39299999999997,415.18,0.01999999999998181,10.995607235504732,27.889661476163212,1.5798091436666248,-3.2489900500878854e-09,-3.198896234070977e-05,352339.29443359375,5418.1925901201075,26.382929014326173,48.30000000000001,ok
415.3,48.492999999999995,415.28,0.020000000000038654,10.995607225475242,27.889661471511126,1.5797979186962399,-3.0498702925131627e-09,-3.470014535759226e-06,352339.29443359375,5427.979792743259,26.382929025382058,48.39999999999998,ok
415.401,48.593999999999994,415.38,0.021000000000015007,10.99560721598843,27.889661467405833,1.5797933455455346,-2.8629539201591864e-09,-0.0001223055120856337,352339.29443359375,5437.766995366417,26.38292903571903,48.5,ok
415.515,48.70799999999997,415.48,0.03499999999996817,10.995607207044463,27.889661463782947,1.5797921018251395,-2.6537129516404634e-09,-0.00032753479519398264,352339.29443359375,5447.554197989575,26.382929045368893,48.60000000000002,ok
415.6,48.793000000000006,415.58,0.020000000000038654,10.995607199222038,27.88966146059095,1.5797890386039146,-2.522785549690862e-09,9.610734586438865e-05,352339.29443359375,5457.341400612727,26.382929053817513,48.69999999999999,ok
415.701,48.894000000000005,415.68,0.021000000000015007,10.995607192706245,27.88966145778152,1.5798070789063756,-2.368172442434452e-09,0.0002630660969258103,352339.29443359375,5467.128603235885,26.382929060913177,48.80000000000001,ok
415.8,48.992999999999995,415.78,0.020000000000038654,10.995607187653485,27.889661455312005,1.5798080208101344,-2.223035056383993e-09,-4.2645634134479196e-05,352339.29443359375,5476.9158058590365,26.382929066537134,48.89999999999998,ok
415.82,49.01299999999998,415.8,0.01999999999998181,10.995607186713166,27.889661454854444,1.5798071684925,-2.195092920365821e-09,0.0002549079844412658,352339.29443359375,5478.873246383671,26.382929067582868,48.920000000000016,ok
